2026-07-20 10:17:27,734 - INFO - ✅ Supabase: https://uxriscdyynjmhazmrvhr.supabase.co
2026-07-20 10:17:27,735 - INFO - 📋 Table: results_ao | 📦 Bucket: pdf_ao
2026-07-20 10:17:27,735 - INFO - 📅 Filtre date min: 01/01/2025
2026-07-20 10:17:28,757 - INFO - 📊 338 références en base
2026-07-20 10:17:28,757 - INFO - ============================================================
2026-07-20 10:17:28,758 - INFO - 🚀 Scraping AO | Filtre: >= 01/01/2025
2026-07-20 10:17:28,758 - INFO - ============================================================
2026-07-20 10:17:39,817 - INFO - 🌐 Navigation...
2026-07-20 10:17:52,398 - INFO - 🔍 Lancement recherche (sans filtre formulaire)...
2026-07-20 10:18:10,135 - INFO - ✅ Résultats chargés
2026-07-20 10:18:10,190 - INFO - 📊 Pages: 13334
2026-07-20 10:18:10,190 - INFO - 
📄 Scan de 13334 pages...

2026-07-20 10:18:10,191 - INFO - 
==================================================
2026-07-20 10:18:10,191 - INFO - 📄 PAGE 1/13334
2026-07-20 10:18:10,192 - INFO - ==================================================
2026-07-20 10:18:22,344 - INFO -   [1] 📥 09/BP/2026 | 20/07/2026 | TRAVAUX DE CONSTRUCTION DES PISTES ET ROUTES DANS LE TERRITO...
2026-07-20 10:19:29,733 - INFO -   [2] ❌ AO033/2022/ANCFCC/DOSI | 20/07/2026 | les services d’installation et de mise en service des liens ...
2026-07-20 10:19:42,541 - INFO -   [3] 📥 15/2026/DRAFM | 20/07/2026 | TRAVAUX DE RENOVATION DE L’ETANCHEITE D’UN LOGEMENT ADMINIST...
2026-07-20 10:19:42,556 - INFO -   ✅ +3 | ⏭️ 0 hors dates | Total: 3
2026-07-20 10:19:56,783 - INFO - 
==================================================
2026-07-20 10:19:56,784 - INFO - 📄 PAGE 2/13334
2026-07-20 10:19:56,784 - INFO - ==================================================
2026-07-20 10:19:57,135 - INFO -   ✅ +0 | ⏭️ 0 hors dates | Total: 3
2026-07-20 10:20:09,555 - INFO - 
==================================================
2026-07-20 10:20:09,556 - INFO - 📄 PAGE 3/13334
2026-07-20 10:20:09,556 - INFO - ==================================================
2026-07-20 10:20:09,881 - INFO -   ✅ +0 | ⏭️ 0 hors dates | Total: 3
2026-07-20 10:20:25,079 - INFO - 
==================================================
2026-07-20 10:20:25,079 - INFO - 📄 PAGE 4/13334
2026-07-20 10:20:25,079 - INFO - ==================================================
2026-07-20 10:20:25,442 - INFO -   ✅ +0 | ⏭️ 0 hors dates | Total: 3
2026-07-20 10:20:37,644 - INFO - 
==================================================
2026-07-20 10:20:37,644 - INFO - 📄 PAGE 5/13334
2026-07-20 10:20:37,645 - INFO - ==================================================
2026-07-20 10:20:38,070 - INFO -   ✅ +0 | ⏭️ 0 hors dates | Total: 3
2026-07-20 10:20:50,535 - INFO - 
==================================================
2026-07-20 10:20:50,536 - INFO - 📄 PAGE 6/13334
2026-07-20 10:20:50,537 - INFO - ==================================================
2026-07-20 10:20:50,919 - INFO -   ✅ +0 | ⏭️ 0 hors dates | Total: 3
2026-07-20 10:21:03,212 - INFO - 
==================================================
2026-07-20 10:21:03,213 - INFO - 📄 PAGE 7/13334
2026-07-20 10:21:03,214 - INFO - ==================================================
2026-07-20 10:21:03,619 - INFO -   ✅ +0 | ⏭️ 0 hors dates | Total: 3
2026-07-20 10:21:17,036 - INFO - 
==================================================
2026-07-20 10:21:17,037 - INFO - 📄 PAGE 8/13334
2026-07-20 10:21:17,037 - INFO - ==================================================
2026-07-20 10:21:17,479 - INFO -   ✅ +0 | ⏭️ 0 hors dates | Total: 3
2026-07-20 10:21:29,971 - INFO - 
==================================================
2026-07-20 10:21:29,971 - INFO - 📄 PAGE 9/13334
2026-07-20 10:21:29,971 - INFO - ==================================================
2026-07-20 10:21:30,311 - INFO -   ✅ +0 | ⏭️ 0 hors dates | Total: 3
2026-07-20 10:21:43,891 - INFO - 
==================================================
2026-07-20 10:21:43,892 - INFO - 📄 PAGE 10/13334
2026-07-20 10:21:43,892 - INFO - ==================================================
2026-07-20 10:21:44,235 - INFO -   ✅ +0 | ⏭️ 0 hors dates | Total: 3
2026-07-20 10:21:57,852 - INFO - 
==================================================
2026-07-20 10:21:57,853 - INFO - 📄 PAGE 11/13334
2026-07-20 10:21:57,853 - INFO - ==================================================
2026-07-20 10:21:58,188 - INFO -   ✅ +0 | ⏭️ 0 hors dates | Total: 3
2026-07-20 10:22:10,657 - INFO - 
==================================================
2026-07-20 10:22:10,657 - INFO - 📄 PAGE 12/13334
2026-07-20 10:22:10,658 - INFO - ==================================================
2026-07-20 10:22:11,000 - INFO -   ✅ +0 | ⏭️ 0 hors dates | Total: 3
2026-07-20 10:22:23,569 - INFO - 
==================================================
2026-07-20 10:22:23,569 - INFO - 📄 PAGE 13/13334
2026-07-20 10:22:23,569 - INFO - ==================================================
2026-07-20 10:22:23,971 - INFO -   ✅ +0 | ⏭️ 0 hors dates | Total: 3
2026-07-20 10:22:36,949 - INFO - 
==================================================
2026-07-20 10:22:36,950 - INFO - 📄 PAGE 14/13334
2026-07-20 10:22:36,951 - INFO - ==================================================
2026-07-20 10:22:37,282 - INFO -   ✅ +0 | ⏭️ 0 hors dates | Total: 3
2026-07-20 10:22:50,852 - INFO - 
==================================================
2026-07-20 10:22:50,853 - INFO - 📄 PAGE 15/13334
2026-07-20 10:22:50,853 - INFO - ==================================================
2026-07-20 10:22:51,195 - INFO -   ✅ +0 | ⏭️ 0 hors dates | Total: 3
2026-07-20 10:23:04,170 - INFO - 
==================================================
2026-07-20 10:23:04,170 - INFO - 📄 PAGE 16/13334
2026-07-20 10:23:04,171 - INFO - ==================================================
2026-07-20 10:23:04,518 - INFO -   ✅ +0 | ⏭️ 0 hors dates | Total: 3
2026-07-20 10:23:17,946 - INFO - 
==================================================
2026-07-20 10:23:17,946 - INFO - 📄 PAGE 17/13334
2026-07-20 10:23:17,947 - INFO - ==================================================
2026-07-20 10:23:18,290 - INFO -   ✅ +0 | ⏭️ 0 hors dates | Total: 3
2026-07-20 10:23:31,241 - INFO - 
==================================================
2026-07-20 10:23:31,241 - INFO - 📄 PAGE 18/13334
2026-07-20 10:23:31,242 - INFO - ==================================================
2026-07-20 10:23:31,687 - INFO -   ✅ +0 | ⏭️ 0 hors dates | Total: 3
2026-07-20 10:23:44,534 - INFO - 
==================================================
2026-07-20 10:23:44,534 - INFO - 📄 PAGE 19/13334
2026-07-20 10:23:44,535 - INFO - ==================================================
2026-07-20 10:23:44,871 - INFO -   ✅ +0 | ⏭️ 0 hors dates | Total: 3
2026-07-20 10:23:59,747 - INFO - 
==================================================
2026-07-20 10:23:59,747 - INFO - 📄 PAGE 20/13334
2026-07-20 10:23:59,748 - INFO - ==================================================
2026-07-20 10:24:00,267 - INFO -   ✅ +0 | ⏭️ 0 hors dates | Total: 3
2026-07-20 10:24:13,956 - INFO - 
==================================================
2026-07-20 10:24:13,956 - INFO - 📄 PAGE 21/13334
2026-07-20 10:24:13,957 - INFO - ==================================================
2026-07-20 10:24:14,349 - INFO -   ✅ +0 | ⏭️ 0 hors dates | Total: 3
2026-07-20 10:24:26,688 - INFO - 
==================================================
2026-07-20 10:24:26,758 - INFO - 📄 PAGE 22/13334
2026-07-20 10:24:26,819 - INFO - ==================================================
2026-07-20 10:24:27,215 - INFO -   ✅ +0 | ⏭️ 0 hors dates | Total: 3
2026-07-20 10:24:39,642 - INFO - 
==================================================
2026-07-20 10:24:39,642 - INFO - 📄 PAGE 23/13334
2026-07-20 10:24:39,643 - INFO - ==================================================
2026-07-20 10:24:39,993 - INFO -   ✅ +0 | ⏭️ 0 hors dates | Total: 3
2026-07-20 10:24:52,476 - INFO - 
==================================================
2026-07-20 10:24:52,477 - INFO - 📄 PAGE 24/13334
2026-07-20 10:24:52,477 - INFO - ==================================================
2026-07-20 10:24:52,817 - INFO -   ✅ +0 | ⏭️ 0 hors dates | Total: 3
2026-07-20 10:25:06,825 - INFO - 
==================================================
2026-07-20 10:25:06,828 - INFO - 📄 PAGE 25/13334
2026-07-20 10:25:06,829 - INFO - ==================================================
2026-07-20 10:25:07,196 - INFO -   ✅ +0 | ⏭️ 0 hors dates | Total: 3
2026-07-20 10:25:21,090 - INFO - 
==================================================
2026-07-20 10:25:21,095 - INFO - 📄 PAGE 26/13334
2026-07-20 10:25:21,098 - INFO - ==================================================
2026-07-20 10:25:21,485 - INFO -   ✅ +0 | ⏭️ 0 hors dates | Total: 3
2026-07-20 10:25:33,770 - INFO - 
==================================================
2026-07-20 10:25:33,771 - INFO - 📄 PAGE 27/13334
2026-07-20 10:25:33,771 - INFO - ==================================================
2026-07-20 10:25:34,115 - INFO -   ✅ +0 | ⏭️ 0 hors dates | Total: 3
2026-07-20 10:25:46,654 - INFO - 
==================================================
2026-07-20 10:25:46,654 - INFO - 📄 PAGE 28/13334
2026-07-20 10:25:46,655 - INFO - ==================================================
2026-07-20 10:25:47,000 - INFO -   ✅ +0 | ⏭️ 0 hors dates | Total: 3
2026-07-20 10:25:59,591 - INFO - 
==================================================
2026-07-20 10:25:59,591 - INFO - 📄 PAGE 29/13334
2026-07-20 10:25:59,591 - INFO - ==================================================
2026-07-20 10:25:59,963 - INFO -   ✅ +0 | ⏭️ 0 hors dates | Total: 3
2026-07-20 10:26:12,570 - INFO - 
==================================================
2026-07-20 10:26:12,571 - INFO - 📄 PAGE 30/13334
2026-07-20 10:26:12,571 - INFO - ==================================================
2026-07-20 10:26:12,907 - INFO -   ✅ +0 | ⏭️ 0 hors dates | Total: 3
2026-07-20 10:26:25,869 - INFO - 
==================================================
2026-07-20 10:26:25,870 - INFO - 📄 PAGE 31/13334
2026-07-20 10:26:25,870 - INFO - ==================================================
2026-07-20 10:26:26,223 - INFO -   ✅ +0 | ⏭️ 0 hors dates | Total: 3
2026-07-20 10:26:39,098 - INFO - 
==================================================
2026-07-20 10:26:39,099 - INFO - 📄 PAGE 32/13334
2026-07-20 10:26:39,099 - INFO - ==================================================
2026-07-20 10:26:39,466 - INFO -   ✅ +0 | ⏭️ 0 hors dates | Total: 3
2026-07-20 10:26:52,168 - INFO - 
==================================================
2026-07-20 10:26:52,169 - INFO - 📄 PAGE 33/13334
2026-07-20 10:26:52,170 - INFO - ==================================================
2026-07-20 10:26:52,613 - INFO -   ✅ +0 | ⏭️ 0 hors dates | Total: 3
2026-07-20 10:27:05,902 - INFO - 
==================================================
2026-07-20 10:27:05,904 - INFO - 📄 PAGE 34/13334
2026-07-20 10:27:05,905 - INFO - ==================================================
2026-07-20 10:27:06,295 - INFO -   ✅ +0 | ⏭️ 0 hors dates | Total: 3
2026-07-20 10:27:19,900 - INFO - 
==================================================
2026-07-20 10:27:19,900 - INFO - 📄 PAGE 35/13334
2026-07-20 10:27:19,901 - INFO - ==================================================
2026-07-20 10:27:20,274 - INFO -   ✅ +0 | ⏭️ 0 hors dates | Total: 3
2026-07-20 10:27:33,278 - INFO - 
==================================================
2026-07-20 10:27:33,282 - INFO - 📄 PAGE 36/13334
2026-07-20 10:27:33,282 - INFO - ==================================================
2026-07-20 10:27:33,723 - INFO -   ✅ +0 | ⏭️ 0 hors dates | Total: 3
2026-07-20 10:27:46,567 - INFO - 
==================================================
2026-07-20 10:27:46,567 - INFO - 📄 PAGE 37/13334
2026-07-20 10:27:46,568 - INFO - ==================================================
2026-07-20 10:27:46,853 - INFO -   ✅ +0 | ⏭️ 0 hors dates | Total: 3
2026-07-20 10:28:00,498 - INFO - 
==================================================
2026-07-20 10:28:00,500 - INFO - 📄 PAGE 38/13334
2026-07-20 10:28:00,501 - INFO - ==================================================
2026-07-20 10:28:00,818 - INFO -   ✅ +0 | ⏭️ 0 hors dates | Total: 3
2026-07-20 10:28:13,577 - INFO - 
==================================================
2026-07-20 10:28:13,578 - INFO - 📄 PAGE 39/13334
2026-07-20 10:28:13,578 - INFO - ==================================================
2026-07-20 10:28:13,951 - INFO -   ✅ +0 | ⏭️ 0 hors dates | Total: 3
2026-07-20 10:28:26,763 - INFO - 
==================================================
2026-07-20 10:28:26,764 - INFO - 📄 PAGE 40/13334
2026-07-20 10:28:26,764 - INFO - ==================================================
2026-07-20 10:28:27,296 - INFO -   ✅ +0 | ⏭️ 0 hors dates | Total: 3
2026-07-20 10:28:40,917 - INFO - 
==================================================
2026-07-20 10:28:40,918 - INFO - 📄 PAGE 41/13334
2026-07-20 10:28:40,918 - INFO - ==================================================
2026-07-20 10:28:41,270 - INFO -   ✅ +0 | ⏭️ 0 hors dates | Total: 3
2026-07-20 10:28:55,170 - INFO - 
==================================================
2026-07-20 10:28:55,170 - INFO - 📄 PAGE 42/13334
2026-07-20 10:28:55,171 - INFO - ==================================================
2026-07-20 10:28:55,666 - INFO -   ✅ +0 | ⏭️ 0 hors dates | Total: 3
2026-07-20 10:29:10,380 - INFO - 
==================================================
2026-07-20 10:29:10,381 - INFO - 📄 PAGE 43/13334
2026-07-20 10:29:10,381 - INFO - ==================================================
2026-07-20 10:29:10,805 - INFO -   ✅ +0 | ⏭️ 0 hors dates | Total: 3
2026-07-20 10:29:23,952 - INFO - 
==================================================
2026-07-20 10:29:23,952 - INFO - 📄 PAGE 44/13334
2026-07-20 10:29:23,953 - INFO - ==================================================
2026-07-20 10:29:24,326 - INFO -   ✅ +0 | ⏭️ 0 hors dates | Total: 3
2026-07-20 10:29:38,114 - INFO - 
==================================================
2026-07-20 10:29:38,114 - INFO - 📄 PAGE 45/13334
2026-07-20 10:29:38,115 - INFO - ==================================================
2026-07-20 10:29:38,463 - INFO -   ✅ +0 | ⏭️ 0 hors dates | Total: 3
2026-07-20 10:29:51,132 - INFO - 
==================================================
2026-07-20 10:29:51,133 - INFO - 📄 PAGE 46/13334
2026-07-20 10:29:51,133 - INFO - ==================================================
2026-07-20 10:29:51,458 - INFO -   ✅ +0 | ⏭️ 0 hors dates | Total: 3
2026-07-20 10:30:04,586 - INFO - 
==================================================
2026-07-20 10:30:04,587 - INFO - 📄 PAGE 47/13334
2026-07-20 10:30:04,587 - INFO - ==================================================
2026-07-20 10:30:14,869 - INFO -   [4] 📥 11/DRAIRO/BG/2026 | 15/07/2026 | ELABORATION DES ETUDES TECHNIQUES ET SUIVI DES TRAVAUX D’AME...
2026-07-20 10:30:27,899 - INFO -   [5] 📥 08/BNRM/2026 | 15/07/2026 | Prestations de jardinage au profit de la Bibliothèque Nation...
2026-07-20 10:30:41,072 - INFO -   [6] 📥 A064/RRA/2026 | 15/07/2026 | ETUDES TECHNIQUES ET SUIVI DES TRAVAUX DE CONSTRUCTION DU CO...
2026-07-20 10:30:41,124 - INFO -   ✅ +3 | ⏭️ 0 hors dates | Total: 6
2026-07-20 10:30:56,533 - INFO - 
==================================================
2026-07-20 10:30:56,537 - INFO - 📄 PAGE 48/13334
2026-07-20 10:30:56,542 - INFO - ==================================================
2026-07-20 10:31:08,879 - INFO -   [7] 📥 653/2026/LAHJ/TRAV/L2 | 15/07/2026 | l’Aménagement du site de LAHJAJMA dans le territoire de l'ar...
2026-07-20 10:31:08,951 - INFO -   ✅ +1 | ⏭️ 0 hors dates | Total: 7
2026-07-20 10:31:22,235 - INFO - 
==================================================
2026-07-20 10:31:22,235 - INFO - 📄 PAGE 49/13334
2026-07-20 10:31:22,236 - INFO - ==================================================
2026-07-20 10:31:22,532 - INFO -   ✅ +0 | ⏭️ 0 hors dates | Total: 7
2026-07-20 10:31:35,548 - INFO - 
==================================================
2026-07-20 10:31:35,551 - INFO - 📄 PAGE 50/13334
2026-07-20 10:31:35,553 - INFO - ==================================================
2026-07-20 10:31:35,895 - INFO -   ✅ +0 | ⏭️ 0 hors dates | Total: 7
2026-07-20 10:31:49,153 - INFO - 
==================================================
2026-07-20 10:31:49,155 - INFO - 📄 PAGE 51/13334
2026-07-20 10:31:49,155 - INFO - ==================================================
2026-07-20 10:31:49,443 - INFO -   ✅ +0 | ⏭️ 0 hors dates | Total: 7
2026-07-20 10:32:03,280 - INFO - 
==================================================
2026-07-20 10:32:03,283 - INFO - 📄 PAGE 52/13334
2026-07-20 10:32:03,285 - INFO - ==================================================
2026-07-20 10:32:03,617 - INFO -   ✅ +0 | ⏭️ 0 hors dates | Total: 7
2026-07-20 10:32:16,487 - INFO - 
==================================================
2026-07-20 10:32:16,489 - INFO - 📄 PAGE 53/13334
2026-07-20 10:32:16,491 - INFO - ==================================================
2026-07-20 10:32:16,852 - INFO -   ✅ +0 | ⏭️ 0 hors dates | Total: 7
2026-07-20 10:32:29,901 - INFO - 
==================================================
2026-07-20 10:32:29,902 - INFO - 📄 PAGE 54/13334
2026-07-20 10:32:29,902 - INFO - ==================================================
2026-07-20 10:32:30,191 - INFO -   ✅ +0 | ⏭️ 0 hors dates | Total: 7
2026-07-20 10:32:42,562 - INFO - 
==================================================
2026-07-20 10:32:42,563 - INFO - 📄 PAGE 55/13334
2026-07-20 10:32:42,565 - INFO - ==================================================
2026-07-20 10:32:59,281 - INFO -   [8] 📥 06/2026eljadida | 15/07/2026 | L’ENTRETIEN COURANT DES VOIES...L’ENTRETIEN COURANT DES VOIE...
2026-07-20 10:32:59,290 - INFO -   ✅ +1 | ⏭️ 0 hors dates | Total: 8
2026-07-20 10:33:12,561 - INFO - 
==================================================
2026-07-20 10:33:12,564 - INFO - 📄 PAGE 56/13334
2026-07-20 10:33:12,566 - INFO - ==================================================
2026-07-20 10:33:24,875 - INFO -   [9] 📥 026/2026/CHUIRC | 15/07/2026 | ACHAT DE MATERIEL MÉDICO-TECHNIQUE (ACCELERATEUR) POUR L’HOP...
2026-07-20 10:33:36,180 - INFO -   [10] 📥 23/AOON/DPSR/ANP/2026 | 15/07/2026 | ETUDE TECHNIQUE POUR LA REALISATION DES APPONTEMENTS FLOTTAN...
2026-07-20 10:33:48,599 - INFO -   [11] 📥 09TRAVAMENAG/2026/PUIZ | 15/07/2026 | TRAVAUX D'AMENAGEMENT DE LA FACULTE DES SCIENCES JURIDIQUES,...
2026-07-20 10:34:05,966 - INFO -   [12] 📥 06CONSTESTO1T/2026/PUIZ | 15/07/2026 | TRAVAUX DE CONSTRUCTION DE L'ECOLE SUPERIEURE DE TECHNOLOGIE...
2026-07-20 10:34:20,582 - INFO -   [13] 📥 AOOS07/2026 | 15/07/2026 | ACHAT DES REACTIFS DE LABORATOIRE AVEC MISE A DISPOSITION DE...
2026-07-20 10:34:30,161 - INFO -   [14] 📥 PX3126935/2025/DXR | 15/07/2026 | la fourniture et Installation de 40 bouteilles CO2 de protec...
2026-07-20 10:34:39,954 - INFO -   [15] 📥 038/26/AOO/ONDA | 15/07/2026 | Accompagnement et Assistance des aéroports pour l’obtention ...
2026-07-20 10:34:39,971 - INFO -   ✅ +7 | ⏭️ 0 hors dates | Total: 15
2026-07-20 10:34:53,549 - INFO - 
==================================================
2026-07-20 10:34:53,550 - INFO - 📄 PAGE 57/13334
2026-07-20 10:34:53,551 - INFO - ==================================================
2026-07-20 10:35:04,678 - INFO -   [16] 📥 12/2026/CHUMVIA | 15/07/2026 | ACHAT DE MÉDICAMENTS POUR LE CENTRE HOSPITALO-UNIVERSITAIRE ...
2026-07-20 10:35:16,785 - INFO -   [17] 📥 04/FLSHJ/2026 | 15/07/2026 | ACHAT DE MOBILIER D’ENSEIGNEMENT POUR LA FACULTE DES LETTRES...
2026-07-20 10:35:26,277 - INFO -   [18] 📥 49/2026/S2A | 15/07/2026 | Études techniques, contrôle général et suivi technique des t...
2026-07-20 10:35:35,783 - INFO -   [19] 📥 59/2026/DRANEFBMK | 15/07/2026 | L’exécution des travaux d’infrastructures antiérosives d’un ...
2026-07-20 10:35:46,150 - INFO -   [20] 📥 56/2026/DRANEFBMK | 15/07/2026 | Achat de matériel audiovisuel pour les besoins de la DRANEF ...
2026-07-20 10:35:46,152 - INFO -   ✅ +5 | ⏭️ 0 hors dates | Total: 20
2026-07-20 10:36:00,066 - INFO - 
==================================================
2026-07-20 10:36:00,067 - INFO - 📄 PAGE 58/13334
2026-07-20 10:36:00,068 - INFO - ==================================================
2026-07-20 10:36:09,499 - INFO -   [21] 📥 55/2026/DRANEFBMK | 15/07/2026 | L’assistance technique pour le suivi et le contrôle des trav...
2026-07-20 10:36:19,547 - INFO -   [22] 📥 54/2026/DRANEFBMK | 15/07/2026 | L’exécution des travaux de régénération, au  niveau du terri...
2026-07-20 10:36:30,762 - INFO -   [23] 📥 53/2026/DRANEFBMK | 15/07/2026 | L’exécution des travaux de régénération par installation de ...
2026-07-20 10:36:42,273 - INFO -   [24] 📥 52/2026/DRANEFBMK | 15/07/2026 | L’exécution des travaux d’amélioration sylvopastorale au pro...
2026-07-20 10:36:42,316 - INFO -   ✅ +4 | ⏭️ 0 hors dates | Total: 24
2026-07-20 10:36:55,432 - INFO - 
==================================================
2026-07-20 10:36:55,435 - INFO - 📄 PAGE 59/13334
2026-07-20 10:36:55,438 - INFO - ==================================================
2026-07-20 10:37:25,912 - INFO -   [25] 📥 51/2026/DRANEFBMK | 15/07/2026 | L’exécution des travaux de reboisement au profit de la Direc...
2026-07-20 10:37:36,857 - INFO -   [26] 📥 50/2026/DRANEFBMK | 15/07/2026 | L’exécution des travaux de régénération par installation de ...
2026-07-20 10:37:50,843 - INFO -   [27] 📥 49/2026/DRANEF/BMK | 15/07/2026 | La fourniture de la main d’œuvre pour la surveillance et la ...
2026-07-20 10:38:05,523 - INFO -   [28] 📥 61/2026/ORH/SGRID | 15/07/2026 | ENTRETIEN DES STATIONS DE FILTRATION DU RESEAU D’IRRIGATION ...
2026-07-20 10:38:16,791 - INFO -   [29] 📥 53/2026/S2A | 15/07/2026 | PROGRAMME DE RECONSTRUCTION ET DE REMISE EN ÉTAT DES SOUKS E...
2026-07-20 10:38:40,601 - INFO -   [30] 📥 59/2026/ORH/SM | 15/07/2026 | Maintenance de la plateforme de virtualisation de l'ORMVA du...
2026-07-20 10:38:57,711 - INFO -   [31] 📥 56/2026/ORH/SGRID | 15/07/2026 | PRESTATION DU LABORATOIRE POUR LES ESSAIS ET LE CONTROLE DES...
2026-07-20 10:39:12,046 - INFO -   [32] 📥 50/2026/S2A | 15/07/2026 | TRAVAUX DE CONSTRUCTION DU LYCEE COLLEGIAL ANASS IBN MALEK S...
2026-07-20 10:39:12,071 - INFO -   ✅ +8 | ⏭️ 0 hors dates | Total: 32
2026-07-20 10:39:24,732 - INFO - 
==================================================
2026-07-20 10:39:24,733 - INFO - 📄 PAGE 60/13334
2026-07-20 10:39:24,734 - INFO - ==================================================
2026-07-20 10:39:34,516 - INFO -   [33] 📥 7INDH2026 | 15/07/2026 | TRAVAUX DE DALLAGE DE : 
1-LA PISTE MENANT AU DOUAR ASSOUL S...
2026-07-20 10:39:58,923 - INFO -   [34] 📥 6INDH2026 | 15/07/2026 | BRANCHEMENT ELECTRIQUE ET AMENAGEMENT EXTERIEUR DU CENTRE SA...
2026-07-20 10:40:19,249 - INFO -   [35] 📥 23/AOO/RRM/2026 | 15/07/2026 | Le projet des lignes B1, B2, B3 et B4 de Bus à Haut Niveau d...
2026-07-20 10:40:36,585 - INFO -   [36] 📥 4/2026/DPAM | 15/07/2026 | ASSISTANCE TECHNIQUE POUR LE SUIVI ET LE CONTROLE DES TRAVAU...
2026-07-20 10:40:36,589 - INFO -   ✅ +4 | ⏭️ 0 hors dates | Total: 36
2026-07-20 10:40:49,299 - INFO - 
==================================================
2026-07-20 10:40:49,300 - INFO - 📄 PAGE 61/13334
2026-07-20 10:40:49,301 - INFO - ==================================================
2026-07-20 10:41:07,402 - INFO -   [37] 📥 02/2026/CON. | 15/07/2026 | TRAVAUX  D’ENTRETIEN DES ABORDS  DES PUITS DU DOUAR OULAD NO...
2026-07-20 10:41:17,705 - INFO -   [38] 📥 23/2026 | 15/07/2026 | L’ACQUISITION, L'INSTALLATION ET LA MISE EN SERVICE DE MATER...
2026-07-20 10:41:29,241 - INFO -   [39] 📥 92/2025/cuva | 15/07/2026 | TRAVAUX DE REHABILITATION DES ESPACES SPORTIFS DE PROXIMITE ...
2026-07-20 10:41:46,262 - INFO -   [40] 📥 01ASSIST/2026/ESTL | 15/07/2026 | PRESTATIONS DE MISE A DISPOSITION DES AGENTS ASSISTANTS AU P...
2026-07-20 10:42:04,950 - INFO -   [41] 📥 12/2026/324 | 15/07/2026 | Achat de mobilier de bureau au profit des tribunaux de la ci...
2026-07-20 10:42:04,960 - INFO -   ✅ +5 | ⏭️ 0 hors dates | Total: 41
2026-07-20 10:42:19,148 - INFO - 
==================================================
2026-07-20 10:42:19,151 - INFO - 📄 PAGE 62/13334
2026-07-20 10:42:19,153 - INFO - ==================================================
2026-07-20 10:42:36,186 - INFO -   [42] 📥 076/2026/CHUIRC | 15/07/2026 | ACHAT DE LINGE POUR LES FORMATIONS RELEVANT DU CENTRE HOSPIT...
2026-07-20 10:42:57,086 - INFO -   [43] 📥 TE/25/2026 | 15/07/2026 | Travaux de déplacement du réseau MT et BT relevant de l'ONEE...
2026-07-20 10:43:07,665 - INFO -   [44] 📥 21/AOO/AASLM/2026 | 15/07/2026 | L'EXÉCUTION DES PRESTATIONS DE SURVEILLANCE DES SITES ENTRAN...
2026-07-20 10:44:11,421 - INFO -   [45] 📥 31/RH/2026/INV | 15/07/2026 | : TRAVAUX DE CONSTRUCTION DE L'ECOLE PRIMAIRE MOULAY EL HASS...
2026-07-20 10:44:37,477 - INFO -   [46] 📥 AO038/2026/ANCFCC/DLAG | 15/07/2026 | Acquisition du matériel de climatisation pour les services e...
2026-07-20 10:45:00,795 - INFO -   [47] 📥 083/2026/EP | 15/07/2026 | Travaux de renouvèlement du réseau d’eau potable dégradé sui...
2026-07-20 10:45:51,563 - INFO -   [48] 📥 11/2026 | 15/07/2026 | LOCATION D’UNE NIVELEUSE POUR ENTRETIEN ET AMENAGEMENT DES P...
2026-07-20 10:45:51,568 - INFO -   ✅ +7 | ⏭️ 0 hors dates | Total: 48
2026-07-20 10:46:10,130 - INFO - 
==================================================
2026-07-20 10:46:10,133 - INFO - 📄 PAGE 63/13334
2026-07-20 10:46:10,135 - INFO - ==================================================
2026-07-20 10:46:40,665 - INFO -   [49] ❌ 16AOM/SNRT/2026 | 15/07/2026 | La numérisation des anciennes archives télévisuelles stockée...
2026-07-20 10:50:52,256 - INFO -   [50] 📥 28/RH/2026/INV | 15/07/2026 | TRAVAUX DE BRANCHEMENT AU RESEAU D’EAU POTABLE DES ECOLES PR...
2026-07-20 10:51:04,243 - INFO -   [51] 📥 03/E.TIZ/2026 | 15/07/2026 | PRESTATION DE RESTAURATION AU PROFIT DES INTERNATS ET CANTIN...
2026-07-20 10:51:16,122 - INFO -   [52] 📥 07//I.TIZ/2026 | 15/07/2026 | LES ETUDES TECHNIQUES ET LE SUIVI DES TRAVAUX EN DIX (10) LO...
2026-07-20 10:51:26,506 - INFO -   [53] 📥 06/CA.TIZ/2026 | 15/07/2026 | ETUDES ARCHITECTURALES ET SUIVI DES TRAVAUX D'EXTENTION DE D...
2026-07-20 10:51:38,292 - INFO -   [54] 📥 065/2026/EL | 15/07/2026 | Fourniture et installation des batteries étanches des postes...
2026-07-20 10:51:49,737 - INFO -   [55] 📥 13/MOD/2026/AlOmrane_Souss_Massa | 15/07/2026 | La réalisation des travaux de construction T.C.E de la Cité ...
2026-07-20 10:51:49,739 - INFO -   ✅ +7 | ⏭️ 0 hors dates | Total: 55
2026-07-20 10:52:03,779 - INFO - 
==================================================
2026-07-20 10:52:03,782 - INFO - 📄 PAGE 64/13334
2026-07-20 10:52:03,785 - INFO - ==================================================
2026-07-20 10:52:29,234 - INFO -   [56] 📥 57/BG/F/2026 | 15/07/2026 | ACHAT DES CHAISES POUR SALLE DE CONFERENCE AU SIEGE DE LA PR...
2026-07-20 10:52:40,543 - INFO -   [57] 📥 19/I.TIZ/2026 | 15/07/2026 | TRAVAUX D’AMENAGEMENT ET DE REHABILITATION DE NEUF ETABLISSE...
2026-07-20 10:52:51,871 - INFO -   [58] 📥 18/I.TIZ/2026 | 15/07/2026 | TRAVAUX D’AMENAGEMENT ET DE REHABILITATION DE SEPT ETABLISSE...
2026-07-20 10:53:07,326 - INFO -   [59] 📥 13/E.TIZ/2026 | 15/07/2026 | ACHAT DE FOURNITURES D’ENSEIGNEMENT POUR LES ETABLISSEMENTS ...
2026-07-20 10:53:07,338 - INFO -   ✅ +4 | ⏭️ 0 hors dates | Total: 59
2026-07-20 10:53:50,273 - INFO - 
==================================================
2026-07-20 10:53:50,275 - INFO - 📄 PAGE 65/13334
2026-07-20 10:53:50,275 - INFO - ==================================================
2026-07-20 10:54:02,716 - INFO -   [60] 📥 14/E.TIZ/2026 | 15/07/2026 | ACHAT DE FOURNITURES SCOLAIRES ET PEDAGOGIQUES POUR LA DIREC...
2026-07-20 10:54:14,999 - INFO -   [61] 📥 22/2026/TZ | 15/07/2026 | Contrôle Extérieur Topographique des Travaux de construction...
2026-07-20 10:54:35,618 - INFO -   [62] 📥 73/INV/2026 | 15/07/2026 | Travaux de construction de (11) onze salles de classe aux ét...
2026-07-20 10:54:49,698 - INFO -   [63] 📥 01/CPMO/2026 | 15/07/2026 | PROJET D'AMÉNAGEMENT D’UN TRONÇON DE LA VOIE CT1007 ENTRE L'...
2026-07-20 10:55:00,891 - INFO -   [64] 📥 07/2026/INPT | 15/07/2026 | L’exécution des travaux de dépose, fourniture et mise marche...
2026-07-20 10:55:29,194 - INFO -   [65] 📥 08/DRAILSH/BG/2026 | 15/07/2026 | ACHAT DE MATERIEL ET DE MOBILIER POUR LE COMPTE DES ETABLISS...
2026-07-20 10:56:05,728 - INFO -   [66] 📥 38/2026/DPA/IF | 15/07/2026 | Travaux de création et d'équipement des points d'eau à trave...
2026-07-20 10:56:05,729 - INFO -   ✅ +7 | ⏭️ 0 hors dates | Total: 66
2026-07-20 10:56:18,843 - INFO - 
==================================================
2026-07-20 10:56:18,844 - INFO - 📄 PAGE 66/13334
2026-07-20 10:56:18,844 - INFO - ==================================================
2026-07-20 10:56:46,110 - INFO -   [67] 📥 41/2026/DPA/IF | 15/07/2026 | Travaux d'équipement d'un point d'eau dans le cadre de l'agr...
2026-07-20 10:57:04,297 - INFO -   [68] 📥 PM3129564/2025/DXM | 15/07/2026 | Fourniture des huiles diélectriques pour la Direction Exploi...
2026-07-20 10:57:22,035 - INFO -   [69] 📥 44/2026/CM | 14/07/2026 | Achat de produits de dératisation pour le bureau communal d’...
2026-07-20 10:57:39,305 - INFO -   [70] 📥 32/2026/ABHGZR | 14/07/2026 | Achat et livraison des fournitures de bureau au profit de l’...
2026-07-20 10:57:56,061 - INFO -   [71] 📥 01/2026/BICHAO | 14/07/2026 | ACQUISITION D’UNE AMBULANCE AU PROFIT DU GROUPEMENT DES COMM...
2026-07-20 10:57:56,062 - INFO -   ✅ +5 | ⏭️ 0 hors dates | Total: 71
2026-07-20 10:58:09,638 - INFO - 
==================================================
2026-07-20 10:58:09,641 - INFO - 📄 PAGE 67/13334
2026-07-20 10:58:09,643 - INFO - ==================================================
2026-07-20 10:58:20,085 - INFO -   [72] 📥 26/OA/2026 | 14/07/2026 | TRAVAUX D'AMÉNAGEMENT DES DOUR TALIB ET TALIBA TOUCHÉS PAR L...
2026-07-20 10:58:33,970 - INFO -   [73] 📥 20/OA/2026 | 14/07/2026 | TRAVAUX D’ACHEVEMENT DU MUSEE DES DINOSAURES A LA COMMUNE TE...
2026-07-20 10:58:44,179 - INFO -   [74] 📥 047/2026/EP | 14/07/2026 | Fournitures et travaux d’investissement des réseaux d’eau po...
2026-07-20 10:58:55,852 - INFO -   [75] 📥 10008993 | 14/07/2026 | Acquisition des engins d’exploitation des services d’assaini...
2026-07-20 10:59:09,471 - INFO -   [76] 📥 34/2026/CMR | 14/07/2026 | Audit comptable et financier externe des comptes de la Caiss...
2026-07-20 10:59:09,476 - INFO -   ✅ +5 | ⏭️ 0 hors dates | Total: 76
2026-07-20 10:59:22,200 - INFO - 
==================================================
2026-07-20 10:59:22,202 - INFO - 📄 PAGE 68/13334
2026-07-20 10:59:22,203 - INFO - ==================================================
2026-07-20 10:59:32,868 - INFO -   [77] 📥 10009125 | 14/07/2026 | Travaux d’aménagement de l’Agence NADOR CENTRE...Travaux d’a...
2026-07-20 10:59:50,565 - INFO -   [78] 📥 42/26/AREPRRSK | 14/07/2026 | ETUDE GEOTECHNIQUE DES TRAVAUX DE RENFORCEMENT DE L’AVENUE M...
2026-07-20 11:00:00,923 - INFO -   [79] 📥 659/2026/CA/RF/L1/L2/L3 | 14/07/2026 | Travaux de ravalement de façades au niveau de la ville de Ca...
2026-07-20 11:00:14,825 - INFO -   [80] 📥 10/DDE/DISI/2026 | 16/07/2026 | Acquisition et l’installation des équipements informatiques ...
2026-07-20 11:00:27,091 - INFO -   [81] 📥 17/2026/TZ | 14/07/2026 | Contrôle Extérieur Topographique des travaux d’élargissement...
2026-07-20 11:00:27,098 - INFO -   ✅ +5 | ⏭️ 0 hors dates | Total: 81
2026-07-20 11:00:40,305 - INFO - 
==================================================
2026-07-20 11:00:40,306 - INFO - 📄 PAGE 69/13334
2026-07-20 11:00:40,306 - INFO - ==================================================
2026-07-20 11:00:55,775 - INFO -   [82] 📥 02/ENSAJ/2026 | 14/07/2026 | La gestion en concession de la buvette de l’École Nationale ...
2026-07-20 11:01:07,563 - INFO -   [83] 📥 PM3130123/2026/DXM | 14/07/2026 | Fourniture des pièces de rechange pour vannes ZIKESCH en ser...
2026-07-20 11:01:16,459 - INFO -   [84] 📥 PM2130155/2026/DXM | 14/07/2026 | Confection des pièces mécaniques pour la section chaufferie ...
2026-07-20 11:01:27,096 - INFO -   [85] 📥 054/2026/EP | 14/07/2026 | Réalisation d’un Kit de pompage eau potable à Ben Aajalat à ...
2026-07-20 11:01:36,475 - INFO -   [86] 📥 PM2130408/2026/DXM | 14/07/2026 | Prestation de service pour contrôle non destructifs des élém...
2026-07-20 11:01:47,309 - INFO -   [87] 📥 27/AMDIE/2026 | 14/07/2026 | la participation de l’AMDIE à des salons à l’international.....
2026-07-20 11:01:47,311 - INFO -   ✅ +6 | ⏭️ 0 hors dates | Total: 87
2026-07-20 11:02:01,263 - INFO - 
==================================================
2026-07-20 11:02:01,264 - INFO - 📄 PAGE 70/13334
2026-07-20 11:02:01,265 - INFO - ==================================================
2026-07-20 11:02:20,753 - INFO -   [88] 📥 53/DR5/2026 | 14/07/2026 | Entretien bâtiments techniques, dératisation et traitement d...
2026-07-20 11:02:33,359 - INFO -   [89] 📥 02/2026/CNESTEN | 14/07/2026 | Acquisition, livraison et installation d’une chaine de détec...
2026-07-20 11:03:00,717 - INFO -   [90] 📥 39/26/AREPRRSK | 14/07/2026 | TRAVAUX DE CONSTRUCTION EN TOUS CORPS D’ETAT D’UN TECHNOPARK...
2026-07-20 11:03:26,821 - INFO -   [91] 📥 01/RPSLAAYOUNE/2026 | 14/07/2026 | Prestations de gardiennage des établissements relevant de la...
2026-07-20 11:03:46,866 - INFO -   [92] 📥 41/2026/RSK | 14/07/2026 | LA REALISATION D'UNE BASE DE DONNEES SPATIALE DES PROJETS D’...
2026-07-20 11:03:46,888 - INFO -   ✅ +5 | ⏭️ 0 hors dates | Total: 92
2026-07-20 11:04:01,089 - INFO - 
==================================================
2026-07-20 11:04:01,094 - INFO - 📄 PAGE 71/13334
2026-07-20 11:04:01,096 - INFO - ==================================================
2026-07-20 11:04:23,933 - INFO -   [93] 📥 31/2026/S/TRA | 14/07/2026 | TRAVAUX DE CONSTRUCTION-OPERATION ANNAKHIL-SIS A LA COMMUNE ...
2026-07-20 11:04:46,906 - INFO -   [94] 📥 26/2026/T/TRA | 14/07/2026 | LOTISSEMENT ET CONSTRUCTION D'UN GROUPEMENT D'HABITATION A T...
2026-07-20 11:05:21,245 - INFO -   [95] 📥 25/2026/T/TRA | 14/07/2026 | LOTISSEMENT ET CONSTRUCTION D'UN GROUPEMENT D'HABITATION A T...
2026-07-20 11:05:43,232 - INFO -   [96] 📥 11/BG/2026 | 14/07/2026 | TRAVAUX DE D’AMENAGEMENT DU LOGEMENT DE FONCTION AU PROFIT C...
2026-07-20 11:05:58,509 - INFO -   [97] 📥 4/2026/BP/E | 14/07/2026 | Achat de prestations de cartographie des gîtes larvaires et ...
2026-07-20 11:06:15,435 - INFO -   [98] 📥 23/2026/RSK | 14/07/2026 | ACHAT DE FOURNITURES DE BUREAU ET INFORMATIQUE 
« CONSOMMABL...
2026-07-20 11:06:15,436 - INFO -   ✅ +6 | ⏭️ 0 hors dates | Total: 98
2026-07-20 11:06:28,504 - INFO - 
==================================================
2026-07-20 11:06:28,505 - INFO - 📄 PAGE 72/13334
2026-07-20 11:06:28,505 - INFO - ==================================================
2026-07-20 11:06:51,007 - INFO -   [99] 📥 19/2026/T/TRA | 14/07/2026 | LA REALISATION DES TRAVAUX DE MISE A NIVEAU DE LA COMMUNE SE...
2026-07-20 11:07:07,498 - INFO -   [100] 📥 28/2026 | 14/07/2026 | TRAVAUX DE CONSTRUCTION DE PISTES AU NIVEAU DES COMMUNES DE ...
2026-07-20 11:07:20,418 - INFO -   [101] 📥 17/2026/S/ETU | 14/07/2026 | ETUDES TECHNIQUES, SUIVI ET COORDINATION DES TRAVAUX DE CONS...
2026-07-20 11:07:35,607 - INFO -   [102] 📥 012/2026 | 14/07/2026 | Travaux de signalisation horizontale de la RN9 du PK 343+000...
2026-07-20 11:07:48,779 - INFO -   [103] 📥 ER/13/2026 | 14/07/2026 | Contrôle et suivi de qualité des travaux de dédoublement d’u...
2026-07-20 11:08:05,603 - INFO -   [104] 📥 09/2026/RSK | 14/07/2026 | Prestations de nettoyage et entretien des locaux du siège, d...
2026-07-20 11:08:15,691 - INFO -   [105] 📥 06/2026/DS | 14/07/2026 | ACHAT DE MOBILIER DE BUREAU POUR LES BESOINS DE LA DIRECTION...
2026-07-20 11:08:15,691 - INFO -   ✅ +7 | ⏭️ 0 hors dates | Total: 105
2026-07-20 11:08:29,313 - INFO - 
==================================================
2026-07-20 11:08:29,313 - INFO - 📄 PAGE 73/13334
2026-07-20 11:08:29,314 - INFO - ==================================================
2026-07-20 11:08:41,255 - INFO -   [106] 📥 32/2026 | 14/07/2026 | TRAVAUX DE CONSTRUCTION DE PISTES AU NIVEAU DES COMMUNES D'O...
2026-07-20 11:08:55,750 - INFO -   [107] 📥 08/2026/KTRA | 14/07/2026 | TRAVAUX D’AMENAGEMENT URBAIN VOIRIE, ASSAINISSEMENT, ET ECLA...
2026-07-20 11:09:07,609 - INFO -   [108] 📥 34/2026 | 15/07/2026 | TRAVAUX DE CONSTRUCTION DE PISTES AU NIVEAU DES COMMUNES DE ...
2026-07-20 11:09:18,104 - INFO -   [109] 📥 48/2026 | 14/07/2026 | TRAVAUX DE CONSTRUCTION DE PISTES AU NIVEAU DES COMMUNES DE ...
2026-07-20 11:09:33,459 - INFO -   [110] 📥 11/2026/KTRA | 14/07/2026 | TRAVAUX DE REVETEMENT DES CHEMINS PIETONS DES LOTS ECONOMIQU...
2026-07-20 11:09:53,335 - INFO -   [111] 📥 16/2026/S/TRA | 14/07/2026 | TRAVAUX DE CONSTRUCTION D’UNE BRIGADE DE GENDARMERIE ROYALE ...
2026-07-20 11:09:53,337 - INFO -   ✅ +6 | ⏭️ 0 hors dates | Total: 111
2026-07-20 11:10:07,268 - INFO - 
==================================================
2026-07-20 11:10:07,277 - INFO - 📄 PAGE 74/13334
2026-07-20 11:10:07,288 - INFO - ==================================================
2026-07-20 11:10:28,987 - INFO -   [112] 📥 10007269 | 14/07/2026 | Achat de matériels hydrauliques et de branchement du réseau ...
2026-07-20 11:11:05,987 - INFO -   [113] 📥 04/2026/DS | 14/07/2026 | Travaux d'aménagement et d'installation dans le RDC du bâtim...
2026-07-20 11:11:36,700 - INFO -   [114] 📥 02/2026/KH/TOPO | 14/07/2026 | ETABLISSEMENT DES PLANS TOPOGRAPHIQUES DANS LE CADRE DU PROG...
2026-07-20 11:11:54,344 - INFO -   [115] 📥 10005148 | 14/07/2026 | Réhabilitation du réseau d'assainissement liquide au niveau ...
2026-07-20 11:12:28,230 - INFO -   [116] 📥 18/2026/S/ETU | 14/07/2026 | ETUDES TECHNIQUES, SUIVI ET COORDINATION DES TRAVAUX DES VRD...
2026-07-20 11:12:44,429 - INFO -   [117] 📥 10006756/1R | 14/07/2026 | Prestations de coupure et de rebranchement des compteurs d’e...
2026-07-20 11:12:44,429 - INFO -   ✅ +6 | ⏭️ 0 hors dates | Total: 117
2026-07-20 11:12:58,100 - INFO - 
==================================================
2026-07-20 11:12:58,101 - INFO - 📄 PAGE 75/13334
2026-07-20 11:12:58,101 - INFO - ==================================================
2026-07-20 11:13:14,995 - INFO -   [118] 📥 06/EHTP/2026 | 14/07/2026 | LA REALISATION DE LA PRESTATION D'ENSEIGNEMENT DES TECHNIQUE...
2026-07-20 11:13:33,242 - INFO -   [119] 📥 07/EHTP/2026 | 14/07/2026 | LA REALISATION DE LA PRESTATION D'ENSEIGNEMENT DES TECHNIQUE...
2026-07-20 11:13:56,249 - INFO -   [120] 📥 086/2026/CHUIRC | 14/07/2026 | «TRAVAUX COMPLÉMENTAIRES POUR L’INSTALLATION D’UN BRAS D’ANE...
2026-07-20 11:14:09,415 - INFO -   [121] 📥 A/111/26 | 14/07/2026 | INTERCEPTION DES EAUX USEES – DAR ESSALAM RABAT 

LOT 1 : Tr...
2026-07-20 11:14:09,453 - INFO -   ✅ +4 | ⏭️ 0 hors dates | Total: 121
2026-07-20 11:14:22,911 - INFO - 
==================================================
2026-07-20 11:14:22,912 - INFO - 📄 PAGE 76/13334
2026-07-20 11:14:22,913 - INFO - ==================================================
2026-07-20 11:14:32,780 - INFO -   [122] 📥 AO/108/2026 | 14/07/2026 | AMÉNAGEMENT DES PLACES PUBLIQUES ERRACHAD 1 ET ERRACHAD 2 DA...
2026-07-20 11:14:55,557 - INFO -   [123] 📥 50/2026/ORMVAL | 14/07/2026 | REALISATION DU PLAN DE COMMUNICATION SUR L’ECONOMIE DE L’EAU...
2026-07-20 11:15:17,759 - INFO -   [124] 📥 10/2026/GSTDSO | 14/07/2026 | La maintenance préventive, curative et la mise à niveau, y c...
2026-07-20 11:15:34,840 - INFO -   [125] 📥 49/2026/ORMVAL | 14/07/2026 | TRAVAUX  D’ENTRETIEN PREVENTIF DES STATIONS DE FILTRATION CO...
2026-07-20 11:15:53,847 - INFO -   [126] 📥 13/2026/CM | 14/07/2026 | Suivi et contrôle des travaux du marché relatif aux travaux ...
2026-07-20 11:16:14,525 - INFO -   [127] 📥 52/2026/ORH/SM | 14/07/2026 | TRAVAUX DE FINITION DE BUVETTE AU SIEGE DE L'ORMVA DU HAOUZ ...
2026-07-20 11:16:14,525 - INFO -   ✅ +6 | ⏭️ 0 hors dates | Total: 127
2026-07-20 11:16:27,891 - INFO - 
==================================================
2026-07-20 11:16:27,892 - INFO - 📄 PAGE 77/13334
2026-07-20 11:16:27,892 - INFO - ==================================================
2026-07-20 11:17:23,045 - INFO -   [128] 📥 660/2026/IBC/TRAV/L1 | 14/07/2026 | Travaux de construction du centre international de diffusion...
2026-07-20 11:17:43,480 - INFO -   [129] 📥 08/CEO/2026 | 14/07/2026 | ACHAT DE PETIT MATERIEL D’ENTRETIEN (ECLAIRAGE PUBLIC)....AC...
2026-07-20 11:18:02,035 - INFO -   [130] 📥 51/2026/ORH/SM | 14/07/2026 | Equipement en matériel technique pour le compte du club de L...
2026-07-20 11:18:19,244 - INFO -   [131] 📥 25/2026/ORMVAL | 14/07/2026 | ACHAT DES TELEPHONES MOBILES POUR LE COMPTE DE L’ORMVA DU LO...
2026-07-20 11:18:39,044 - INFO -   [132] 📥 20/2026/ORMVAL | 14/07/2026 | REVISION ET REPARATION DES MOTEURS ELECTRIQUES DES STATIONS ...
2026-07-20 11:18:39,045 - INFO -   ✅ +5 | ⏭️ 0 hors dates | Total: 132
2026-07-20 11:18:54,388 - INFO - 
==================================================
2026-07-20 11:18:54,392 - INFO - 📄 PAGE 78/13334
2026-07-20 11:18:54,393 - INFO - ==================================================
2026-07-20 11:19:16,978 - INFO -   [133] 📥 55/2026/ORMVAL | 14/07/2026 | Achat de matériel, d'outillage et de produits d'entretien po...
2026-07-20 11:19:45,046 - INFO -   [134] 📥 7/2026/BG2 | 14/07/2026 | Etudes géotechniques, suivi et contrôle de qualité des trava...
2026-07-20 11:19:59,737 - INFO -   [135] 📥 04/2026/fm6pospr | 14/07/2026 | l’Acquisition de Matériel informatique...l’Acquisition de Ma...
2026-07-20 11:21:20,282 - INFO -   [136] 📥 05/ENCGF/2026 | 14/07/2026 | Mise en œuvre d’une plateforme de virtualisation en cluster ...
2026-07-20 11:21:20,282 - INFO -   ✅ +4 | ⏭️ 0 hors dates | Total: 136
2026-07-20 11:21:35,690 - INFO - 
==================================================
2026-07-20 11:21:35,691 - INFO - 📄 PAGE 79/13334
2026-07-20 11:21:35,691 - INFO - ==================================================
2026-07-20 11:21:48,857 - INFO -   [137] 📥 04/CPTT/2026 | 14/07/2026 | Etude architecturale et suivi des travaux de construction d’...
2026-07-20 11:22:03,705 - INFO -   [138] 📥 03/CPTT/2026 | 14/07/2026 | Etude architecturale et suivi des travaux de construction d’...
2026-07-20 11:22:15,449 - INFO -   [139] 📥 17/2026/DAAC/BG | 14/07/2026 | La maintenance préventive et curative des climatiseurs pour ...
2026-07-20 11:22:27,370 - INFO -   [140] 📥 11/ODCO/2026 | 14/07/2026 | Prestation de mise à disposition des chauffeurs au profit de...
2026-07-20 11:22:27,371 - INFO -   ✅ +4 | ⏭️ 0 hors dates | Total: 140
2026-07-20 11:22:41,629 - INFO - 
==================================================
2026-07-20 11:22:41,630 - INFO - 📄 PAGE 80/13334
2026-07-20 11:22:41,631 - INFO - ==================================================
2026-07-20 11:25:22,760 - INFO -   [141] 📥 03/2026/DRI/AG | 14/07/2026 | Gardiennage et Sécurité des immeubles administratifs relevan...
2026-07-20 11:25:44,960 - INFO -   [142] 📥 02/DRAILSH/BH/2026 | 14/07/2026 | LA FOURNITURE, L’INSTALLATION ET LA MISE EN SERVICE DES CHAU...
2026-07-20 11:26:05,892 - INFO -   [143] 📥 18/2026/IF | 14/07/2026 | ACQUISITION DES MATERIAUX DE CONSTRUCTION POUR L’ENTRETIEN D...
2026-07-20 11:26:16,300 - INFO -   [144] 📥 18/2026/DGH | 14/07/2026 | Acquisition et installation des climatiseurs profit de la Di...
2026-07-20 11:26:30,500 - INFO -   [145] 📥 094/2026/EL | 14/07/2026 | Fourniture d'interrupteurs aériens à commande manuelle (IACM...
2026-07-20 11:26:30,501 - INFO -   ✅ +5 | ⏭️ 0 hors dates | Total: 145
2026-07-20 11:26:45,044 - INFO - 
==================================================
2026-07-20 11:26:45,044 - INFO - 📄 PAGE 81/13334
2026-07-20 11:26:45,045 - INFO - ==================================================
2026-07-20 11:27:09,104 - INFO -   [146] 📥 7/2026/DRCASM | 14/07/2026 | ACQUISITION DE MATERIEL DE NETTOYAGE DE TOUFFES ET DE VALORI...
2026-07-20 11:27:22,715 - INFO -   [147] 📥 5/2026/DRCASM | 14/07/2026 | Prestations de Nettoyage des locaux administratifs du siège ...
2026-07-20 11:27:37,488 - INFO -   [148] 📥 110/EL/26 | 14/07/2026 | Travaux d'injection des postes HTA-BT et d'aménagement du Ré...
2026-07-20 11:28:32,018 - INFO -   [149] 📥 40DR6/2026 | 14/07/2026 | Entretien et réparation des groupes de pompage des centres r...
2026-07-20 11:28:48,236 - INFO -   [150] 📥 11/2026/DPJL | 17/07/2026 | Gardiennage et sécurité du Tribunal de Famille de Boujdour. ...
2026-07-20 11:28:48,240 - INFO -   ✅ +5 | ⏭️ 0 hors dates | Total: 150
2026-07-20 11:29:02,006 - INFO - 
==================================================
2026-07-20 11:29:02,007 - INFO - 📄 PAGE 82/13334
2026-07-20 11:29:02,008 - INFO - ==================================================
2026-07-20 11:29:16,545 - INFO -   [151] 📥 27/2026 | 14/07/2026 | Étude de construction et de dédoublement de la rocade sud de...
2026-07-20 11:29:34,209 - INFO -   [152] 📥 04/2026/AINSFA | 14/07/2026 | AFFERMAGE SOUK COMMUNAL ET SES ANNEXES AINSI QUE LE PARKING ...
2026-07-20 11:29:51,549 - INFO -   [153] 📥 03/2026/AINSFA | 14/07/2026 | LOCATION ET EXPLOITATION DU CAFE COMMUNAL A AIN SFA CENTRE.....
2026-07-20 11:30:04,847 - INFO -   [154] 📥 9/INDH/2026 | 14/07/2026 | ACQUISITION D’UN MOYEN DE TRANSPORT DE 07 PLACES POUR LE CEN...
2026-07-20 11:30:04,863 - INFO -   ✅ +4 | ⏭️ 0 hors dates | Total: 154
2026-07-20 11:30:18,171 - INFO - 
==================================================
2026-07-20 11:30:18,172 - INFO - 📄 PAGE 83/13334
2026-07-20 11:30:18,172 - INFO - ==================================================
2026-07-20 11:30:34,089 - INFO -   [155] 📥 15/2026/BP | 14/07/2026 | TRAVAUX D’AMENAGEMENT ET D’EQUIPEMENT DES TERRAINS DE SPORT ...
2026-07-20 11:30:34,096 - INFO -   ✅ +1 | ⏭️ 0 hors dates | Total: 155
2026-07-20 11:30:47,896 - INFO - 
==================================================
2026-07-20 11:30:47,898 - INFO - 📄 PAGE 84/13334
2026-07-20 11:30:47,900 - INFO - ==================================================
2026-07-20 11:31:03,673 - INFO -   [156] 📥 29/DPJ/2026OS | 14/07/2026 | Assistance technique et suivi des travaux de réalisation des...
2026-07-20 11:31:18,383 - INFO -   [157] 📥 05/2026/MAPMDREF/DDERZM | 14/07/2026 | Achat de matériel informatique au profit de la direction de ...
2026-07-20 11:31:32,605 - INFO -   [158] 📥 25/AOO/AASLM/2026 | 14/07/2026 | REALISATION DES TRAVAUX PREPARATOIRE DES PROJETS D'AMENAGEME...
2026-07-20 11:31:50,111 - INFO -   [159] 📥 35/DPJ/2026AT | 14/07/2026 | Travaux de réhabilitation, renouvellement du réseau d’assain...
2026-07-20 11:32:00,450 - INFO -   [160] 📥 34/DPJ/2026AS | 14/07/2026 | Assistance technique et suivi des travaux de  dédoublement d...
2026-07-20 11:32:19,410 - INFO -   [161] 📥 11/2026/DRANEFMS/DPANEF_CH | 14/07/2026 | L’exécution des travaux d’amélioration sylvopastorale sur un...
2026-07-20 11:32:44,057 - INFO -   [162] 📥 10/2026/DRANEFMS/DPANEF_CH | 14/07/2026 | L’exécution des travaux de reboisement sur une superficie to...
2026-07-20 11:33:04,250 - INFO -   [163] 📥 05/BP/2026 | 14/07/2026 | L'ACQUISITION DES VÉHICULES POUR LES DIVERS SERVICES DU CONS...
2026-07-20 11:33:21,762 - INFO -   [164] 📥 12/2026/DRANEFMS/DPANEF_CH | 14/07/2026 | L’exécution des travaux de végétalisation des ravins sur une...
2026-07-20 11:33:21,762 - INFO -   ✅ +9 | ⏭️ 0 hors dates | Total: 164
2026-07-20 11:33:35,502 - INFO - 
==================================================
2026-07-20 11:33:35,503 - INFO - 📄 PAGE 85/13334
2026-07-20 11:33:35,504 - INFO - ==================================================
2026-07-20 11:33:56,529 - INFO -   [165] 📥 02/BP/2026 | 14/07/2026 | TRAVAUX D’AMÉNAGEMENT D’UN TERRAIN DE TENNIS A HAY EL AMAL A...
2026-07-20 11:34:22,346 - INFO -   [166] 📥 04/2026/DPA | 14/07/2026 | TRAVAUX D’AMENAGEMENT ET D’ENTRETIEN DE DEUX LOGEMENTS ADMIN...
2026-07-20 11:34:33,813 - INFO -   [167] 📥 25/SMTF/DM/BG/2026 | 14/07/2026 | LES TRAVAUX DE RESTAURATION DE LA MOSQUEE TOUAREG QASBAH ET ...
2026-07-20 11:34:43,312 - INFO -   [168] 📥 28/INF/2026/SCB | 14/07/2026 | TRAVAUX DE CONSTRUCTION D’UNE SALLE COUVERTE MULTISPORTS A B...
2026-07-20 11:34:43,317 - INFO -   ✅ +4 | ⏭️ 0 hors dates | Total: 168
2026-07-20 11:34:57,350 - INFO - 
==================================================
2026-07-20 11:34:57,353 - INFO - 📄 PAGE 86/13334
2026-07-20 11:34:57,356 - INFO - ==================================================
2026-07-20 11:35:11,553 - INFO -   [169] 📥 SF17/2026/DPETLSEFROU | 14/07/2026 | Travaux d’élargissement et de renforcement de la RR504 du PK...
2026-07-20 11:35:24,355 - INFO -   [170] 📥 05/A.E.A/2026 | 14/07/2026 | TRAVAUX D'AMENAGEMENT DE LA CRECHE JARDINS DE BELVEDERE. ( L...
2026-07-20 11:35:39,635 - INFO -   [171] 📥 02./AEA/2026 | 14/07/2026 | LA LOCATION DE MATERIEL DES FETES....LA LOCATION DE MATERIEL...
2026-07-20 11:35:55,115 - INFO -   [172] 📥 01/A.E.A/2026 | 14/07/2026 | ACHAT D'ARTICLES DE SPORT...ACHAT D'ARTICLES DE SPORT...
2026-07-20 11:36:11,930 - INFO -   [173] 📥 01/I.TIZ/2026 | 14/07/2026 | LES ETUDES TECHNIQUES ET LE SUIVI DES TRAVAUX D’AMENAGEMENT ...
2026-07-20 11:36:11,931 - INFO -   ✅ +5 | ⏭️ 0 hors dates | Total: 173
2026-07-20 11:36:25,718 - INFO - 
==================================================
2026-07-20 11:36:25,720 - INFO - 📄 PAGE 87/13334
2026-07-20 11:36:25,721 - INFO - ==================================================
2026-07-20 11:36:40,882 - INFO -   [174] 📥 05/I.TIZ/2026 | 14/07/2026 | FOURNITURE ET INSTALLATION DE SUPPORTS DE VIDEOPROJECTEURS D...
2026-07-20 11:37:00,509 - INFO -   [175] 📥 15/E.TIZ/2026 | 14/07/2026 | ACHAT DE FOURNITURE D'HYGIENE ET DE BAIN POUR LES INTERNATS ...
2026-07-20 11:37:29,166 - INFO -   [176] 📥 09/I.TIZ/2026 | 14/07/2026 | PRESTATIONS DE LABORATOIRE DE BATIMENTS ET TRAVAUX PUBLIQUES...
2026-07-20 11:37:50,190 - INFO -   [177] 📥 04/E.TIZ/2026 | 14/07/2026 | PRESTATIONS DE NETTOYAGE DES ETABLISSEMENTS SCOLAIRES PRIMAI...
2026-07-20 11:38:08,461 - INFO -   [178] 📥 23/2026/ADA/DDCPT/DPPT | 14/07/2026 | Maintenance des plateformes digitales de commercialisation d...
2026-07-20 11:38:08,496 - INFO -   ✅ +5 | ⏭️ 0 hors dates | Total: 178
2026-07-20 11:38:21,906 - INFO - 
==================================================
2026-07-20 11:38:21,910 - INFO - 📄 PAGE 88/13334
2026-07-20 11:38:21,911 - INFO - ==================================================
2026-07-20 11:38:45,971 - INFO -   [179] 📥 08/I.TIZ/2026 | 14/07/2026 | CONTROLE DES ETUDES TECHNIQUES ET SUIVI DES TRAVAUX EN TROIS...
2026-07-20 11:39:00,462 - INFO -   [180] 📥 10/E.TIZ/2026 | 14/07/2026 | PRESTATIONS DE NETTOYAGE DES ETABLISSEMENTS SCOLAIRES PRIMAI...
2026-07-20 11:39:28,917 - INFO -   [181] 📥 5/DAILEX2627 | 14/07/2026 | objet la fourniture à la SONACOS d’insecticide en formulatio...
2026-07-20 11:39:55,054 - INFO -   [182] 📥 20/I.TIZ/2026 | 14/07/2026 | TRAVAUX D’AMENAGEMENT ET DE REHABILITATION DE SIX ETABLISSEM...
2026-07-20 11:40:21,954 - INFO -   [183] 📥 22/I.TIZ/2026 | 14/07/2026 | TRAVAUX D’AMENAGEMENT ET DE REHABILITATION DE SIX ETABLISSEM...
2026-07-20 11:40:45,120 - INFO -   [184] 📥 21/I.TIZ/2026 | 14/07/2026 | TRAVAUX D’AMENAGEMENT ET DE REHABILITATION DE SEPT ETABLISSE...
2026-07-20 11:40:45,138 - INFO -   ✅ +6 | ⏭️ 0 hors dates | Total: 184
2026-07-20 11:40:59,117 - INFO - 
==================================================
2026-07-20 11:40:59,118 - INFO - 📄 PAGE 89/13334
2026-07-20 11:40:59,119 - INFO - ==================================================
2026-07-20 11:41:18,209 - INFO -   [185] 📥 23/I.TIZ/2026 | 14/07/2026 | TRAVAUX D’AMENAGEMENT ET DE REHABILITATION DE CINQ ETABLISSE...
2026-07-20 11:41:30,719 - INFO -   [186] 📥 25/E.TIZ/2026 | 14/07/2026 | ACHAT DE FOURNITURES DE BUREAU ET FOURNITURES INFORMATIQUES ...
2026-07-20 11:41:45,538 - INFO -   [187] 📥 11/E.TIZ/2026 | 14/07/2026 | ACHAT DES OUVRAGES POUR LES BIBLIOTHEQUES  DES ECOLES PRIMAI...
2026-07-20 11:42:00,523 - INFO -   [188] 📥 96/TTH/LA/2026 | 14/07/2026 | ETUDES TECHNIQUES, SUIVI, PILOTAGE ET CONTROLE DES TRAVAUX R...
2026-07-20 11:42:18,376 - INFO -   [189] 📥 12/E.TIZ/2026 | 14/07/2026 | ACHAT DES OUVRAGES POUR LES BIBLIOTHEQUES DES LYCEES COLLEGI...
2026-07-20 11:42:18,378 - INFO -   ✅ +5 | ⏭️ 0 hors dates | Total: 189
2026-07-20 11:42:31,464 - INFO - 
==================================================
2026-07-20 11:42:31,465 - INFO - 📄 PAGE 90/13334
2026-07-20 11:42:31,465 - INFO - ==================================================
2026-07-20 11:42:43,531 - INFO -   [190] 📥 26/I.TIZ/2026 | 14/07/2026 | ACHEVEMENT DES TRAVAUX DE LA CRÉATION D’UN INTERNAT AU LYCEE...
2026-07-20 11:42:57,850 - INFO -   [191] 📥 24/I.TIZ/2026 | 14/07/2026 | PRESTATIONS DE LABORATOIRE DE BATIMENTS ET TRAVAUX PUBLIQUES...
2026-07-20 11:43:17,923 - INFO -   [192] 📥 16/E.TIZ/2026 | 14/07/2026 | ACHAT DE FOURNITURES INFORMATIQUE POUR LA DIRECTION PROVINCI...
2026-07-20 11:43:34,831 - INFO -   [193] 📥 17/E.TIZ/2026 | 14/07/2026 | ACHAT DE FOURNITURES DE BUREAU POU52R LA DIRECTION PROVINCIA...
2026-07-20 11:43:34,835 - INFO -   ✅ +4 | ⏭️ 0 hors dates | Total: 193
2026-07-20 11:43:48,903 - INFO - 
==================================================
2026-07-20 11:43:48,904 - INFO - 📄 PAGE 91/13334
2026-07-20 11:43:48,904 - INFO - ==================================================
2026-07-20 11:44:08,918 - INFO -   [194] 📥 27/E.TIZ/2026 | 14/07/2026 | PRESTATION DE RESTAURATION AU PROFIT DES ELEVES DES ETABLISS...
2026-07-20 11:44:21,279 - INFO -   [195] 📥 02/E.TIZ/2026 | 14/07/2026 | PRESTATION DE RESTAURATION AU PROFIT DES INTERNATS ET CANTIN...
2026-07-20 11:45:00,612 - INFO -   [196] 📥 01/CT/2026 | 14/07/2026 | FOURNITURE D’UN CAMION ENTREPRENEUR...FOURNITURE D’UN CAMION...
2026-07-20 11:45:21,624 - INFO -   [197] 📥 97/2026/CHUIS | 14/07/2026 | Acquisition et l’installation d’un système de vidéosurveilla...
2026-07-20 11:45:35,740 - INFO -   [198] 📥 42DR6/2026 | 14/07/2026 | Réhabilitation du génie civil et des équipements hydromécani...
2026-07-20 11:45:35,741 - INFO -   ✅ +5 | ⏭️ 0 hors dates | Total: 198
2026-07-20 11:45:48,744 - INFO - 
==================================================
2026-07-20 11:45:48,745 - INFO - 📄 PAGE 92/13334
2026-07-20 11:45:48,746 - INFO - ==================================================
2026-07-20 11:46:02,377 - INFO -   [199] 📥 47/2026/DRSPSFM | 14/07/2026 | Acquisition et installation de matériel médicotechnique et m...
2026-07-20 11:46:24,974 - INFO -   [200] 📥 87/2026 | 14/07/2026 | TRAVAUX D’ACHEVEMENT DE VOIRIE ET D’AMÉNAGEMENT DES TROTTOIR...
2026-07-20 11:46:40,877 - INFO -   [201] 📥 103/2026 | 14/07/2026 | Travaux d’achèvement de Voiries, Dallage, Assainissement Et ...
2026-07-20 11:46:56,559 - INFO -   [202] 📥 102/2026 | 14/07/2026 | Travaux d’achèvement de Voiries, Dallage, Assainissement Et ...
2026-07-20 11:46:56,567 - INFO -   ✅ +4 | ⏭️ 0 hors dates | Total: 202
2026-07-20 11:47:14,640 - INFO - 
==================================================
2026-07-20 11:47:14,642 - INFO - 📄 PAGE 93/13334
2026-07-20 11:47:14,644 - INFO - ==================================================
2026-07-20 11:47:27,151 - INFO -   [203] 📥 178/26/ASST | 14/07/2026 | Travaux de déviation du réseau d'assainissement liquide impa...
2026-07-20 11:47:44,207 - INFO -   [204] 📥 143/26/ASST | 14/07/2026 | Assistance technique aux études d'assainissement liquide -Ré...
2026-07-20 11:48:02,195 - INFO -   [205] 📥 08/26/ASST | 14/07/2026 | Travaux d’assainissement liquide du chef-lieu de la commune ...
2026-07-20 11:48:19,366 - INFO -   [206] 📥 07/26/ASST | 14/07/2026 | Travaux d’assainissement liquide du chef-lieu de la commune ...
2026-07-20 11:48:19,386 - INFO -   ✅ +4 | ⏭️ 0 hors dates | Total: 206
2026-07-20 11:48:58,950 - INFO - 
==================================================
2026-07-20 11:48:58,952 - INFO - 📄 PAGE 94/13334
2026-07-20 11:48:58,954 - INFO - ==================================================
2026-07-20 11:49:11,204 - INFO -   [207] 📥 136/26/ASST | 14/07/2026 | Prestation d'inspection et de diagnostic des collecteurs non...
2026-07-20 11:49:25,401 - INFO -   [208] 📥 146/26/ASST | 14/07/2026 | Gestion des stations de pompage des eaux usées et des statio...
2026-07-20 11:49:39,106 - INFO -   [209] 📥 AOOCNSSFES_04_2026 | 13/07/2026 | l’acquisition des cafetières pour la direction régionale Fès...
2026-07-20 11:49:52,516 - INFO -   [210] 📥 AOOCNSSFES_06_2026 | 13/07/2026 | l’acquisition du mobilier de bureau pour la direction région...
2026-07-20 11:50:05,004 - INFO -   [211] 📥 AOOCNSSFES_03_2026 | 13/07/2026 | la fourniture, l’installation et la mise en service des NVR,...
2026-07-20 11:50:17,587 - INFO -   [212] 📥 AOOCNSSFES_07_2026 | 13/07/2026 | l’achat de fournitures de bureau et fournitures informatique...
2026-07-20 11:50:35,356 - INFO -   [213] 📥 E/194/26 | 13/07/2026 | Travaux d’entretien réseaux HTA et postes HTA/BT...Travaux d...
2026-07-20 11:50:35,357 - INFO -   ✅ +7 | ⏭️ 0 hors dates | Total: 213
2026-07-20 11:50:47,552 - INFO - 
==================================================
2026-07-20 11:50:47,554 - INFO - 📄 PAGE 95/13334
2026-07-20 11:50:47,555 - INFO - ==================================================
2026-07-20 11:51:02,775 - INFO -   [214] 📥 CA14/RRA/2026 | 13/07/2026 | LA CONCEPTION ARCHITECTURALE ET LE SUIVI DES TRAVAUX DE LA C...
2026-07-20 11:51:14,316 - INFO -   [215] 📥 53/2026/SRMFM | 13/07/2026 | Travaux de réalisation d'une STEP a boues activées et son ex...
2026-07-20 11:51:33,289 - INFO -   [216] 📥 121/2026/SRMFM | 13/07/2026 | Travaux d’entretien et maintenance du réseau d’électricité d...
2026-07-20 11:51:45,102 - INFO -   [217] 📥 219/2026/SRMFM | 13/07/2026 | Étude de transfert et d'épuration des eaux usées
(2 lots) :....
2026-07-20 11:51:45,106 - INFO -   ✅ +4 | ⏭️ 0 hors dates | Total: 217
2026-07-20 11:51:59,763 - INFO - 
==================================================
2026-07-20 11:51:59,765 - INFO - 📄 PAGE 96/13334
2026-07-20 11:51:59,767 - INFO - ==================================================
2026-07-20 11:52:15,316 - INFO -   [218] 📥 69/26/EAU | 13/07/2026 | Étude d’Actualisation du Schéma Directeur de Distribution d’...
2026-07-20 11:52:27,608 - INFO -   [219] 📥 155/26/EAU | 13/07/2026 | Travaux  remboursables eau potable pour le compte de la DP C...
2026-07-20 11:52:46,820 - INFO -   [220] 📥 146/2026/SRMFM | 13/07/2026 | Fourniture des compteurs d’eau de type volumétrique (4lots) ...
2026-07-20 11:53:00,686 - INFO -   [221] 📥 123/26/EAU | 13/07/2026 | Réalisation des travaux pour branchements neufs d’eau potabl...
2026-07-20 11:53:22,526 - INFO -   [222] 📥 122/2026/ADHA | 13/07/2026 | TRAVAUX DE REHABILITATION DES ETABLISSEMENTS SCOLAIRES RELEV...
2026-07-20 11:53:52,190 - INFO -   [223] 📥 121/2026/ADHA | 13/07/2026 | TRAVAUX DE RECONSTRUCTION DES ETABLISSEMENTS SCOLAIRES TARAS...
2026-07-20 11:53:52,193 - INFO -   ✅ +6 | ⏭️ 0 hors dates | Total: 223
2026-07-20 11:54:06,791 - INFO - 
==================================================
2026-07-20 11:54:06,793 - INFO - 📄 PAGE 97/13334
2026-07-20 11:54:06,793 - INFO - ==================================================
2026-07-20 11:54:24,905 - INFO -   [224] 📥 120/2026/ADHA | 13/07/2026 | TRAVAUX DE RECONSTRUCTION DE 02 ECOLES A LA COMMUNE IMINDOUN...
2026-07-20 11:54:35,338 - INFO -   [225] 📥 286/2026/SRMFM | 13/07/2026 | Prestations de coupure et de rebranchement eau/électricité d...
2026-07-20 11:54:45,438 - INFO -   [226] 📥 184/2026/SRMFM | 13/07/2026 | Travaux d’entretien et de maintenance des installations de l...
2026-07-20 11:54:57,239 - INFO -   [227] 📥 51/2026/SOREC | 13/07/2026 | La fourniture et la livraison de consommables destinés au La...
2026-07-20 11:55:09,282 - INFO -   [228] 📥 304/2026/SRMFM | 13/07/2026 | Prestation de location des imprimantes multifonctions pour l...
2026-07-20 11:55:20,089 - INFO -   [229] 📥 08/2026/SRMFMM | 13/07/2026 | Fourniture des produits de traitement de la STEP d’IFRANE......
2026-07-20 11:55:20,090 - INFO -   ✅ +6 | ⏭️ 0 hors dates | Total: 229
2026-07-20 11:55:34,248 - INFO - 
==================================================
2026-07-20 11:55:34,249 - INFO - 📄 PAGE 98/13334
2026-07-20 11:55:34,249 - INFO - ==================================================
2026-07-20 11:55:45,840 - INFO -   [230] 📥 267/2026/SRMFM | 13/07/2026 | Extension et aménagement du poste source Toulal de la direct...
2026-07-20 11:55:54,941 - INFO -   [231] 📥 207/2026/SRMFM | 13/07/2026 | Travaux de mise a niveau, renouvellement des équipements hyd...
2026-07-20 11:56:13,689 - INFO -   [232] 📥 41/26/AREPRRSK | 13/07/2026 | ETUDES TECHNIQUES ET SUIVI DES TRAVAUX DE CONSTRUCTION DE TE...
2026-07-20 11:56:30,176 - INFO -   [233] 📥 CA18/TTH/CH/2026 | 13/07/2026 | ELABORATION DES ETUDES ARCHITECTURALES ET LE SUIVI DES TRAVA...
2026-07-20 11:56:44,771 - INFO -   [234] 📥 43/2026/SOREC | 13/07/2026 | La fourniture et la livraison de matériel de dentisterie équ...
2026-07-20 11:56:44,772 - INFO -   ✅ +5 | ⏭️ 0 hors dates | Total: 234
2026-07-20 11:56:58,049 - INFO - 
==================================================
2026-07-20 11:56:58,050 - INFO - 📄 PAGE 99/13334
2026-07-20 11:56:58,051 - INFO - ==================================================
2026-07-20 11:57:19,051 - INFO -   [235] 📥 13/2026/C.Z | 13/07/2026 | ETUDES TECHNIQUES ET SUIVI DES TRAVAUX DE CONSTRUCTION DU SI...
2026-07-20 11:57:34,340 - INFO -   [236] 📥 29/2026/AMDL | 13/07/2026 | Travaux de signalisation du centre routier d’El Hajeb dans l...
2026-07-20 11:57:45,761 - INFO -   [237] 📥 O/181/26 | 13/07/2026 | Études techniques relatives au renforcement et à la sécurisa...
2026-07-20 11:58:04,214 - INFO -   [238] 📥 22/SMTF/DM/BG/2026 | 13/07/2026 | LA RECEPTION DES FONDS DE FOUILLES, SUIVI ET CONTROLE DE QUA...
2026-07-20 11:58:15,969 - INFO -   [239] 📥 56/2026/S2A | 13/07/2026 | Études techniques, contrôle général et suivi technique des t...
2026-07-20 11:58:35,069 - INFO -   [240] 📥 E/172/26 | 13/07/2026 | Pose et dépose des compteurs d'électricité (fourniture des c...
2026-07-20 11:58:47,446 - INFO -   [241] 📥 55/2026/S2A | 13/07/2026 | TRAVAUX D’EXTENSION ET DE MISE A NIVEAU DE PLUSIEUERS ETABLI...
2026-07-20 11:58:47,448 - INFO -   ✅ +7 | ⏭️ 0 hors dates | Total: 241
2026-07-20 11:59:01,053 - INFO - 
==================================================
2026-07-20 11:59:01,054 - INFO - 📄 PAGE 100/13334
2026-07-20 11:59:01,055 - INFO - ==================================================
2026-07-20 11:59:53,035 - INFO -   [242] 📥 02GARDFMPGUIZ/2026/FMPG | 13/07/2026 | PRESTATION DE GARDIENNAGE ET SURVEILLANCE DES LOCAUX DE LA F...
2026-07-20 12:00:05,443 - INFO -   [243] 📥 15/2026/CHUMVIA | 13/07/2026 | ACHAT DES REACTIFS ET CONSOMMABLES POUR LE LABORATOIRE IMMUN...
2026-07-20 12:00:28,009 - INFO -   [244] 📥 13/DRG/CI/R/2026 | 13/07/2026 | Réaménagement du logement de fonction pour l'Unité de Produc...
2026-07-20 12:00:42,594 - INFO -   [245] 📥 31/2026/AMDL | 13/07/2026 | Études techniques et suivi des travaux d’aménagement, d’agen...
2026-07-20 12:00:42,597 - INFO -   ✅ +4 | ⏭️ 0 hors dates | Total: 245
2026-07-20 12:00:55,471 - INFO - 
==================================================
2026-07-20 12:00:55,472 - INFO - 📄 PAGE 101/13334
2026-07-20 12:00:55,473 - INFO - ==================================================
2026-07-20 12:01:06,643 - INFO -   [246] 📥 32/2026/MEF/AC/INF | 13/07/2026 | L’acquisition du consommable pour matériel informatique, pou...
2026-07-20 12:01:19,956 - INFO -   [247] 📥 02/2026CMC | 13/07/2026 | Prestation de restauration collective au profit des stagiair...
2026-07-20 12:01:35,286 - INFO -   [248] 📥 28/AMDL/2026 | 13/07/2026 | Travaux d’aménagement de l’extension du centre routier d’El ...
2026-07-20 12:01:52,869 - INFO -   [249] 📥 46/2026 | 13/07/2026 | ACQUISITION ET INSTALLATION D’UN SYSTEME DE VIDEOSURVEILLANC...
2026-07-20 12:01:52,872 - INFO -   ✅ +4 | ⏭️ 0 hors dates | Total: 249
2026-07-20 12:02:06,458 - INFO - 
==================================================
2026-07-20 12:02:06,459 - INFO - 📄 PAGE 102/13334
2026-07-20 12:02:06,459 - INFO - ==================================================
2026-07-20 12:02:20,069 - INFO -   [250] 📥 03/2026CMC | 13/07/2026 | Réalisation des prestations  de  reprographie  des  document...
2026-07-20 12:02:53,451 - INFO -   [251] 📥 16/2026/BP | 13/07/2026 | " Travaux d'aménagement de pistes, en bicouche, à la commune...
2026-07-20 12:03:27,706 - INFO -   [252] 📥 64/26 | 13/07/2026 | ELABORATION DES ETUDES ARCHITECTURALES ET LE SUIVI DES TRAVA...
2026-07-20 12:03:41,686 - INFO -   [253] 📥 10/2026/INDH/PS | 13/07/2026 | Travaux de construction de la piste reliant la RP5053 au dou...
2026-07-20 12:03:57,523 - INFO -   [254] 📥 05/2026/INDH/PS | 13/07/2026 | ETUDE ARCHITECTURALE ET SUIVI DES TRAVAUX DE CONSTRUCTION DE...
2026-07-20 12:04:23,796 - INFO -   [255] 📥 09/2026/INDH/PS | 13/07/2026 | Travaux de construction de la piste reliant la RP5033 au dou...
2026-07-20 12:04:35,962 - INFO -   [256] 📥 03/2026/BG | 13/07/2026 | Fourniture des matériaux de construction pour l’entretien de...
2026-07-20 12:04:45,884 - INFO -   [257] 📥 04/2026/INDH | 13/07/2026 | l’Acquisition, pose et installation des équipements, matérie...
2026-07-20 12:04:45,905 - INFO -   ✅ +8 | ⏭️ 0 hors dates | Total: 257
2026-07-20 12:04:59,427 - INFO - 
==================================================
2026-07-20 12:04:59,430 - INFO - 📄 PAGE 103/13334
2026-07-20 12:04:59,432 - INFO - ==================================================
2026-07-20 12:05:12,088 - INFO -   [258] 📥 09/2026/INDH | 13/07/2026 | la réalisation des essais et contrôle de qualité des travaux...
2026-07-20 12:05:31,812 - INFO -   [259] 📥 100/AS/26 | 13/07/2026 | Travaux de réseau d'assainissement liquide au centre Oulad Y...
2026-07-20 12:05:31,878 - INFO -   ✅ +2 | ⏭️ 0 hors dates | Total: 259
2026-07-20 12:05:45,042 - INFO - 
==================================================
2026-07-20 12:05:45,043 - INFO - 📄 PAGE 104/13334
2026-07-20 12:05:45,044 - INFO - ==================================================
2026-07-20 12:06:03,072 - INFO -   [260] 📥 09/2026. | 13/07/2026 | Achat de Prothèses et articles pour handicapés destinées à l...
2026-07-20 12:06:13,772 - INFO -   [261] 📥 AO/97/2026 | 13/07/2026 | TRAVAUX DE CONSTRUTION ET DE RENFORCEMENT DES VOIES AVEC ELA...
2026-07-20 12:06:34,658 - INFO -   [262] 📥 105/2026/CHUIS | 13/07/2026 | les Travaux d’achèvement pour le réaménagement de l’unité de...
2026-07-20 12:07:09,257 - INFO -   [263] 📥 29/2026/B.G | 13/07/2026 | Achèvement des travaux d’aménagement du siège de la Province...
2026-07-20 12:07:25,096 - INFO -   [264] 📥 03/2026/DMSPSPOA | 13/07/2026 | Achat et pose des prothèses  auditives destinées aux personn...
2026-07-20 12:07:54,640 - INFO -   [265] 📥 22/2026/INDH | 13/07/2026 | Travaux d’aménagement de l’espace multifonctionnel des femme...
2026-07-20 12:07:54,641 - INFO -   ✅ +6 | ⏭️ 0 hors dates | Total: 265
2026-07-20 12:08:08,758 - INFO - 
==================================================
2026-07-20 12:08:08,758 - INFO - 📄 PAGE 105/13334
2026-07-20 12:08:08,759 - INFO - ==================================================
2026-07-20 12:08:21,751 - INFO -   [266] 📥 04/CCISTTA/2026 | 13/07/2026 | L’ORGANISATION DE LA DEUXIÈME ÉDITION DU SALON DU TOURISME À...
2026-07-20 12:08:33,476 - INFO -   [267] 📥 10/2026/DRCAFM | 13/07/2026 | La prise en charge des frais de restauration des participant...
2026-07-20 12:08:50,392 - INFO -   [268] 📥 19/2026 | 13/07/2026 | FOURNITURE DE DEUX (2) GROUPES ELECTROGENES DE PUISSANCE 22 ...
2026-07-20 12:09:10,108 - INFO -   [269] 📥 123/2026/ADHA | 13/07/2026 | TRAVAUX DE RECONSTRUCTION DES ETABLISSEMENTS SCOLAIRES RELEV...
2026-07-20 12:09:33,347 - INFO -   [270] 📥 124/2026/ADHA | 13/07/2026 | TRAVAUX DE RECONSTRUCTION DES ETABLISSEMENTS SCOLAIRES RELEV...
2026-07-20 12:09:33,350 - INFO -   ✅ +5 | ⏭️ 0 hors dates | Total: 270
2026-07-20 12:09:46,256 - INFO - 
==================================================
2026-07-20 12:09:46,256 - INFO - 📄 PAGE 106/13334
2026-07-20 12:09:46,257 - INFO - ==================================================
2026-07-20 12:10:01,885 - INFO -   [271] 📥 02/CCME/2026 | 13/07/2026 | LA REALISATION DES TRAVAUX D’ECLAIRAGE PUBLIC DE LA PHASE 1....
2026-07-20 12:10:14,794 - INFO -   [272] 📥 125/2026/ADHA | 13/07/2026 | TRAVAUX DE CONSTRUCTION D’UN CENTRE DE SANTE RURAL (CSR NIVE...
2026-07-20 12:10:30,027 - INFO -   [273] 📥 9/2026 | 13/07/2026 | TRAVAUX D'AVHEVEMENT DE CONSTRUCTION DES PISTES A LA COMMUNE...
2026-07-20 12:11:07,696 - INFO -   [274] 📥 03/2026/ARYEM | 14/07/2026 | Achat de matériel informatique pour le compte de l'arrondiss...
2026-07-20 12:11:23,968 - INFO -   [275] 📥 54/2026/2 | 13/07/2026 | Achat de Matériel de bureau et Fourniture de bureau destiné ...
2026-07-20 12:11:39,649 - INFO -   [276] 📥 108/O/26 | 13/07/2026 | Entretien et maintenance du système de télégestion du réseau...
2026-07-20 12:11:39,652 - INFO -   ✅ +6 | ⏭️ 0 hors dates | Total: 276
2026-07-20 12:11:52,592 - INFO - 
==================================================
2026-07-20 12:11:52,595 - INFO - 📄 PAGE 107/13334
2026-07-20 12:11:52,597 - INFO - ==================================================
2026-07-20 12:12:16,010 - INFO -   [277] 📥 92/2026 | 13/07/2026 | Travaux d’aménagement des rives d’Oued Issil - Tranche 3 - à...
2026-07-20 12:12:34,846 - INFO -   [278] 📥 6/BG2/2026 | 13/07/2026 | Etude technique, suivi et pilotage des travaux de constructi...
2026-07-20 12:12:50,905 - INFO -   [279] 📥 91/2026 | 13/07/2026 | Travaux d’aménagement des rives d’Oued Issil - Tranche 2 - à...
2026-07-20 12:13:06,891 - INFO -   [280] 📥 90/2026 | 13/07/2026 | Travaux d’aménagement des rives d’Oued Issil - Tranche 1 - à...
2026-07-20 12:13:23,919 - INFO -   [281] 📥 29/DRC/CI/2026 | 13/07/2026 | GARDIENNAGE DU COMPLEXE ADDUCTEUR DAOURAT &amp; DE LA STATIO...
2026-07-20 12:13:23,921 - INFO -   ✅ +5 | ⏭️ 0 hors dates | Total: 281
2026-07-20 12:13:37,353 - INFO - 
==================================================
2026-07-20 12:13:37,354 - INFO - 📄 PAGE 108/13334
2026-07-20 12:13:37,355 - INFO - ==================================================
2026-07-20 12:14:18,597 - INFO -   [282] 📥 110/2026/CHUIS | 13/07/2026 | Acquisition des équipements biomédicaux pour divers établiss...
2026-07-20 12:14:32,704 - INFO -   [283] 📥 112/26/ELEC | 13/07/2026 | Les prestations de maintenance du système de télérelève des ...
2026-07-20 12:15:05,870 - INFO -   [284] 📥 09/AHH/2024 | 13/07/2026 | Travaux d’Entretien Courant des Voies : Entretien de Divers ...
2026-07-20 12:15:22,255 - INFO -   [285] 📥 14/2026/ABHBC | 13/07/2026 | Traitement des plans d’aménagements et des dossiers d’invest...
2026-07-20 12:15:39,560 - INFO -   [286] 📥 15/2026/ABHBC | 13/07/2026 | Audit de conformité à la loi n° 09-08 relative à la protecti...
2026-07-20 12:15:56,194 - INFO -   [287] 📥 20/2026/ABHBC | 13/07/2026 | Assistance à la mise en place de la gestion Prévisionnelle d...
2026-07-20 12:15:56,196 - INFO -   ✅ +6 | ⏭️ 0 hors dates | Total: 287
2026-07-20 12:16:09,599 - INFO - 
==================================================
2026-07-20 12:16:09,601 - INFO - 📄 PAGE 109/13334
2026-07-20 12:16:09,603 - INFO - ==================================================
2026-07-20 12:17:06,419 - INFO -   [288] 📥 19/2026/ABHBC | 13/07/2026 | Conception, réalisation et impression des documents du conse...
2026-07-20 12:17:53,734 - INFO -   [289] 📥 05/2026/BG | 13/07/2026 | TRAVAUX D'AMENAGEMENT DES POSTES DE COMMANDEMENT RELEVANT DE...
2026-07-20 12:18:25,117 - INFO -   [290] 📥 02/2026/C/B | 13/07/2026 | Travaux D’installation D’un Système Solaire Pour Le Pompage ...
2026-07-20 12:18:48,800 - INFO -   [291] 📥 22/2026/ABHBC | 13/07/2026 | Achat de mobilier de bureau pour l’ABHBC...Achat de mobilier...
2026-07-20 12:19:08,925 - INFO -   [292] 📥 20/2026/INDH | 13/07/2026 | L’adaptation des études techniques et suivi des Travaux :
- ...
2026-07-20 12:19:08,926 - INFO -   ✅ +5 | ⏭️ 0 hors dates | Total: 292
2026-07-20 12:19:22,312 - INFO - 
==================================================
2026-07-20 12:19:22,313 - INFO - 📄 PAGE 110/13334
2026-07-20 12:19:22,314 - INFO - ==================================================
2026-07-20 12:19:58,107 - INFO -   [293] 📥 21/2026/ABHBC | 13/07/2026 | Nettoyage des locaux du siège de l’ABHBC - Marché reconducti...
2026-07-20 12:20:18,585 - INFO -   [294] 📥 46/INO/2026 | 13/07/2026 | Achat et installation des équipements et mobiliers pour la m...
2026-07-20 12:21:15,964 - INFO -   [295] 📥 48/2026/DPA/IF | 13/07/2026 | Travaux de plantation de 100Ha des cladodes de cactus à la C...
2026-07-20 12:22:14,882 - INFO -   [296] 📥 18/2026/2 | 13/07/2026 | Achat des paillasses et mobiliers de laboratoire destinés au...
2026-07-20 12:26:06,795 - INFO -   [297] 📥 40/2026/DPA/IF | 13/07/2026 | Achat de 134 chèvres de race Noire Atlas ou Barcha au profit...
2026-07-20 12:26:22,191 - INFO -   [298] 📥 25/2026/ABHBC | 13/07/2026 | Assistance technique pour la saisie et le traitement des dos...
2026-07-20 12:28:09,149 - INFO -   [299] 📥 39/2026/DPA/IF | 13/07/2026 | Travaux de correction des ravins et protection des berges à ...
2026-07-20 12:28:09,150 - INFO -   ✅ +7 | ⏭️ 0 hors dates | Total: 299
2026-07-20 12:28:22,131 - INFO - 
==================================================
2026-07-20 12:28:22,133 - INFO - 📄 PAGE 111/13334
2026-07-20 12:28:22,134 - INFO - ==================================================
2026-07-20 12:28:22,467 - INFO -   ✅ +0 | ⏭️ 0 hors dates | Total: 299
2026-07-20 12:28:36,722 - INFO - 
==================================================
2026-07-20 12:28:36,724 - INFO - 📄 PAGE 112/13334
2026-07-20 12:28:36,725 - INFO - ==================================================
2026-07-20 12:29:14,812 - INFO -   [300] 📥 118/2026/ADHA | 13/07/2026 | TRAVAUX DE RECONSTRUCTION DES ETABLISSEMENTS SCOLAIRES RELEV...
2026-07-20 12:29:43,438 - INFO -   [301] 📥 109/2026/ADHA | 13/07/2026 | HÉBERGEMENT ET INFOGÉRANCE DES PLATEFORMES DU SYSTÈME D’INFO...
2026-07-20 12:30:24,689 - INFO -   [302] 📥 106/2026/ADHA | 13/07/2026 | TRAVAUX D'ÉLECTRIFICATION DES GROUPLEMENTS D'HABITATIONS PRO...
2026-07-20 12:30:37,847 - INFO -   [303] 📥 20/2026/AREP/MS | 13/07/2026 | Travaux de construction de corps de chaussée de la RP2203 re...
2026-07-20 12:30:57,982 - INFO -   [304] 📥 31/BR/RGON/2026 | 13/07/2026 | Etudes Techniques et suivi des travaux de construction d'une...
2026-07-20 12:31:09,404 - INFO -   [305] 📥 18/2026/AREP/MS | 13/07/2026 | Travaux de construction de la piste reliant la RN8 à la RP20...
2026-07-20 12:31:09,413 - INFO -   ✅ +6 | ⏭️ 0 hors dates | Total: 305
2026-07-20 12:31:24,298 - INFO - 
==================================================
2026-07-20 12:31:24,300 - INFO - 📄 PAGE 113/13334
2026-07-20 12:31:24,303 - INFO - ==================================================
2026-07-20 12:31:34,672 - INFO -   [306] 📥 14/2026/AREP/MS | 13/07/2026 | Prestations de contrôle extérieur et de suivi de la qualité ...
2026-07-20 12:31:46,329 - INFO -   [307] 📥 02/2026/DPAM | 13/07/2026 | ACQUISITION DE  4 SEMOIRS DE SEMIS DIRECT DANS LE CADRE DU P...
2026-07-20 12:32:01,895 - INFO -   [308] 📥 12/2026/CD | 13/07/2026 | TRAVAUX D’ENTRETIEN COURANT DES LUMINAIRES D’ECLAIRAGE 
PUBL...
2026-07-20 12:32:17,961 - INFO -   [309] 📥 11/2026/CD | 13/07/2026 | Achat de luminaires d’éclairage public...Achat de luminaires...
2026-07-20 12:32:17,974 - INFO -   ✅ +4 | ⏭️ 0 hors dates | Total: 309
2026-07-20 12:32:57,066 - INFO - 
==================================================
2026-07-20 12:32:57,067 - INFO - 📄 PAGE 114/13334
2026-07-20 12:32:57,068 - INFO - ==================================================
2026-07-20 12:32:57,092 - INFO -   ✅ +0 | ⏭️ 0 hors dates | Total: 309
2026-07-20 12:33:29,119 - INFO - 
==================================================
2026-07-20 12:33:29,120 - INFO - 📄 PAGE 115/13334
2026-07-20 12:33:29,120 - INFO - ==================================================
2026-07-20 12:33:29,126 - INFO -   ✅ +0 | ⏭️ 0 hors dates | Total: 309
2026-07-20 12:34:01,146 - INFO - 
==================================================
2026-07-20 12:34:01,146 - INFO - 📄 PAGE 116/13334
2026-07-20 12:34:01,147 - INFO - ==================================================
2026-07-20 12:34:01,153 - INFO -   ✅ +0 | ⏭️ 0 hors dates | Total: 309
2026-07-20 12:34:33,188 - INFO - 
==================================================
2026-07-20 12:34:33,189 - INFO - 📄 PAGE 117/13334
2026-07-20 12:34:33,189 - INFO - ==================================================
2026-07-20 12:34:33,197 - INFO -   ✅ +0 | ⏭️ 0 hors dates | Total: 309
2026-07-20 12:35:05,217 - INFO - 
==================================================
2026-07-20 12:35:05,218 - INFO - 📄 PAGE 118/13334
2026-07-20 12:35:05,218 - INFO - ==================================================
2026-07-20 12:35:05,227 - INFO -   ✅ +0 | ⏭️ 0 hors dates | Total: 309
2026-07-20 12:35:37,276 - INFO - 
==================================================
2026-07-20 12:35:37,277 - INFO - 📄 PAGE 119/13334
2026-07-20 12:35:37,278 - INFO - ==================================================
2026-07-20 12:35:37,292 - INFO -   ✅ +0 | ⏭️ 0 hors dates | Total: 309
2026-07-20 12:36:09,325 - INFO - 
==================================================
2026-07-20 12:36:09,329 - INFO - 📄 PAGE 120/13334
2026-07-20 12:36:09,334 - INFO - ==================================================
2026-07-20 12:36:09,373 - INFO -   ✅ +0 | ⏭️ 0 hors dates | Total: 309
2026-07-20 12:36:41,417 - INFO - 
==================================================
2026-07-20 12:36:41,418 - INFO - 📄 PAGE 121/13334
2026-07-20 12:36:41,420 - INFO - ==================================================
2026-07-20 12:36:41,442 - INFO -   ✅ +0 | ⏭️ 0 hors dates | Total: 309
2026-07-20 12:37:13,498 - INFO - 
==================================================
2026-07-20 12:37:13,502 - INFO - 📄 PAGE 122/13334
2026-07-20 12:37:13,504 - INFO - ==================================================
2026-07-20 12:37:13,543 - INFO -   ✅ +0 | ⏭️ 0 hors dates | Total: 309
2026-07-20 12:37:45,574 - INFO - 
==================================================
2026-07-20 12:37:45,576 - INFO - 📄 PAGE 123/13334
2026-07-20 12:37:45,579 - INFO - ==================================================
2026-07-20 12:37:45,616 - INFO -   ✅ +0 | ⏭️ 0 hors dates | Total: 309
2026-07-20 12:38:17,653 - INFO - 
==================================================
2026-07-20 12:38:17,655 - INFO - 📄 PAGE 124/13334
2026-07-20 12:38:17,657 - INFO - ==================================================
2026-07-20 12:38:17,695 - INFO -   ✅ +0 | ⏭️ 0 hors dates | Total: 309
2026-07-20 12:38:49,726 - INFO - 
==================================================
2026-07-20 12:38:49,729 - INFO - 📄 PAGE 125/13334
2026-07-20 12:38:49,731 - INFO - ==================================================
2026-07-20 12:38:49,767 - INFO -   ✅ +0 | ⏭️ 0 hors dates | Total: 309
2026-07-20 12:39:21,801 - INFO - 
==================================================
2026-07-20 12:39:21,802 - INFO - 📄 PAGE 126/13334
2026-07-20 12:39:21,803 - INFO - ==================================================
2026-07-20 12:39:21,817 - INFO -   ✅ +0 | ⏭️ 0 hors dates | Total: 309
2026-07-20 12:39:53,862 - INFO - 
==================================================
2026-07-20 12:39:53,863 - INFO - 📄 PAGE 127/13334
2026-07-20 12:39:53,865 - INFO - ==================================================
2026-07-20 12:39:53,881 - INFO -   ✅ +0 | ⏭️ 0 hors dates | Total: 309
2026-07-20 12:40:25,926 - INFO - 
==================================================
2026-07-20 12:40:25,927 - INFO - 📄 PAGE 128/13334
2026-07-20 12:40:25,928 - INFO - ==================================================
2026-07-20 12:40:25,934 - INFO -   ✅ +0 | ⏭️ 0 hors dates | Total: 309
2026-07-20 12:40:57,958 - INFO - 
==================================================
2026-07-20 12:40:57,958 - INFO - 📄 PAGE 129/13334
2026-07-20 12:40:57,958 - INFO - ==================================================
2026-07-20 12:40:57,964 - INFO -   ✅ +0 | ⏭️ 0 hors dates | Total: 309
2026-07-20 12:41:30,004 - INFO - 
==================================================
2026-07-20 12:41:30,006 - INFO - 📄 PAGE 130/13334
2026-07-20 12:41:30,008 - INFO - ==================================================
2026-07-20 12:41:30,042 - INFO -   ✅ +0 | ⏭️ 0 hors dates | Total: 309
2026-07-20 12:42:02,078 - INFO - 
==================================================
2026-07-20 12:42:02,080 - INFO - 📄 PAGE 131/13334
2026-07-20 12:42:02,083 - INFO - ==================================================
2026-07-20 12:42:02,119 - INFO -   ✅ +0 | ⏭️ 0 hors dates | Total: 309
2026-07-20 12:42:34,158 - INFO - 
==================================================
2026-07-20 12:42:34,161 - INFO - 📄 PAGE 132/13334
2026-07-20 12:42:34,164 - INFO - ==================================================
2026-07-20 12:42:34,200 - INFO -   ✅ +0 | ⏭️ 0 hors dates | Total: 309
2026-07-20 12:43:06,235 - INFO - 
==================================================
2026-07-20 12:43:06,236 - INFO - 📄 PAGE 133/13334
2026-07-20 12:43:06,237 - INFO - ==================================================
2026-07-20 12:43:06,242 - INFO -   ✅ +0 | ⏭️ 0 hors dates | Total: 309
2026-07-20 12:43:38,283 - INFO - 
==================================================
2026-07-20 12:43:38,362 - INFO - 📄 PAGE 134/13334
2026-07-20 12:43:38,447 - INFO - ==================================================
2026-07-20 12:43:38,483 - INFO -   ✅ +0 | ⏭️ 0 hors dates | Total: 309
2026-07-20 12:44:10,508 - INFO - 
==================================================
2026-07-20 12:44:10,515 - INFO - 📄 PAGE 135/13334
2026-07-20 12:44:10,515 - INFO - ==================================================
2026-07-20 12:44:10,527 - INFO -   ✅ +0 | ⏭️ 0 hors dates | Total: 309
2026-07-20 12:44:42,572 - INFO - 
==================================================
2026-07-20 12:44:42,577 - INFO - 📄 PAGE 136/13334
2026-07-20 12:44:42,579 - INFO - ==================================================
2026-07-20 12:44:42,618 - INFO -   ✅ +0 | ⏭️ 0 hors dates | Total: 309
2026-07-20 12:45:14,680 - INFO - 
==================================================
2026-07-20 12:45:14,683 - INFO - 📄 PAGE 137/13334
2026-07-20 12:45:14,684 - INFO - ==================================================
2026-07-20 12:45:14,736 - INFO -   ✅ +0 | ⏭️ 0 hors dates | Total: 309
2026-07-20 12:45:46,770 - INFO - 
==================================================
2026-07-20 12:45:46,772 - INFO - 📄 PAGE 138/13334
2026-07-20 12:45:46,774 - INFO - ==================================================
2026-07-20 12:45:46,806 - INFO -   ✅ +0 | ⏭️ 0 hors dates | Total: 309
2026-07-20 12:46:18,857 - INFO - 
==================================================
2026-07-20 12:46:18,858 - INFO - 📄 PAGE 139/13334
2026-07-20 12:46:18,859 - INFO - ==================================================
2026-07-20 12:46:18,879 - INFO -   ✅ +0 | ⏭️ 0 hors dates | Total: 309
2026-07-20 12:46:50,911 - INFO - 
==================================================
2026-07-20 12:46:50,916 - INFO - 📄 PAGE 140/13334
2026-07-20 12:46:50,920 - INFO - ==================================================
2026-07-20 12:46:50,936 - INFO -   ✅ +0 | ⏭️ 0 hors dates | Total: 309
2026-07-20 12:47:22,969 - INFO - 
==================================================
2026-07-20 12:47:22,970 - INFO - 📄 PAGE 141/13334
2026-07-20 12:47:22,970 - INFO - ==================================================
2026-07-20 12:47:22,976 - INFO -   ✅ +0 | ⏭️ 0 hors dates | Total: 309
2026-07-20 12:47:54,997 - INFO - 
==================================================
2026-07-20 12:47:54,999 - INFO - 📄 PAGE 142/13334
2026-07-20 12:47:54,999 - INFO - ==================================================
2026-07-20 12:47:55,009 - INFO -   ✅ +0 | ⏭️ 0 hors dates | Total: 309
2026-07-20 12:48:27,057 - INFO - 
==================================================
2026-07-20 12:48:27,057 - INFO - 📄 PAGE 143/13334
2026-07-20 12:48:27,057 - INFO - ==================================================
2026-07-20 12:48:27,064 - INFO -   ✅ +0 | ⏭️ 0 hors dates | Total: 309
2026-07-20 12:48:59,089 - INFO - 
==================================================
2026-07-20 12:48:59,089 - INFO - 📄 PAGE 144/13334
2026-07-20 12:48:59,090 - INFO - ==================================================
2026-07-20 12:48:59,096 - INFO -   ✅ +0 | ⏭️ 0 hors dates | Total: 309
2026-07-20 12:49:31,121 - INFO - 
==================================================
2026-07-20 12:49:31,124 - INFO - 📄 PAGE 145/13334
2026-07-20 12:49:31,126 - INFO - ==================================================
2026-07-20 12:49:31,152 - INFO -   ✅ +0 | ⏭️ 0 hors dates | Total: 309
2026-07-20 12:50:03,178 - INFO - 
==================================================
2026-07-20 12:50:03,178 - INFO - 📄 PAGE 146/13334
2026-07-20 12:50:03,179 - INFO - ==================================================
2026-07-20 12:50:03,186 - INFO -   ✅ +0 | ⏭️ 0 hors dates | Total: 309
2026-07-20 12:50:35,234 - INFO - 
==================================================
2026-07-20 12:50:35,234 - INFO - 📄 PAGE 147/13334
2026-07-20 12:50:35,235 - INFO - ==================================================
2026-07-20 12:50:35,242 - INFO -   ✅ +0 | ⏭️ 0 hors dates | Total: 309
2026-07-20 12:51:07,287 - INFO - 
==================================================
2026-07-20 12:51:07,295 - INFO - 📄 PAGE 148/13334
2026-07-20 12:51:07,297 - INFO - ==================================================
2026-07-20 12:51:07,334 - INFO -   ✅ +0 | ⏭️ 0 hors dates | Total: 309
2026-07-20 12:51:39,384 - INFO - 
==================================================
2026-07-20 12:51:39,386 - INFO - 📄 PAGE 149/13334
2026-07-20 12:51:39,391 - INFO - ==================================================
2026-07-20 12:51:39,408 - INFO -   ✅ +0 | ⏭️ 0 hors dates | Total: 309
2026-07-20 12:52:11,476 - INFO - 
==================================================
2026-07-20 12:52:11,477 - INFO - 📄 PAGE 150/13334
2026-07-20 12:52:11,478 - INFO - ==================================================
2026-07-20 12:52:11,494 - INFO -   ✅ +0 | ⏭️ 0 hors dates | Total: 309
2026-07-20 12:52:43,525 - INFO - 
==================================================
2026-07-20 12:52:43,526 - INFO - 📄 PAGE 151/13334
2026-07-20 12:52:43,526 - INFO - ==================================================
2026-07-20 12:52:43,535 - INFO -   ✅ +0 | ⏭️ 0 hors dates | Total: 309
2026-07-20 12:53:15,566 - INFO - 
==================================================
2026-07-20 12:53:15,568 - INFO - 📄 PAGE 152/13334
2026-07-20 12:53:15,568 - INFO - ==================================================
2026-07-20 12:53:15,574 - INFO -   ✅ +0 | ⏭️ 0 hors dates | Total: 309
2026-07-20 12:53:47,610 - INFO - 
==================================================
2026-07-20 12:53:47,610 - INFO - 📄 PAGE 153/13334
2026-07-20 12:53:47,611 - INFO - ==================================================
2026-07-20 12:53:47,619 - INFO -   ✅ +0 | ⏭️ 0 hors dates | Total: 309
2026-07-20 12:54:19,640 - INFO - 
==================================================
2026-07-20 12:54:19,642 - INFO - 📄 PAGE 154/13334
2026-07-20 12:54:19,644 - INFO - ==================================================
2026-07-20 12:54:19,676 - INFO -   ✅ +0 | ⏭️ 0 hors dates | Total: 309
2026-07-20 12:54:51,759 - INFO - 
==================================================
2026-07-20 12:54:51,781 - INFO - 📄 PAGE 155/13334
2026-07-20 12:54:51,783 - INFO - ==================================================
2026-07-20 12:54:51,801 - INFO -   ✅ +0 | ⏭️ 0 hors dates | Total: 309
2026-07-20 12:55:23,864 - INFO - 
==================================================
2026-07-20 12:55:23,889 - INFO - 📄 PAGE 156/13334
2026-07-20 12:55:23,890 - INFO - ==================================================
2026-07-20 12:55:23,933 - INFO -   ✅ +0 | ⏭️ 0 hors dates | Total: 309
2026-07-20 12:55:55,985 - INFO - 
==================================================
2026-07-20 12:55:55,987 - INFO - 📄 PAGE 157/13334
2026-07-20 12:55:55,990 - INFO - ==================================================
2026-07-20 12:55:55,996 - INFO -   ✅ +0 | ⏭️ 0 hors dates | Total: 309
2026-07-20 12:56:28,019 - INFO - 
==================================================
2026-07-20 12:56:28,021 - INFO - 📄 PAGE 158/13334
2026-07-20 12:56:28,022 - INFO - ==================================================
2026-07-20 12:56:28,043 - INFO -   ✅ +0 | ⏭️ 0 hors dates | Total: 309
2026-07-20 12:57:00,083 - INFO - 
==================================================
2026-07-20 12:57:00,083 - INFO - 📄 PAGE 159/13334
2026-07-20 12:57:00,084 - INFO - ==================================================
2026-07-20 12:57:00,090 - INFO -   ✅ +0 | ⏭️ 0 hors dates | Total: 309
2026-07-20 12:57:32,132 - INFO - 
==================================================
2026-07-20 12:57:32,138 - INFO - 📄 PAGE 160/13334
2026-07-20 12:57:32,139 - INFO - ==================================================
2026-07-20 12:57:32,151 - INFO -   ✅ +0 | ⏭️ 0 hors dates | Total: 309
2026-07-20 12:58:04,170 - INFO - 
==================================================
2026-07-20 12:58:04,171 - INFO - 📄 PAGE 161/13334
2026-07-20 12:58:04,172 - INFO - ==================================================
2026-07-20 12:58:04,177 - INFO -   ✅ +0 | ⏭️ 0 hors dates | Total: 309
2026-07-20 12:58:36,210 - INFO - 
==================================================
2026-07-20 12:58:36,211 - INFO - 📄 PAGE 162/13334
2026-07-20 12:58:36,212 - INFO - ==================================================
2026-07-20 12:58:36,232 - INFO -   ✅ +0 | ⏭️ 0 hors dates | Total: 309
2026-07-20 12:59:08,270 - INFO - 
==================================================
2026-07-20 12:59:08,271 - INFO - 📄 PAGE 163/13334
2026-07-20 12:59:08,273 - INFO - ==================================================
2026-07-20 12:59:08,293 - INFO -   ✅ +0 | ⏭️ 0 hors dates | Total: 309
2026-07-20 12:59:40,322 - INFO - 
==================================================
2026-07-20 12:59:40,323 - INFO - 📄 PAGE 164/13334
2026-07-20 12:59:40,324 - INFO - ==================================================
2026-07-20 12:59:40,337 - INFO -   ✅ +0 | ⏭️ 0 hors dates | Total: 309
2026-07-20 13:00:12,366 - INFO - 
==================================================
2026-07-20 13:00:12,367 - INFO - 📄 PAGE 165/13334
2026-07-20 13:00:12,367 - INFO - ==================================================
2026-07-20 13:00:12,374 - INFO -   ✅ +0 | ⏭️ 0 hors dates | Total: 309
2026-07-20 13:00:44,408 - INFO - 
==================================================
2026-07-20 13:00:44,487 - INFO - 📄 PAGE 166/13334
2026-07-20 13:00:44,521 - INFO - ==================================================
2026-07-20 13:00:44,547 - INFO -   ✅ +0 | ⏭️ 0 hors dates | Total: 309
2026-07-20 13:01:16,569 - INFO - 
==================================================
2026-07-20 13:01:16,571 - INFO - 📄 PAGE 167/13334
2026-07-20 13:01:16,573 - INFO - ==================================================
2026-07-20 13:01:16,593 - INFO -   ✅ +0 | ⏭️ 0 hors dates | Total: 309
2026-07-20 13:01:48,650 - INFO - 
==================================================
2026-07-20 13:01:48,652 - INFO - 📄 PAGE 168/13334
2026-07-20 13:01:48,654 - INFO - ==================================================
2026-07-20 13:01:48,683 - INFO -   ✅ +0 | ⏭️ 0 hors dates | Total: 309
2026-07-20 13:02:20,709 - INFO - 
==================================================
2026-07-20 13:02:20,713 - INFO - 📄 PAGE 169/13334
2026-07-20 13:02:20,715 - INFO - ==================================================
2026-07-20 13:02:20,758 - INFO -   ✅ +0 | ⏭️ 0 hors dates | Total: 309
2026-07-20 13:02:52,794 - INFO - 
==================================================
2026-07-20 13:02:52,796 - INFO - 📄 PAGE 170/13334
2026-07-20 13:02:52,798 - INFO - ==================================================
2026-07-20 13:02:52,815 - INFO -   ✅ +0 | ⏭️ 0 hors dates | Total: 309
2026-07-20 13:03:24,860 - INFO - 
==================================================
2026-07-20 13:03:24,863 - INFO - 📄 PAGE 171/13334
2026-07-20 13:03:24,866 - INFO - ==================================================
2026-07-20 13:03:24,900 - INFO -   ✅ +0 | ⏭️ 0 hors dates | Total: 309
2026-07-20 13:03:56,930 - INFO - 
==================================================
2026-07-20 13:03:56,930 - INFO - 📄 PAGE 172/13334
2026-07-20 13:03:56,931 - INFO - ==================================================
2026-07-20 13:03:56,941 - INFO -   ✅ +0 | ⏭️ 0 hors dates | Total: 309
2026-07-20 13:04:28,973 - INFO - 
==================================================
2026-07-20 13:04:28,986 - INFO - 📄 PAGE 173/13334
2026-07-20 13:04:29,025 - INFO - ==================================================
2026-07-20 13:04:29,128 - INFO -   ✅ +0 | ⏭️ 0 hors dates | Total: 309
2026-07-20 13:05:01,177 - INFO - 
==================================================
2026-07-20 13:05:01,177 - INFO - 📄 PAGE 174/13334
2026-07-20 13:05:01,178 - INFO - ==================================================
2026-07-20 13:05:01,188 - INFO -   ✅ +0 | ⏭️ 0 hors dates | Total: 309
2026-07-20 13:05:33,232 - INFO - 
==================================================
2026-07-20 13:05:33,233 - INFO - 📄 PAGE 175/13334
2026-07-20 13:05:33,234 - INFO - ==================================================
2026-07-20 13:05:33,241 - INFO -   ✅ +0 | ⏭️ 0 hors dates | Total: 309
2026-07-20 13:06:05,279 - INFO - 
==================================================
2026-07-20 13:06:05,281 - INFO - 📄 PAGE 176/13334
2026-07-20 13:06:05,282 - INFO - ==================================================
2026-07-20 13:06:05,287 - INFO -   ✅ +0 | ⏭️ 0 hors dates | Total: 309
2026-07-20 13:06:37,302 - INFO - 
==================================================
2026-07-20 13:06:37,305 - INFO - 📄 PAGE 177/13334
2026-07-20 13:06:37,307 - INFO - ==================================================
2026-07-20 13:06:37,335 - INFO -   ✅ +0 | ⏭️ 0 hors dates | Total: 309
2026-07-20 13:07:09,373 - INFO - 
==================================================
2026-07-20 13:07:09,376 - INFO - 📄 PAGE 178/13334
2026-07-20 13:07:09,378 - INFO - ==================================================
2026-07-20 13:07:09,416 - INFO -   ✅ +0 | ⏭️ 0 hors dates | Total: 309
2026-07-20 13:07:41,468 - INFO - 
==================================================
2026-07-20 13:07:41,471 - INFO - 📄 PAGE 179/13334
2026-07-20 13:07:41,473 - INFO - ==================================================
2026-07-20 13:07:41,509 - INFO -   ✅ +0 | ⏭️ 0 hors dates | Total: 309
2026-07-20 13:08:13,546 - INFO - 
==================================================
2026-07-20 13:08:13,546 - INFO - 📄 PAGE 180/13334
2026-07-20 13:08:13,547 - INFO - ==================================================
2026-07-20 13:08:13,555 - INFO -   ✅ +0 | ⏭️ 0 hors dates | Total: 309
2026-07-20 13:08:45,588 - INFO - 
==================================================
2026-07-20 13:08:45,590 - INFO - 📄 PAGE 181/13334
2026-07-20 13:08:45,591 - INFO - ==================================================
2026-07-20 13:08:45,604 - INFO -   ✅ +0 | ⏭️ 0 hors dates | Total: 309
2026-07-20 13:09:17,651 - INFO - 
==================================================
2026-07-20 13:09:17,658 - INFO - 📄 PAGE 182/13334
2026-07-20 13:09:17,676 - INFO - ==================================================
2026-07-20 13:09:17,696 - INFO -   ✅ +0 | ⏭️ 0 hors dates | Total: 309
2026-07-20 13:09:49,740 - INFO - 
==================================================
2026-07-20 13:09:49,742 - INFO - 📄 PAGE 183/13334
2026-07-20 13:09:49,745 - INFO - ==================================================
2026-07-20 13:09:49,782 - INFO -   ✅ +0 | ⏭️ 0 hors dates | Total: 309
2026-07-20 13:10:21,838 - INFO - 
==================================================
2026-07-20 13:10:21,840 - INFO - 📄 PAGE 184/13334
2026-07-20 13:10:21,841 - INFO - ==================================================
2026-07-20 13:10:21,877 - INFO -   ✅ +0 | ⏭️ 0 hors dates | Total: 309
2026-07-20 13:10:53,920 - INFO - 
==================================================
2026-07-20 13:10:53,921 - INFO - 📄 PAGE 185/13334
2026-07-20 13:10:53,921 - INFO - ==================================================
2026-07-20 13:10:53,927 - INFO -   ✅ +0 | ⏭️ 0 hors dates | Total: 309
2026-07-20 13:11:25,952 - INFO - 
==================================================
2026-07-20 13:11:25,954 - INFO - 📄 PAGE 186/13334
2026-07-20 13:11:25,955 - INFO - ==================================================
2026-07-20 13:11:25,986 - INFO -   ✅ +0 | ⏭️ 0 hors dates | Total: 309
2026-07-20 13:11:58,036 - INFO - 
==================================================
2026-07-20 13:11:58,037 - INFO - 📄 PAGE 187/13334
2026-07-20 13:11:58,037 - INFO - ==================================================
2026-07-20 13:11:58,042 - INFO -   ✅ +0 | ⏭️ 0 hors dates | Total: 309
2026-07-20 13:12:30,061 - INFO - 
==================================================
2026-07-20 13:12:30,065 - INFO - 📄 PAGE 188/13334
2026-07-20 13:12:30,067 - INFO - ==================================================
2026-07-20 13:12:30,087 - INFO -   ✅ +0 | ⏭️ 0 hors dates | Total: 309
2026-07-20 13:13:02,116 - INFO - 
==================================================
2026-07-20 13:13:02,116 - INFO - 📄 PAGE 189/13334
2026-07-20 13:13:02,117 - INFO - ==================================================
2026-07-20 13:13:02,124 - INFO -   ✅ +0 | ⏭️ 0 hors dates | Total: 309
2026-07-20 13:13:34,158 - INFO - 
==================================================
2026-07-20 13:13:34,160 - INFO - 📄 PAGE 190/13334
2026-07-20 13:13:34,160 - INFO - ==================================================
2026-07-20 13:13:34,167 - INFO -   ✅ +0 | ⏭️ 0 hors dates | Total: 309
2026-07-20 13:14:06,206 - INFO - 
==================================================
2026-07-20 13:14:06,210 - INFO - 📄 PAGE 191/13334
2026-07-20 13:14:06,214 - INFO - ==================================================
2026-07-20 13:14:06,245 - INFO -   ✅ +0 | ⏭️ 0 hors dates | Total: 309
2026-07-20 13:14:38,266 - INFO - 
==================================================
2026-07-20 13:14:38,269 - INFO - 📄 PAGE 192/13334
2026-07-20 13:14:38,272 - INFO - ==================================================
2026-07-20 13:14:38,313 - INFO -   ✅ +0 | ⏭️ 0 hors dates | Total: 309
2026-07-20 13:15:10,361 - INFO - 
==================================================
2026-07-20 13:15:10,365 - INFO - 📄 PAGE 193/13334
2026-07-20 13:15:10,367 - INFO - ==================================================
2026-07-20 13:15:10,399 - INFO -   ✅ +0 | ⏭️ 0 hors dates | Total: 309
2026-07-20 13:15:42,439 - INFO - 
==================================================
2026-07-20 13:15:42,443 - INFO - 📄 PAGE 194/13334
2026-07-20 13:15:42,445 - INFO - ==================================================
2026-07-20 13:15:42,477 - INFO -   ✅ +0 | ⏭️ 0 hors dates | Total: 309
2026-07-20 13:16:14,526 - INFO - 
==================================================
2026-07-20 13:16:14,528 - INFO - 📄 PAGE 195/13334
2026-07-20 13:16:14,530 - INFO - ==================================================
2026-07-20 13:16:14,568 - INFO -   ✅ +0 | ⏭️ 0 hors dates | Total: 309
2026-07-20 13:16:46,620 - INFO - 
==================================================
2026-07-20 13:16:46,621 - INFO - 📄 PAGE 196/13334
2026-07-20 13:16:46,623 - INFO - ==================================================
2026-07-20 13:16:46,629 - INFO -   ✅ +0 | ⏭️ 0 hors dates | Total: 309
2026-07-20 14:26:28,549 - INFO - 
==================================================
2026-07-20 14:26:28,569 - INFO - 📄 PAGE 197/13334
2026-07-20 14:26:28,609 - INFO - ==================================================
2026-07-20 14:26:28,676 - INFO -   ✅ +0 | ⏭️ 0 hors dates | Total: 309
2026-07-20 14:27:01,024 - INFO - 
==================================================
2026-07-20 14:27:01,025 - INFO - 📄 PAGE 198/13334
2026-07-20 14:27:01,025 - INFO - ==================================================
2026-07-20 14:27:01,031 - INFO -   ✅ +0 | ⏭️ 0 hors dates | Total: 309
2026-07-20 14:27:33,042 - INFO - 
==================================================
2026-07-20 14:27:33,042 - INFO - 📄 PAGE 199/13334
2026-07-20 14:27:33,043 - INFO - ==================================================
2026-07-20 14:27:33,048 - INFO -   ✅ +0 | ⏭️ 0 hors dates | Total: 309
2026-07-20 14:28:05,070 - INFO - 
==================================================
2026-07-20 14:28:05,070 - INFO - 📄 PAGE 200/13334
2026-07-20 14:28:05,071 - INFO - ==================================================
2026-07-20 14:28:05,077 - INFO -   ✅ +0 | ⏭️ 0 hors dates | Total: 309
2026-07-20 14:28:37,110 - INFO - 
==================================================
2026-07-20 14:28:37,112 - INFO - 📄 PAGE 201/13334
2026-07-20 14:28:37,114 - INFO - ==================================================
2026-07-20 14:28:37,145 - INFO -   ✅ +0 | ⏭️ 0 hors dates | Total: 309
2026-07-20 14:29:09,184 - INFO - 
==================================================
2026-07-20 14:29:09,187 - INFO - 📄 PAGE 202/13334
2026-07-20 14:29:09,190 - INFO - ==================================================
2026-07-20 14:29:09,219 - INFO -   ✅ +0 | ⏭️ 0 hors dates | Total: 309
2026-07-20 14:29:41,257 - INFO - 
==================================================
2026-07-20 14:29:41,259 - INFO - 📄 PAGE 203/13334
2026-07-20 14:29:41,261 - INFO - ==================================================
2026-07-20 14:29:41,290 - INFO -   ✅ +0 | ⏭️ 0 hors dates | Total: 309
2026-07-20 14:30:13,315 - INFO - 
==================================================
2026-07-20 14:30:13,316 - INFO - 📄 PAGE 204/13334
2026-07-20 14:30:13,316 - INFO - ==================================================
2026-07-20 14:30:13,323 - INFO -   ✅ +0 | ⏭️ 0 hors dates | Total: 309
2026-07-20 14:30:45,340 - INFO - 
==================================================
2026-07-20 14:30:45,342 - INFO - 📄 PAGE 205/13334
2026-07-20 14:30:45,343 - INFO - ==================================================
2026-07-20 14:30:45,349 - INFO -   ✅ +0 | ⏭️ 0 hors dates | Total: 309
2026-07-20 14:31:17,370 - INFO - 
==================================================
2026-07-20 14:31:17,372 - INFO - 📄 PAGE 206/13334
2026-07-20 14:31:17,376 - INFO - ==================================================
2026-07-20 14:31:17,390 - INFO -   ✅ +0 | ⏭️ 0 hors dates | Total: 309
2026-07-20 14:31:49,435 - INFO - 
==================================================
2026-07-20 14:31:49,438 - INFO - 📄 PAGE 207/13334
2026-07-20 14:31:49,440 - INFO - ==================================================
2026-07-20 14:31:49,479 - INFO -   ✅ +0 | ⏭️ 0 hors dates | Total: 309
2026-07-20 14:32:21,520 - INFO - 
==================================================
2026-07-20 14:32:21,523 - INFO - 📄 PAGE 208/13334
2026-07-20 14:32:21,525 - INFO - ==================================================
2026-07-20 14:32:21,560 - INFO -   ✅ +0 | ⏭️ 0 hors dates | Total: 309
2026-07-20 14:32:53,616 - INFO - 
==================================================
2026-07-20 14:32:53,618 - INFO - 📄 PAGE 209/13334
2026-07-20 14:32:53,619 - INFO - ==================================================
2026-07-20 14:32:53,637 - INFO -   ✅ +0 | ⏭️ 0 hors dates | Total: 309
2026-07-20 14:33:25,673 - INFO - 
==================================================
2026-07-20 14:33:25,676 - INFO - 📄 PAGE 210/13334
2026-07-20 14:33:25,678 - INFO - ==================================================
2026-07-20 14:33:25,704 - INFO -   ✅ +0 | ⏭️ 0 hors dates | Total: 309
2026-07-20 14:33:57,754 - INFO - 
==================================================
2026-07-20 14:33:57,756 - INFO - 📄 PAGE 211/13334
2026-07-20 14:33:57,759 - INFO - ==================================================
2026-07-20 14:33:57,794 - INFO -   ✅ +0 | ⏭️ 0 hors dates | Total: 309
2026-07-20 14:34:29,838 - INFO - 
==================================================
2026-07-20 14:34:29,840 - INFO - 📄 PAGE 212/13334
2026-07-20 14:34:29,842 - INFO - ==================================================
2026-07-20 14:34:29,890 - INFO -   ✅ +0 | ⏭️ 0 hors dates | Total: 309
2026-07-20 14:35:01,946 - INFO - 
==================================================
2026-07-20 14:35:01,947 - INFO - 📄 PAGE 213/13334
2026-07-20 14:35:01,948 - INFO - ==================================================
2026-07-20 14:35:01,966 - INFO -   ✅ +0 | ⏭️ 0 hors dates | Total: 309
2026-07-20 14:35:34,022 - INFO - 
==================================================
2026-07-20 14:35:34,024 - INFO - 📄 PAGE 214/13334
2026-07-20 14:35:34,027 - INFO - ==================================================
2026-07-20 14:35:34,060 - INFO -   ✅ +0 | ⏭️ 0 hors dates | Total: 309
2026-07-20 14:36:06,120 - INFO - 
==================================================
2026-07-20 14:36:06,123 - INFO - 📄 PAGE 215/13334
2026-07-20 14:36:06,125 - INFO - ==================================================
2026-07-20 14:36:06,148 - INFO -   ✅ +0 | ⏭️ 0 hors dates | Total: 309
2026-07-20 14:36:38,171 - INFO - 
==================================================
2026-07-20 14:36:38,173 - INFO - 📄 PAGE 216/13334
2026-07-20 14:36:38,175 - INFO - ==================================================
2026-07-20 14:36:38,199 - INFO -   ✅ +0 | ⏭️ 0 hors dates | Total: 309
2026-07-20 14:37:10,225 - INFO - 
==================================================
2026-07-20 14:37:10,227 - INFO - 📄 PAGE 217/13334
2026-07-20 14:37:10,229 - INFO - ==================================================
2026-07-20 14:37:10,258 - INFO -   ✅ +0 | ⏭️ 0 hors dates | Total: 309
2026-07-20 14:37:42,287 - INFO - 
==================================================
2026-07-20 14:37:42,290 - INFO - 📄 PAGE 218/13334
2026-07-20 14:37:42,291 - INFO - ==================================================
2026-07-20 14:37:42,303 - INFO -   ✅ +0 | ⏭️ 0 hors dates | Total: 309
2026-07-20 14:38:14,345 - INFO - 
==================================================
2026-07-20 14:38:14,345 - INFO - 📄 PAGE 219/13334
2026-07-20 14:38:14,346 - INFO - ==================================================
2026-07-20 14:38:14,352 - INFO -   ✅ +0 | ⏭️ 0 hors dates | Total: 309
2026-07-20 14:38:46,376 - INFO - 
==================================================
2026-07-20 14:38:46,377 - INFO - 📄 PAGE 220/13334
2026-07-20 14:38:46,378 - INFO - ==================================================
2026-07-20 14:38:46,396 - INFO -   ✅ +0 | ⏭️ 0 hors dates | Total: 309
2026-07-20 14:39:18,433 - INFO - 
==================================================
2026-07-20 14:39:18,435 - INFO - 📄 PAGE 221/13334
2026-07-20 14:39:18,437 - INFO - ==================================================
2026-07-20 14:39:18,444 - INFO -   ✅ +0 | ⏭️ 0 hors dates | Total: 309
2026-07-20 14:39:50,474 - INFO - 
==================================================
2026-07-20 14:39:50,476 - INFO - 📄 PAGE 222/13334
2026-07-20 14:39:50,478 - INFO - ==================================================
2026-07-20 14:39:50,517 - INFO -   ✅ +0 | ⏭️ 0 hors dates | Total: 309
2026-07-20 14:40:22,580 - INFO - 
==================================================
2026-07-20 14:40:22,583 - INFO - 📄 PAGE 223/13334
2026-07-20 14:40:22,585 - INFO - ==================================================
2026-07-20 14:40:22,613 - INFO -   ✅ +0 | ⏭️ 0 hors dates | Total: 309
2026-07-20 14:40:54,669 - INFO - 
==================================================
2026-07-20 14:40:54,671 - INFO - 📄 PAGE 224/13334
2026-07-20 14:40:54,675 - INFO - ==================================================
2026-07-20 14:40:54,701 - INFO -   ✅ +0 | ⏭️ 0 hors dates | Total: 309
2026-07-20 14:41:26,719 - INFO - 
==================================================
2026-07-20 14:41:26,720 - INFO - 📄 PAGE 225/13334
2026-07-20 14:41:26,720 - INFO - ==================================================
2026-07-20 14:41:26,730 - INFO -   ✅ +0 | ⏭️ 0 hors dates | Total: 309
2026-07-20 14:41:58,765 - INFO - 
==================================================
2026-07-20 14:41:58,766 - INFO - 📄 PAGE 226/13334
2026-07-20 14:41:58,766 - INFO - ==================================================
2026-07-20 14:41:58,776 - INFO -   ✅ +0 | ⏭️ 0 hors dates | Total: 309
2026-07-20 14:42:30,829 - INFO - 
==================================================
2026-07-20 14:42:30,833 - INFO - 📄 PAGE 227/13334
2026-07-20 14:42:30,835 - INFO - ==================================================
2026-07-20 14:42:30,860 - INFO -   ✅ +0 | ⏭️ 0 hors dates | Total: 309
2026-07-20 14:43:02,920 - INFO - 
==================================================
2026-07-20 14:43:02,923 - INFO - 📄 PAGE 228/13334
2026-07-20 14:43:02,925 - INFO - ==================================================
2026-07-20 14:43:02,951 - INFO -   ✅ +0 | ⏭️ 0 hors dates | Total: 309
2026-07-20 14:43:34,994 - INFO - 
==================================================
2026-07-20 14:43:34,995 - INFO - 📄 PAGE 229/13334
2026-07-20 14:43:34,995 - INFO - ==================================================
2026-07-20 14:43:35,001 - INFO -   ✅ +0 | ⏭️ 0 hors dates | Total: 309
2026-07-20 14:44:07,025 - INFO - 
==================================================
2026-07-20 14:44:07,027 - INFO - 📄 PAGE 230/13334
2026-07-20 14:44:07,028 - INFO - ==================================================
2026-07-20 14:44:07,049 - INFO -   ✅ +0 | ⏭️ 0 hors dates | Total: 309
2026-07-20 14:44:39,075 - INFO - 
==================================================
2026-07-20 14:44:39,076 - INFO - 📄 PAGE 231/13334
2026-07-20 14:44:39,077 - INFO - ==================================================
2026-07-20 14:44:39,082 - INFO -   ✅ +0 | ⏭️ 0 hors dates | Total: 309
2026-07-20 14:45:11,127 - INFO - 
==================================================
2026-07-20 14:45:11,129 - INFO - 📄 PAGE 232/13334
2026-07-20 14:45:11,131 - INFO - ==================================================
2026-07-20 14:45:11,155 - INFO -   ✅ +0 | ⏭️ 0 hors dates | Total: 309
2026-07-20 14:45:43,215 - INFO - 
==================================================
2026-07-20 14:45:43,218 - INFO - 📄 PAGE 233/13334
2026-07-20 14:45:43,220 - INFO - ==================================================
2026-07-20 14:45:43,251 - INFO -   ✅ +0 | ⏭️ 0 hors dates | Total: 309
2026-07-20 14:46:15,308 - INFO - 
==================================================
2026-07-20 14:46:15,311 - INFO - 📄 PAGE 234/13334
2026-07-20 14:46:15,313 - INFO - ==================================================
2026-07-20 14:46:15,346 - INFO -   ✅ +0 | ⏭️ 0 hors dates | Total: 309
2026-07-20 14:46:47,400 - INFO - 
==================================================
2026-07-20 14:46:47,402 - INFO - 📄 PAGE 235/13334
2026-07-20 14:46:47,404 - INFO - ==================================================
2026-07-20 14:46:47,440 - INFO -   ✅ +0 | ⏭️ 0 hors dates | Total: 309
2026-07-20 14:47:19,468 - INFO - 
==================================================
2026-07-20 14:47:19,468 - INFO - 📄 PAGE 236/13334
2026-07-20 14:47:19,469 - INFO - ==================================================
2026-07-20 14:47:19,475 - INFO -   ✅ +0 | ⏭️ 0 hors dates | Total: 309
2026-07-20 14:47:51,514 - INFO - 
==================================================
2026-07-20 14:47:51,516 - INFO - 📄 PAGE 237/13334
2026-07-20 14:47:51,518 - INFO - ==================================================
2026-07-20 14:47:51,547 - INFO -   ✅ +0 | ⏭️ 0 hors dates | Total: 309
2026-07-20 14:48:23,596 - INFO - 
==================================================
2026-07-20 14:48:23,599 - INFO - 📄 PAGE 238/13334
2026-07-20 14:48:23,601 - INFO - ==================================================
2026-07-20 14:48:23,635 - INFO -   ✅ +0 | ⏭️ 0 hors dates | Total: 309
2026-07-20 14:48:55,694 - INFO - 
==================================================
2026-07-20 14:48:55,700 - INFO - 📄 PAGE 239/13334
2026-07-20 14:48:55,702 - INFO - ==================================================
2026-07-20 14:48:55,742 - INFO -   ✅ +0 | ⏭️ 0 hors dates | Total: 309
2026-07-20 14:49:27,799 - INFO - 
==================================================
2026-07-20 14:49:27,801 - INFO - 📄 PAGE 240/13334
2026-07-20 14:49:27,803 - INFO - ==================================================
2026-07-20 14:49:27,843 - INFO -   ✅ +0 | ⏭️ 0 hors dates | Total: 309
2026-07-20 14:49:59,889 - INFO - 
==================================================
2026-07-20 14:49:59,890 - INFO - 📄 PAGE 241/13334
2026-07-20 14:49:59,890 - INFO - ==================================================
2026-07-20 14:49:59,897 - INFO -   ✅ +0 | ⏭️ 0 hors dates | Total: 309
2026-07-20 14:50:31,912 - INFO - 
==================================================
2026-07-20 14:50:31,912 - INFO - 📄 PAGE 242/13334
2026-07-20 14:50:31,913 - INFO - ==================================================
2026-07-20 14:50:31,927 - INFO -   ✅ +0 | ⏭️ 0 hors dates | Total: 309
2026-07-20 14:51:03,980 - INFO - 
==================================================
2026-07-20 14:51:03,981 - INFO - 📄 PAGE 243/13334
2026-07-20 14:51:03,983 - INFO - ==================================================
2026-07-20 14:51:04,027 - INFO -   ✅ +0 | ⏭️ 0 hors dates | Total: 309
2026-07-20 14:51:36,078 - INFO - 
==================================================
2026-07-20 14:51:36,079 - INFO - 📄 PAGE 244/13334
2026-07-20 14:51:36,079 - INFO - ==================================================
2026-07-20 14:51:36,085 - INFO -   ✅ +0 | ⏭️ 0 hors dates | Total: 309
2026-07-20 14:52:08,123 - INFO - 
==================================================
2026-07-20 14:52:08,125 - INFO - 📄 PAGE 245/13334
2026-07-20 14:52:08,127 - INFO - ==================================================
2026-07-20 14:52:08,161 - INFO -   ✅ +0 | ⏭️ 0 hors dates | Total: 309
2026-07-20 14:52:40,202 - INFO - 
==================================================
2026-07-20 14:52:40,202 - INFO - 📄 PAGE 246/13334
2026-07-20 14:52:40,203 - INFO - ==================================================
2026-07-20 14:52:40,210 - INFO -   ✅ +0 | ⏭️ 0 hors dates | Total: 309
2026-07-20 14:53:12,224 - INFO - 
==================================================
2026-07-20 14:53:12,226 - INFO - 📄 PAGE 247/13334
2026-07-20 14:53:12,229 - INFO - ==================================================
2026-07-20 14:53:12,260 - INFO -   ✅ +0 | ⏭️ 0 hors dates | Total: 309
2026-07-20 14:53:44,319 - INFO - 
==================================================
2026-07-20 14:53:44,321 - INFO - 📄 PAGE 248/13334
2026-07-20 14:53:44,323 - INFO - ==================================================
2026-07-20 14:53:44,358 - INFO -   ✅ +0 | ⏭️ 0 hors dates | Total: 309
2026-07-20 14:53:55,521 - INFO - 
==================================================
2026-07-20 14:53:55,524 - INFO - 📄 PAGE 249/13334
2026-07-20 14:53:55,526 - INFO - ==================================================
2026-07-20 14:53:56,710 - WARNING - 
⚠️ Interrompu par l'utilisateur
2026-07-20 14:53:57,399 - ERROR - Future exception was never retrieved
future: <Future finished exception=TargetClosedError('Target page, context or browser has been closed')>
playwright._impl._errors.TargetClosedError: Target page, context or browser has been closed
2026-07-20 14:53:57,403 - ERROR - Future exception was never retrieved
future: <Future finished exception=TargetClosedError('Target page, context or browser has been closed')>
playwright._impl._errors.TargetClosedError: Target page, context or browser has been closed
2026-07-20 14:53:57,404 - ERROR - Future exception was never retrieved
future: <Future finished exception=TargetClosedError('Target page, context or browser has been closed')>
playwright._impl._errors.TargetClosedError: Target page, context or browser has been closed
2026-07-20 14:53:57,462 - ERROR - Future exception was never retrieved
future: <Future finished exception=TargetClosedError('Target page, context or browser has been closed')>
playwright._impl._errors.TargetClosedError: Target page, context or browser has been closed
2026-07-20 14:55:08,262 - INFO - ✅ Supabase: https://uxriscdyynjmhazmrvhr.supabase.co
2026-07-20 14:55:08,263 - INFO - 📋 Table: results_ao | 📦 Bucket: pdf_ao
2026-07-20 14:55:08,263 - INFO - 📅 Filtre date min: 01/01/2024
2026-07-20 14:55:08,577 - INFO - 📊 647 références en base
2026-07-20 14:55:08,580 - INFO - ============================================================
2026-07-20 14:55:08,581 - INFO - 🚀 Scraping AO | Filtre: >= 01/01/2024
2026-07-20 14:55:08,582 - INFO - ============================================================
2026-07-20 14:55:20,035 - INFO - 🌐 Navigation...
2026-07-20 14:55:33,405 - INFO - 🔍 Lancement recherche (sans filtre formulaire)...
2026-07-20 14:55:49,951 - INFO - ✅ Résultats chargés
2026-07-20 14:55:50,083 - INFO - 📊 Pages: 13339
2026-07-20 14:55:50,084 - INFO - 
📄 Scan de 13339 pages...

2026-07-20 14:55:50,084 - INFO - 
==================================================
2026-07-20 14:55:50,084 - INFO - 📄 PAGE 1/13339
2026-07-20 14:55:50,085 - INFO - ==================================================
2026-07-20 14:56:04,789 - INFO -   [1] 📥 18/AOO/DPLR/ANP/2026 | 20/07/2026 | FOURNITURE DES COMPTEURS D’EAU POTABLE POUR LA DIRECTION DU ...
2026-07-20 14:56:18,693 - INFO -   [2] 📥 14/2026/2 | 20/07/2026 | Achat de mobilier hospitalier destiné au nouvel Hôpital Ibn ...
2026-07-20 14:56:28,680 - INFO -   [3] 📥 76/EXP/2026 | 20/07/2026 | Achat de fournitures de bureau, reprographie et informatique...
2026-07-20 14:56:40,512 - INFO -   [4] 📥 20/AOO/AASLM/2026 | 20/07/2026 | L'EXÉCUTION DES PRESTATIONS DE NETTOYAGE DES ABORDS DE LA LA...
2026-07-20 14:56:52,920 - INFO -   [5] 📥 040/DPO/INV/2026 | 20/07/2026 | PRESTATION D’ENTRETIEN ET DE MAINTENANCE DU MOBILIER SCOLAIR...
2026-07-20 14:57:03,920 - INFO -   [6] 📥 05/2026/ENFI | 20/07/2026 | Restauration des étudiants et du personnel encadrant de l’Ec...
2026-07-20 14:57:03,923 - INFO -   ✅ +6 | ⏭️ 0 hors dates | Total: 6
2026-07-20 14:57:16,431 - INFO - 
==================================================
2026-07-20 14:57:16,433 - INFO - 📄 PAGE 2/13339
2026-07-20 14:57:16,435 - INFO - ==================================================
2026-07-20 14:57:37,326 - INFO -   [7] 📥 042/DPO/INV/2026 | 20/07/2026 | Etudes techniques et suivi des travaux d’aménagement  de cen...
2026-07-20 14:57:50,500 - INFO -   [8] 📥 71/EXP/2026 | 20/07/2026 | Achat de matières et fournitures d'enseignement pour les éta...
2026-07-20 14:58:10,189 - INFO -   [9] 📥 09/DRAI/GON/BG/2026 | 20/07/2026 | Achat de fournitures de bureau et fournitures pour matériel ...
2026-07-20 14:58:46,010 - INFO -   [10] 📥 20/RH/2026/INV | 20/07/2026 | TRAVAUX D’AMENAGEMENT ET DE REHABILITATION DES UNITÉS SCOLAI...
2026-07-20 14:59:14,036 - INFO -   [11] 📥 29/RH/2026/INV | 20/07/2026 | TRAVAUX D’AMENAGEMENT ET DE REHABILITATION DES UNITÉS SCOLAI...
2026-07-20 14:59:50,371 - INFO -   [12] 📥 18/RH/2026/INV | 20/07/2026 | TRAVAUX D'EXTENSION DES LYCEES COLLEGIAUX RELEVANT DE LA DIR...
2026-07-20 15:00:08,022 - INFO -   [13] 📥 05/CAO/2026 | 20/07/2026 | Location et installation de chapiteaux, stands et mobilier p...
2026-07-20 15:00:21,323 - INFO -   [14] 📥 AO/119/2026 | 20/07/2026 | TRAVAUX D’ACHÈVEMENT DE REQUALIFICATION DE LA COMMUNE OULED ...
2026-07-20 15:00:21,324 - INFO -   ✅ +8 | ⏭️ 0 hors dates | Total: 14
2026-07-20 15:00:34,326 - INFO - 
==================================================
2026-07-20 15:00:34,328 - INFO - 📄 PAGE 3/13339
2026-07-20 15:00:34,330 - INFO - ==================================================
2026-07-20 15:00:45,927 - INFO -   [15] 📥 6/2026/CG | 20/07/2026 | Travaux d’extension du réseau électrique pour l’électrificat...
2026-07-20 15:01:07,794 - INFO -   [16] 📥 05/2026/CHRG | 20/07/2026 | Fourniture, installation et mise en marche d’un amplificateu...
2026-07-20 15:01:26,956 - INFO -   [17] 📥 18/FDT/2026 | 20/07/2026 | Acquisition  d’une Pick-up  au profit de la Commune d’Ouarza...
2026-07-20 15:01:39,834 - INFO -   [18] 📥 AAO19/2026/DPA/20/MARRAKECH | 20/07/2026 | Travaux de plantation de 200 hectares d'Atriplex Nummularia ...
2026-07-20 15:01:57,703 - INFO -   [19] 📥 14/2026/HAO | 20/07/2026 | MISSION D’AUDIT FINANCIER DU CYCLE DE TRESORERIE DES SOCIETE...
2026-07-20 15:02:41,117 - INFO -   [20] 📥 16/RH/2026/EXP | 20/07/2026 | Prestations de Gardiennage et de Surveillance des locaux rel...
2026-07-20 15:02:56,050 - INFO -   [21] 📥 23/2026/DPJM | 20/07/2026 | L’ACHAT DE PRODUITS D’IMPRESSION POUR LE COMPTE DES TRIBUNAU...
2026-07-20 15:02:56,052 - INFO -   ✅ +7 | ⏭️ 0 hors dates | Total: 21
2026-07-20 15:03:09,061 - INFO - 
==================================================
2026-07-20 15:03:09,062 - INFO - 📄 PAGE 4/13339
2026-07-20 15:03:09,062 - INFO - ==================================================
2026-07-20 15:03:20,520 - INFO -   [22] 📥 20/2026/BG | 20/07/2026 | Achat du mobilier et de matériel de bureau pour l’équipement...
2026-07-20 15:04:01,422 - INFO -   [23] 📥 15/RH/2026/EXP | 20/07/2026 | Achat de matières et fournitures d’enseignement au profit de...
2026-07-20 15:04:24,150 - INFO -   [24] 📥 22/RH/2026/EXP | 20/07/2026 | Prestation d’impression et de reproduction des documents et ...
2026-07-20 15:04:37,521 - INFO -   [25] 📥 1/CSCFHP/2026 | 20/07/2026 | Conception, développement, intégration et déploiement d’une ...
2026-07-20 15:05:13,355 - INFO -   [26] 📥 32/RH/2026/EXPP | 20/07/2026 | Achat de fournitures de bureau au profit des écoles primaire...
2026-07-20 15:05:13,356 - INFO -   ✅ +5 | ⏭️ 0 hors dates | Total: 26
2026-07-20 15:05:26,683 - INFO - 
==================================================
2026-07-20 15:05:26,684 - INFO - 📄 PAGE 5/13339
2026-07-20 15:05:26,684 - INFO - ==================================================
2026-07-20 15:05:36,644 - INFO -   [27] 📥 24/2026/MEF/AC/MAIN | 20/07/2026 | La maintenance de la solution d’affichage dynamique du Minis...
2026-07-20 15:06:03,687 - INFO -   [28] 📥 10/RH/2026/EXP | 20/07/2026 | Achat de consommable au profit des services administratifs, ...
2026-07-20 15:06:45,446 - INFO -   [29] 📥 08/RH/2026/INV | 20/07/2026 | Fourniture et installation de 482 (quatre cent quatre-vingt-...
2026-07-20 15:07:03,568 - INFO -   [30] 📥 04/2026/CHRG | 20/07/2026 | FOURNITURE, INSTALLATION ET MISE EN MARCHE AUTOCLAVE HORIZON...
2026-07-20 15:07:17,134 - INFO -   [31] 📥 01/2026/CPMAS | 20/07/2026 | l’acquisition de gilets de sauvetage gonflables destinés aux...
2026-07-20 15:07:38,507 - INFO -   [32] 📥 22/2026/DPJM | 20/07/2026 | ACHAT DE FOURNITURES POUR RELIURE AU PROFIT DES JURIDICTIONS...
2026-07-20 15:07:55,956 - INFO -   [33] 📥 02/2026/CHRG | 20/07/2026 | Fourniture, installation et mise en marche d’un échographe n...
2026-07-20 15:07:55,958 - INFO -   ✅ +7 | ⏭️ 0 hors dates | Total: 33
2026-07-20 15:08:08,229 - INFO - 
==================================================
2026-07-20 15:08:08,232 - INFO - 📄 PAGE 6/13339
2026-07-20 15:08:08,234 - INFO - ==================================================
2026-07-20 15:08:43,324 - INFO -   [34] 📥 13/2026/DPATZSAHA | 20/07/2026 | Travaux d’aménagement hydro-agricole relatifs à la réhabilit...
2026-07-20 15:09:02,865 - INFO -   [35] 📥 01/CFSSK/2026 | 20/07/2026 | Acquisition des produits alimentaires à usage humain pour l’...
2026-07-20 15:09:30,975 - INFO -   [36] 📥 12/2026/DPATZSMOPFP | 20/07/2026 | TRAVAUX DE NETTOYAGE ET D’ENTRETIEN DE 9 200 TOUFFES DE PALM...
2026-07-20 15:09:30,990 - INFO -   ✅ +3 | ⏭️ 0 hors dates | Total: 36
2026-07-20 15:09:43,378 - INFO - 
==================================================
2026-07-20 15:09:43,379 - INFO - 📄 PAGE 7/13339
2026-07-20 15:09:43,380 - INFO - ==================================================
2026-07-20 15:09:58,401 - INFO -   [37] 📥 82/INV/2026 | 20/07/2026 | Travaux d’aménagement et de réhabilitation des toilettes aux...
2026-07-20 15:10:12,531 - INFO -   [38] 📥 04/ESSP/2026/ANEPCO | 20/07/2026 | TRAVAUX DE MISE À NIVEAU DES ÉTABLISSEMENTS DE SOINS DE SANT...
2026-07-20 15:10:23,262 - INFO -   [39] 📥 72/INV/2026 | 20/07/2026 | Travaux d’aménagement et de réhabilitation du lycée Qualifia...
2026-07-20 15:10:34,999 - INFO -   [40] 📥 171/26/ELEC | 20/07/2026 | Assistance technique de la SRM-MS aux travaux remboursables ...
2026-07-20 15:10:35,002 - INFO -   ✅ +4 | ⏭️ 0 hors dates | Total: 40
2026-07-20 15:10:50,537 - INFO - 
==================================================
2026-07-20 15:10:50,540 - INFO - 📄 PAGE 8/13339
2026-07-20 15:10:50,540 - INFO - ==================================================
2026-07-20 15:11:01,475 - INFO -   [41] 📥 98/26/ELEC | 20/07/2026 | Achat d'un localisateur de défaut HTA souterrain avec access...
2026-07-20 15:11:13,647 - INFO -   [42] 📥 A089/RRA/2026 | 20/07/2026 | TRAVAUX DE RÉALISATION D'UNE EXTENSION DE LA PLATEFORME AGRO...
2026-07-20 15:11:30,318 - INFO -   [43] 📥 2/2026/CRRAM | 20/07/2026 | Prestations de service de travaux agricoles et de laboratoir...
2026-07-20 15:11:30,884 - WARNING - 
⚠️ Interrompu par l'utilisateur
2026-07-20 15:11:32,908 - ERROR - Future exception was never retrieved
future: <Future finished exception=TargetClosedError('Target page, context or browser has been closed')>
playwright._impl._errors.TargetClosedError: Target page, context or browser has been closed
2026-07-20 15:11:32,970 - ERROR - Future exception was never retrieved
future: <Future finished exception=TargetClosedError('Target page, context or browser has been closed')>
playwright._impl._errors.TargetClosedError: Target page, context or browser has been closed
2026-07-20 15:22:01,717 - INFO - ✅ Supabase: https://uxriscdyynjmhazmrvhr.supabase.co
2026-07-20 15:22:01,718 - INFO - 📋 Table: results_ao | 📦 Bucket: pdf_ao
2026-07-20 15:22:01,718 - INFO - 📅 Filtre date min: 01/01/2024
2026-07-20 15:22:02,601 - INFO - 📊 Cache rafraîchi: 690 références en base
2026-07-20 15:22:02,602 - INFO - ============================================================
2026-07-20 15:22:02,602 - INFO - 🚀 Scraping AO | Filtre: >= 01/01/2024
2026-07-20 15:22:02,603 - INFO - ============================================================
2026-07-20 15:22:03,787 - INFO - 🌐 Navigation...
2026-07-20 15:22:18,743 - INFO - 🔍 Lancement recherche (sans filtre formulaire)...
2026-07-20 15:22:36,862 - INFO - ✅ Résultats chargés
2026-07-20 15:22:36,904 - INFO - 📊 Pages: 13339
2026-07-20 15:22:36,905 - INFO - 
📄 Scan de 13339 pages...

2026-07-20 15:22:36,905 - INFO - 
==================================================
2026-07-20 15:22:36,906 - INFO - 📄 PAGE 1/13339
2026-07-20 15:22:36,906 - INFO - ==================================================
2026-07-20 15:23:01,190 - INFO -   [1] 📥 15/2026/DPA/SAF | 20/07/2026 | ACHAT, FOURNITURE, LIVRAISON ET MISE EN MARCHE DU MATERIEL T...
2026-07-20 15:23:11,838 - INFO -   [2] 📥 33/2026/DSAH | 20/07/2026 | La maintenance préventive, corrective des installations tech...
2026-07-20 15:23:25,344 - INFO -   [3] 📥 09/2026/DRCADOE | 20/07/2026 | L’Organisation d’un voyage d’étude au profit des femmes rura...
2026-07-20 15:23:36,540 - INFO -   [4] 📥 15/2026/ALEM | 20/07/2026 | Travaux de viabilisation du lotissement Al Jihad sis à Sidi ...
2026-07-20 15:23:50,585 - INFO -   [5] 📥 08/2026/DRCADOE | 20/07/2026 | L’Organisation d’un voyage d’étude au profit des agriculteur...
2026-07-20 15:24:07,249 - INFO -   [6] 📥 04/CAO/2026 | 20/07/2026 | Prestations de nettoyage des locaux administratifs de la cha...
2026-07-20 15:24:21,536 - INFO -   [7] 📥 07/2026/DRCADOE | 20/07/2026 | La Prise en charge des frais de restauration des participant...
2026-07-20 15:24:33,744 - INFO -   [8] 📥 18/2026/DPA/SAFI | 20/07/2026 | DIAGNOSTIC DE L’ETAT ACTUEL DE LA SEGUIA RELEVANT DU PMH ET ...
2026-07-20 15:24:33,825 - INFO -   ✅ +8 | ⏭️ 0 hors dates | 🔄 2 doublons | Total: 8
2026-07-20 15:24:46,275 - INFO - 
==================================================
2026-07-20 15:24:46,277 - INFO - 📄 PAGE 2/13339
2026-07-20 15:24:46,279 - INFO - ==================================================
2026-07-20 15:24:58,461 - INFO -   [9] 📥 06/2026/DRCADOE | 20/07/2026 | ORGANISATION DE SESSIONS DE FORMATION AU PROFIT DES FEMMES R...
2026-07-20 15:25:15,714 - INFO -   [10] 📥 05/2026/DRCADOE | 20/07/2026 | ORGANISATION DES JOURNEES DE SENSIBILISATION AU PROFIT DES A...
2026-07-20 15:25:30,497 - INFO -   [11] 📥 04/2026/DRCADOE | 20/07/2026 | L'ORGANISATION DES SESSIONS DE FORMATION AU PROFIT DES AGRIC...
2026-07-20 15:25:30,526 - INFO -   ✅ +3 | ⏭️ 0 hors dates | 🔄 9 doublons | Total: 11
2026-07-20 15:25:44,291 - INFO - 
==================================================
2026-07-20 15:25:44,293 - INFO - 📄 PAGE 3/13339
2026-07-20 15:25:44,294 - INFO - ==================================================
2026-07-20 15:25:44,633 - INFO -   ✅ +0 | ⏭️ 0 hors dates | 🔄 19 doublons | Total: 11
2026-07-20 15:25:57,404 - INFO - 
==================================================
2026-07-20 15:25:57,405 - INFO - 📄 PAGE 4/13339
2026-07-20 15:25:57,406 - INFO - ==================================================
2026-07-20 15:25:57,731 - INFO -   ✅ +0 | ⏭️ 0 hors dates | 🔄 29 doublons | Total: 11
2026-07-20 15:26:11,061 - INFO - 
==================================================
2026-07-20 15:26:11,063 - INFO - 📄 PAGE 5/13339
2026-07-20 15:26:11,064 - INFO - ==================================================
2026-07-20 15:26:11,371 - INFO -   ✅ +0 | ⏭️ 0 hors dates | 🔄 39 doublons | Total: 11
2026-07-20 15:26:23,821 - INFO - 
==================================================
2026-07-20 15:26:23,826 - INFO - 📄 PAGE 6/13339
2026-07-20 15:26:23,828 - INFO - ==================================================
2026-07-20 15:26:24,165 - INFO -   ✅ +0 | ⏭️ 0 hors dates | 🔄 49 doublons | Total: 11
2026-07-20 15:26:36,982 - INFO - 
==================================================
2026-07-20 15:26:36,983 - INFO - 📄 PAGE 7/13339
2026-07-20 15:26:36,984 - INFO - ==================================================
2026-07-20 15:26:37,338 - INFO -   ✅ +0 | ⏭️ 0 hors dates | 🔄 59 doublons | Total: 11
2026-07-20 15:26:49,768 - INFO - 
==================================================
2026-07-20 15:26:49,769 - INFO - 📄 PAGE 8/13339
2026-07-20 15:26:49,769 - INFO - ==================================================
2026-07-20 15:27:00,201 - INFO -   [12] 📥 74/EXP/2026 | 20/07/2026 | La prestation du gardiennage et surveillance des locaux des ...
2026-07-20 15:27:00,201 - INFO -   ✅ +1 | ⏭️ 0 hors dates | 🔄 68 doublons | Total: 12
2026-07-20 15:27:13,823 - INFO - 
==================================================
2026-07-20 15:27:13,825 - INFO - 📄 PAGE 9/13339
2026-07-20 15:27:13,826 - INFO - ==================================================
2026-07-20 15:27:24,377 - INFO -   [13] 📥 53/2026/DRSPSFM | 20/07/2026 | Etudes techniques et suivi des travaux de construction de l’...
2026-07-20 15:27:34,560 - INFO -   [14] 📥 38/2026/DRSPSFM | 20/07/2026 | Etudes techniques et suivi des travaux de construction de l’...
2026-07-20 15:27:43,506 - INFO -   [15] 📥 25.R1/2026/SRMFM | 20/07/2026 | Prestations de prélèvement et d'analyses physico-chimiques e...
2026-07-20 15:27:53,593 - INFO -   [16] 📥 76/2026/SRMFM | 20/07/2026 | Fourniture de compteurs d’eau potable DN 65MM, 80MM, 100MM E...
2026-07-20 15:28:04,953 - INFO -   [17] 📥 26S038 | 20/07/2026 | Acquisition des licences pour les modules NCM et SAM, et le ...
2026-07-20 15:28:04,954 - INFO -   ✅ +5 | ⏭️ 0 hors dates | 🔄 73 doublons | Total: 17
2026-07-20 15:28:17,297 - INFO - 
==================================================
2026-07-20 15:28:17,298 - INFO - 📄 PAGE 10/13339
2026-07-20 15:28:17,298 - INFO - ==================================================
2026-07-20 15:28:17,534 - INFO - 📊 Cache rafraîchi: 707 références en base
2026-07-20 15:28:26,677 - INFO -   [18] 📥 10/2026/so3303up | 20/07/2026 | Construction en bicouche de la piste reliant RP 4233 vers do...
2026-07-20 15:28:35,812 - INFO -   [19] 📥 09/2026/so3303up | 20/07/2026 | Travaux de construction d'une piste reliant douar Amarate et...
2026-07-20 15:28:47,008 - INFO -   [20] 📥 129/2026/ADHA | 20/07/2026 | TRAVAUX DE RECONSTRUCTION DES ETABLISSEMENTS SCOLAIRES (TAGD...
2026-07-20 15:28:58,020 - INFO -   [21] 📥 128/2026/ADHA | 20/07/2026 | FOURNITURE ET INSTALLATION DU MATERIEL TECHNIQUE POUR EQUIPE...
2026-07-20 15:29:06,649 - INFO -   [22] 📥 2/2026/so3303up | 20/07/2026 | mise en œuvre du plan de communication digitale et audiovisu...
2026-07-20 15:29:15,817 - INFO -   [23] 📥 AO/08/2026 | 20/07/2026 | ACHAT DES EQUIPEMENTS POUR LE CENTRE DE REGULATION DE L'EXTR...
2026-07-20 15:29:15,819 - INFO -   ✅ +6 | ⏭️ 0 hors dates | 🔄 77 doublons | Total: 23
2026-07-20 15:29:28,411 - INFO - 
==================================================
2026-07-20 15:29:28,413 - INFO - 📄 PAGE 11/13339
2026-07-20 15:29:28,413 - INFO - ==================================================
2026-07-20 15:29:37,157 - INFO -   [24] 📥 07/2026/so3303up | 20/07/2026 | Achat de 03 (trois) ambulances type B au profit des communes...
2026-07-20 15:29:48,940 - INFO -   [25] 📥 05/AAS/2026 | 20/07/2026 | ACHAT DE MOBILIER DE BUREAU AU PROFIT DE L’ARRONDISSEMENT AI...
2026-07-20 15:29:59,349 - INFO -   [26] 📥 47/2026/EST/DST | 20/07/2026 | Fourniture et installation d'équipements médico-Techniques d...
2026-07-20 15:30:08,826 - INFO -   [27] 📥 49/2026/EST/DST | 20/07/2026 | ACHAT ET INSTALATION DU MATERIEL INFORMATIQUE ET AUDIOVISUEL...
2026-07-20 15:30:18,522 - INFO -   [28] 📥 05/E/2026 | 20/07/2026 | Location des boutiques appartenant au domaine privée de la c...
2026-07-20 15:30:27,909 - INFO -   [29] 📥 20/SGPTV/2026 | 20/07/2026 | Vente de la rampe flottante d’accès aux navires ferries réfo...
2026-07-20 15:30:39,032 - INFO -   [30] 📥 36/2026/DSAH | 20/07/2026 | l’externalisation de l’activité des chauffeurs au profil du ...
2026-07-20 15:30:39,034 - INFO -   ✅ +7 | ⏭️ 0 hors dates | 🔄 80 doublons | Total: 30
2026-07-20 15:30:51,729 - INFO - 
==================================================
2026-07-20 15:30:51,731 - INFO - 📄 PAGE 12/13339
2026-07-20 15:30:51,732 - INFO - ==================================================
2026-07-20 15:31:02,055 - INFO -   [31] 📥 127/2026/ADHA | 20/07/2026 | TRAVAUX DE RECONSTRUCTION DES ETABLISSEMENTS SCOLAIRES (TASS...
2026-07-20 15:31:34,562 - INFO -   [32] 📥 12/2026/DPBM | 20/07/2026 | Acquisition de matériel et mobilier de bureau pour le compte...
2026-07-20 15:31:48,870 - INFO -   [33] 📥 01/2026/DRDOE | 20/07/2026 | APPEL D’OFFRES OUVERT NATIONAL SUR OFFRES DE PRIX N° 01/2026...
2026-07-20 15:31:48,876 - INFO -   ✅ +3 | ⏭️ 0 hors dates | 🔄 87 doublons | Total: 33
2026-07-20 15:32:02,574 - INFO - 
==================================================
2026-07-20 15:32:02,575 - INFO - 📄 PAGE 13/13339
2026-07-20 15:32:02,576 - INFO - ==================================================
2026-07-20 15:32:02,908 - INFO -   ✅ +0 | ⏭️ 0 hors dates | 🔄 97 doublons | Total: 33
2026-07-20 15:32:15,776 - INFO - 
==================================================
2026-07-20 15:32:15,778 - INFO - 📄 PAGE 14/13339
2026-07-20 15:32:15,780 - INFO - ==================================================
2026-07-20 15:32:16,221 - INFO -   ✅ +0 | ⏭️ 0 hors dates | 🔄 107 doublons | Total: 33
2026-07-20 15:32:28,720 - INFO - 
==================================================
2026-07-20 15:32:28,721 - INFO - 📄 PAGE 15/13339
2026-07-20 15:32:28,721 - INFO - ==================================================
2026-07-20 15:32:29,106 - INFO -   ✅ +0 | ⏭️ 0 hors dates | 🔄 117 doublons | Total: 33
2026-07-20 15:32:41,875 - INFO - 
==================================================
2026-07-20 15:32:41,876 - INFO - 📄 PAGE 16/13339
2026-07-20 15:32:41,877 - INFO - ==================================================
2026-07-20 15:32:42,166 - INFO -   ✅ +0 | ⏭️ 0 hors dates | 🔄 127 doublons | Total: 33
2026-07-20 15:32:55,781 - INFO - 
==================================================
2026-07-20 15:32:55,787 - INFO - 📄 PAGE 17/13339
2026-07-20 15:32:55,787 - INFO - ==================================================
2026-07-20 15:32:56,307 - INFO -   ✅ +0 | ⏭️ 0 hors dates | 🔄 137 doublons | Total: 33
2026-07-20 15:33:09,402 - INFO - 
==================================================
2026-07-20 15:33:09,402 - INFO - 📄 PAGE 18/13339
2026-07-20 15:33:09,403 - INFO - ==================================================
2026-07-20 15:33:09,776 - INFO -   ✅ +0 | ⏭️ 0 hors dates | 🔄 147 doublons | Total: 33
2026-07-20 15:33:23,869 - INFO - 
==================================================
2026-07-20 15:33:23,871 - INFO - 📄 PAGE 19/13339
2026-07-20 15:33:23,872 - INFO - ==================================================
2026-07-20 15:33:24,216 - INFO -   ✅ +0 | ⏭️ 0 hors dates | 🔄 157 doublons | Total: 33
2026-07-20 15:33:36,901 - INFO - 
==================================================
2026-07-20 15:33:36,904 - INFO - 📄 PAGE 20/13339
2026-07-20 15:33:36,906 - INFO - ==================================================
2026-07-20 15:33:37,274 - INFO - 📊 Cache rafraîchi: 723 références en base
2026-07-20 15:33:37,578 - INFO -   ✅ +0 | ⏭️ 0 hors dates | 🔄 167 doublons | Total: 33
2026-07-20 15:33:50,036 - INFO - 
==================================================
2026-07-20 15:33:50,036 - INFO - 📄 PAGE 21/13339
2026-07-20 15:33:50,037 - INFO - ==================================================
2026-07-20 15:33:50,677 - INFO -   ✅ +0 | ⏭️ 0 hors dates | 🔄 177 doublons | Total: 33
2026-07-20 15:34:05,113 - INFO - 
==================================================
2026-07-20 15:34:05,114 - INFO - 📄 PAGE 22/13339
2026-07-20 15:34:05,114 - INFO - ==================================================
2026-07-20 15:34:05,466 - INFO -   ✅ +0 | ⏭️ 0 hors dates | 🔄 187 doublons | Total: 33
2026-07-20 15:34:18,524 - INFO - 
==================================================
2026-07-20 15:34:18,526 - INFO - 📄 PAGE 23/13339
2026-07-20 15:34:18,527 - INFO - ==================================================
2026-07-20 15:34:18,838 - INFO -   ✅ +0 | ⏭️ 0 hors dates | 🔄 197 doublons | Total: 33
2026-07-20 15:34:32,075 - INFO - 
==================================================
2026-07-20 15:34:32,078 - INFO - 📄 PAGE 24/13339
2026-07-20 15:34:32,080 - INFO - ==================================================
2026-07-20 15:34:32,447 - INFO -   ✅ +0 | ⏭️ 0 hors dates | 🔄 207 doublons | Total: 33
2026-07-20 15:34:46,208 - INFO - 
==================================================
2026-07-20 15:34:46,211 - INFO - 📄 PAGE 25/13339
2026-07-20 15:34:46,213 - INFO - ==================================================
2026-07-20 15:34:46,587 - INFO -   ✅ +0 | ⏭️ 0 hors dates | 🔄 217 doublons | Total: 33
2026-07-20 15:34:59,366 - INFO - 
==================================================
2026-07-20 15:34:59,369 - INFO - 📄 PAGE 26/13339
2026-07-20 15:34:59,371 - INFO - ==================================================
2026-07-20 15:34:59,733 - INFO -   ✅ +0 | ⏭️ 0 hors dates | 🔄 227 doublons | Total: 33
2026-07-20 15:35:12,488 - INFO - 
==================================================
2026-07-20 15:35:12,491 - INFO - 📄 PAGE 27/13339
2026-07-20 15:35:12,493 - INFO - ==================================================
2026-07-20 15:35:12,804 - INFO -   ✅ +0 | ⏭️ 0 hors dates | 🔄 237 doublons | Total: 33
2026-07-20 15:35:25,392 - INFO - 
==================================================
2026-07-20 15:35:25,392 - INFO - 📄 PAGE 28/13339
2026-07-20 15:35:25,393 - INFO - ==================================================
2026-07-20 15:35:25,670 - INFO -   ✅ +0 | ⏭️ 0 hors dates | 🔄 247 doublons | Total: 33
2026-07-20 15:35:38,577 - INFO - 
==================================================
2026-07-20 15:35:38,578 - INFO - 📄 PAGE 29/13339
2026-07-20 15:35:38,578 - INFO - ==================================================
2026-07-20 15:35:38,915 - INFO -   ✅ +0 | ⏭️ 0 hors dates | 🔄 257 doublons | Total: 33
2026-07-20 15:35:52,338 - INFO - 
==================================================
2026-07-20 15:35:52,339 - INFO - 📄 PAGE 30/13339
2026-07-20 15:35:52,339 - INFO - ==================================================
2026-07-20 15:35:52,786 - INFO - 📊 Cache rafraîchi: 723 références en base
2026-07-20 15:35:53,073 - INFO -   ✅ +0 | ⏭️ 0 hors dates | 🔄 267 doublons | Total: 33
2026-07-20 15:36:06,641 - INFO - 
==================================================
2026-07-20 15:36:06,642 - INFO - 📄 PAGE 31/13339
2026-07-20 15:36:06,642 - INFO - ==================================================
2026-07-20 15:36:06,955 - INFO -   ✅ +0 | ⏭️ 0 hors dates | 🔄 277 doublons | Total: 33
2026-07-20 15:36:20,210 - INFO - 
==================================================
2026-07-20 15:36:20,212 - INFO - 📄 PAGE 32/13339
2026-07-20 15:36:20,214 - INFO - ==================================================
2026-07-20 15:36:20,598 - INFO -   ✅ +0 | ⏭️ 0 hors dates | 🔄 287 doublons | Total: 33
2026-07-20 15:36:33,784 - INFO - 
==================================================
2026-07-20 15:36:33,785 - INFO - 📄 PAGE 33/13339
2026-07-20 15:36:33,786 - INFO - ==================================================
2026-07-20 15:36:34,087 - INFO -   ✅ +0 | ⏭️ 0 hors dates | 🔄 297 doublons | Total: 33
2026-07-20 15:36:47,956 - INFO - 
==================================================
2026-07-20 15:36:47,957 - INFO - 📄 PAGE 34/13339
2026-07-20 15:36:47,958 - INFO - ==================================================
2026-07-20 15:36:48,499 - INFO -   ✅ +0 | ⏭️ 0 hors dates | 🔄 307 doublons | Total: 33
2026-07-20 15:37:02,251 - INFO - 
==================================================
2026-07-20 15:37:02,252 - INFO - 📄 PAGE 35/13339
2026-07-20 15:37:02,252 - INFO - ==================================================
2026-07-20 15:37:02,582 - INFO -   ✅ +0 | ⏭️ 0 hors dates | 🔄 317 doublons | Total: 33
2026-07-20 15:37:16,109 - INFO - 
==================================================
2026-07-20 15:37:16,112 - INFO - 📄 PAGE 36/13339
2026-07-20 15:37:16,113 - INFO - ==================================================
2026-07-20 15:37:16,486 - INFO -   ✅ +0 | ⏭️ 0 hors dates | 🔄 327 doublons | Total: 33
2026-07-20 15:37:31,230 - INFO - 
==================================================
2026-07-20 15:37:31,231 - INFO - 📄 PAGE 37/13339
2026-07-20 15:37:31,232 - INFO - ==================================================
2026-07-20 15:37:31,532 - INFO -   ✅ +0 | ⏭️ 0 hors dates | 🔄 337 doublons | Total: 33
2026-07-20 15:37:44,488 - INFO - 
==================================================
2026-07-20 15:37:44,490 - INFO - 📄 PAGE 38/13339
2026-07-20 15:37:44,492 - INFO - ==================================================
2026-07-20 15:37:44,802 - INFO -   ✅ +0 | ⏭️ 0 hors dates | 🔄 347 doublons | Total: 33
2026-07-20 15:37:57,326 - INFO - 
==================================================
2026-07-20 15:37:57,328 - INFO - 📄 PAGE 39/13339
2026-07-20 15:37:57,328 - INFO - ==================================================
2026-07-20 15:37:57,744 - INFO -   ✅ +0 | ⏭️ 0 hors dates | 🔄 357 doublons | Total: 33
2026-07-20 15:38:10,073 - INFO - 
==================================================
2026-07-20 15:38:10,091 - INFO - 📄 PAGE 40/13339
2026-07-20 15:38:10,093 - INFO - ==================================================
2026-07-20 15:38:10,571 - INFO - 📊 Cache rafraîchi: 723 références en base
2026-07-20 15:38:10,937 - INFO -   ✅ +0 | ⏭️ 0 hors dates | 🔄 367 doublons | Total: 33
2026-07-20 15:38:24,675 - INFO - 
==================================================
2026-07-20 15:38:24,676 - INFO - 📄 PAGE 41/13339
2026-07-20 15:38:24,677 - INFO - ==================================================
2026-07-20 15:38:24,978 - INFO -   ✅ +0 | ⏭️ 0 hors dates | 🔄 377 doublons | Total: 33
2026-07-20 15:38:38,532 - INFO - 
==================================================
2026-07-20 15:38:38,534 - INFO - 📄 PAGE 42/13339
2026-07-20 15:38:38,536 - INFO - ==================================================
2026-07-20 15:38:38,871 - INFO -   ✅ +0 | ⏭️ 0 hors dates | 🔄 387 doublons | Total: 33
2026-07-20 15:38:51,655 - INFO - 
==================================================
2026-07-20 15:38:51,657 - INFO - 📄 PAGE 43/13339
2026-07-20 15:38:51,659 - INFO - ==================================================
2026-07-20 15:38:51,984 - INFO -   ✅ +0 | ⏭️ 0 hors dates | 🔄 397 doublons | Total: 33
2026-07-20 15:39:04,779 - INFO - 
==================================================
2026-07-20 15:39:04,781 - INFO - 📄 PAGE 44/13339
2026-07-20 15:39:04,781 - INFO - ==================================================
2026-07-20 15:39:05,103 - INFO -   ✅ +0 | ⏭️ 0 hors dates | 🔄 407 doublons | Total: 33
2026-07-20 15:39:19,343 - INFO - 
==================================================
2026-07-20 15:39:19,345 - INFO - 📄 PAGE 45/13339
2026-07-20 15:39:19,346 - INFO - ==================================================
2026-07-20 15:39:19,675 - INFO -   ✅ +0 | ⏭️ 0 hors dates | 🔄 417 doublons | Total: 33
2026-07-20 15:39:32,291 - INFO - 
==================================================
2026-07-20 15:39:32,294 - INFO - 📄 PAGE 46/13339
2026-07-20 15:39:32,306 - INFO - ==================================================
2026-07-20 15:39:32,638 - INFO -   ✅ +0 | ⏭️ 0 hors dates | 🔄 427 doublons | Total: 33
2026-07-20 15:39:45,530 - INFO - 
==================================================
2026-07-20 15:39:45,531 - INFO - 📄 PAGE 47/13339
2026-07-20 15:39:45,531 - INFO - ==================================================
2026-07-20 15:39:45,860 - INFO -   ✅ +0 | ⏭️ 0 hors dates | 🔄 437 doublons | Total: 33
2026-07-20 15:39:58,805 - INFO - 
==================================================
2026-07-20 15:39:58,805 - INFO - 📄 PAGE 48/13339
2026-07-20 15:39:58,806 - INFO - ==================================================
2026-07-20 15:39:59,104 - INFO -   ✅ +0 | ⏭️ 0 hors dates | 🔄 447 doublons | Total: 33
2026-07-20 15:40:13,071 - INFO - 
==================================================
2026-07-20 15:40:13,073 - INFO - 📄 PAGE 49/13339
2026-07-20 15:40:13,074 - INFO - ==================================================
2026-07-20 15:40:13,383 - INFO -   ✅ +0 | ⏭️ 0 hors dates | 🔄 457 doublons | Total: 33
2026-07-20 15:40:27,237 - INFO - 
==================================================
2026-07-20 15:40:27,238 - INFO - 📄 PAGE 50/13339
2026-07-20 15:40:27,238 - INFO - ==================================================
2026-07-20 15:40:27,776 - INFO - 📊 Cache rafraîchi: 723 références en base
2026-07-20 15:40:28,460 - INFO -   ✅ +0 | ⏭️ 0 hors dates | 🔄 467 doublons | Total: 33
2026-07-20 15:40:41,452 - INFO - 
==================================================
2026-07-20 15:40:41,454 - INFO - 📄 PAGE 51/13339
2026-07-20 15:40:41,455 - INFO - ==================================================
2026-07-20 15:40:41,806 - INFO -   ✅ +0 | ⏭️ 0 hors dates | 🔄 477 doublons | Total: 33
2026-07-20 15:40:55,651 - INFO - 
==================================================
2026-07-20 15:40:55,652 - INFO - 📄 PAGE 52/13339
2026-07-20 15:40:55,652 - INFO - ==================================================
2026-07-20 15:40:55,978 - INFO -   ✅ +0 | ⏭️ 0 hors dates | 🔄 487 doublons | Total: 33
2026-07-20 15:41:09,239 - INFO - 
==================================================
2026-07-20 15:41:09,239 - INFO - 📄 PAGE 53/13339
2026-07-20 15:41:09,240 - INFO - ==================================================
2026-07-20 15:41:09,524 - INFO -   ✅ +0 | ⏭️ 0 hors dates | 🔄 497 doublons | Total: 33
2026-07-20 15:41:22,288 - INFO - 
==================================================
2026-07-20 15:41:22,289 - INFO - 📄 PAGE 54/13339
2026-07-20 15:41:22,289 - INFO - ==================================================
2026-07-20 15:41:22,647 - INFO -   ✅ +0 | ⏭️ 0 hors dates | 🔄 507 doublons | Total: 33
2026-07-20 15:41:35,237 - INFO - 
==================================================
2026-07-20 15:41:35,239 - INFO - 📄 PAGE 55/13339
2026-07-20 15:41:35,239 - INFO - ==================================================
2026-07-20 15:41:35,587 - INFO -   ✅ +0 | ⏭️ 0 hors dates | 🔄 517 doublons | Total: 33
2026-07-20 15:41:47,963 - INFO - 
==================================================
2026-07-20 15:41:47,964 - INFO - 📄 PAGE 56/13339
2026-07-20 15:41:47,964 - INFO - ==================================================
2026-07-20 15:41:48,617 - INFO -   ✅ +0 | ⏭️ 0 hors dates | 🔄 527 doublons | Total: 33
2026-07-20 15:42:01,334 - INFO - 
==================================================
2026-07-20 15:42:01,335 - INFO - 📄 PAGE 57/13339
2026-07-20 15:42:01,335 - INFO - ==================================================
2026-07-20 15:42:01,641 - INFO -   ✅ +0 | ⏭️ 0 hors dates | 🔄 537 doublons | Total: 33
2026-07-20 15:42:14,755 - INFO - 
==================================================
2026-07-20 15:42:14,756 - INFO - 📄 PAGE 58/13339
2026-07-20 15:42:14,756 - INFO - ==================================================
2026-07-20 15:42:15,076 - INFO -   ✅ +0 | ⏭️ 0 hors dates | 🔄 547 doublons | Total: 33
2026-07-20 15:42:27,824 - INFO - 
==================================================
2026-07-20 15:42:27,825 - INFO - 📄 PAGE 59/13339
2026-07-20 15:42:27,825 - INFO - ==================================================
2026-07-20 15:42:28,198 - INFO -   ✅ +0 | ⏭️ 0 hors dates | 🔄 557 doublons | Total: 33
2026-07-20 15:42:40,847 - INFO - 
==================================================
2026-07-20 15:42:40,848 - INFO - 📄 PAGE 60/13339
2026-07-20 15:42:40,848 - INFO - ==================================================
2026-07-20 15:42:41,304 - INFO - 📊 Cache rafraîchi: 723 références en base
2026-07-20 15:42:41,618 - INFO -   ✅ +0 | ⏭️ 0 hors dates | 🔄 567 doublons | Total: 33
2026-07-20 15:43:19,117 - INFO - 
==================================================
2026-07-20 15:43:19,118 - INFO - 📄 PAGE 61/13339
2026-07-20 15:43:19,118 - INFO - ==================================================
2026-07-20 15:43:19,124 - INFO -   ✅ +0 | ⏭️ 0 hors dates | 🔄 567 doublons | Total: 33
2026-07-20 15:43:51,144 - INFO - 
==================================================
2026-07-20 15:43:51,145 - INFO - 📄 PAGE 62/13339
2026-07-20 15:43:51,145 - INFO - ==================================================
2026-07-20 15:43:51,153 - INFO -   ✅ +0 | ⏭️ 0 hors dates | 🔄 567 doublons | Total: 33
2026-07-20 15:44:23,165 - INFO - 
==================================================
2026-07-20 15:44:23,168 - INFO - 📄 PAGE 63/13339
2026-07-20 15:44:23,170 - INFO - ==================================================
2026-07-20 15:44:23,199 - INFO -   ✅ +0 | ⏭️ 0 hors dates | 🔄 567 doublons | Total: 33
2026-07-20 15:44:55,249 - INFO - 
==================================================
2026-07-20 15:44:55,282 - INFO - 📄 PAGE 64/13339
2026-07-20 15:44:55,291 - INFO - ==================================================
2026-07-20 15:44:55,319 - INFO -   ✅ +0 | ⏭️ 0 hors dates | 🔄 567 doublons | Total: 33
2026-07-20 15:45:27,357 - INFO - 
==================================================
2026-07-20 15:45:27,359 - INFO - 📄 PAGE 65/13339
2026-07-20 15:45:27,360 - INFO - ==================================================
2026-07-20 15:45:27,392 - INFO -   ✅ +0 | ⏭️ 0 hors dates | 🔄 567 doublons | Total: 33
2026-07-20 15:45:59,420 - INFO - 
==================================================
2026-07-20 15:45:59,422 - INFO - 📄 PAGE 66/13339
2026-07-20 15:45:59,424 - INFO - ==================================================
2026-07-20 15:45:59,460 - INFO -   ✅ +0 | ⏭️ 0 hors dates | 🔄 567 doublons | Total: 33
2026-07-20 15:46:31,529 - INFO - 
==================================================
2026-07-20 15:46:31,531 - INFO - 📄 PAGE 67/13339
2026-07-20 15:46:31,533 - INFO - ==================================================
2026-07-20 15:46:31,566 - INFO -   ✅ +0 | ⏭️ 0 hors dates | 🔄 567 doublons | Total: 33
2026-07-20 15:47:03,615 - INFO - 
==================================================
2026-07-20 15:47:03,618 - INFO - 📄 PAGE 68/13339
2026-07-20 15:47:03,619 - INFO - ==================================================
2026-07-20 15:47:03,648 - INFO -   ✅ +0 | ⏭️ 0 hors dates | 🔄 567 doublons | Total: 33
2026-07-20 15:47:35,671 - INFO - 
==================================================
2026-07-20 15:47:35,673 - INFO - 📄 PAGE 69/13339
2026-07-20 15:47:35,675 - INFO - ==================================================
2026-07-20 15:47:35,713 - INFO -   ✅ +0 | ⏭️ 0 hors dates | 🔄 567 doublons | Total: 33
2026-07-20 15:48:07,769 - INFO - 
==================================================
2026-07-20 15:48:07,770 - INFO - 📄 PAGE 70/13339
2026-07-20 15:48:07,770 - INFO - ==================================================
2026-07-20 15:48:08,188 - INFO - 📊 Cache rafraîchi: 723 références en base
2026-07-20 15:48:08,215 - INFO -   ✅ +0 | ⏭️ 0 hors dates | 🔄 567 doublons | Total: 33
2026-07-20 15:48:40,253 - INFO - 
==================================================
2026-07-20 15:48:40,254 - INFO - 📄 PAGE 71/13339
2026-07-20 15:48:40,254 - INFO - ==================================================
2026-07-20 15:48:40,265 - INFO -   ✅ +0 | ⏭️ 0 hors dates | 🔄 567 doublons | Total: 33
2026-07-20 15:49:12,285 - INFO - 
==================================================
2026-07-20 15:49:12,287 - INFO - 📄 PAGE 72/13339
2026-07-20 15:49:12,289 - INFO - ==================================================
2026-07-20 15:49:12,323 - INFO -   ✅ +0 | ⏭️ 0 hors dates | 🔄 567 doublons | Total: 33
2026-07-20 15:49:44,365 - INFO - 
==================================================
2026-07-20 15:49:44,366 - INFO - 📄 PAGE 73/13339
2026-07-20 15:49:44,367 - INFO - ==================================================
2026-07-20 15:49:44,394 - INFO -   ✅ +0 | ⏭️ 0 hors dates | 🔄 567 doublons | Total: 33
2026-07-20 15:50:16,458 - INFO - 
==================================================
2026-07-20 15:50:16,461 - INFO - 📄 PAGE 74/13339
2026-07-20 15:50:16,464 - INFO - ==================================================
2026-07-20 15:50:16,495 - INFO -   ✅ +0 | ⏭️ 0 hors dates | 🔄 567 doublons | Total: 33
2026-07-20 15:50:48,550 - INFO - 
==================================================
2026-07-20 15:50:48,551 - INFO - 📄 PAGE 75/13339
2026-07-20 15:50:48,551 - INFO - ==================================================
2026-07-20 15:50:48,558 - INFO -   ✅ +0 | ⏭️ 0 hors dates | 🔄 567 doublons | Total: 33
2026-07-20 15:51:20,588 - INFO - 
==================================================
2026-07-20 15:51:20,592 - INFO - 📄 PAGE 76/13339
2026-07-20 15:51:20,594 - INFO - ==================================================
2026-07-20 15:51:20,629 - INFO -   ✅ +0 | ⏭️ 0 hors dates | 🔄 567 doublons | Total: 33
2026-07-20 15:51:52,665 - INFO - 
==================================================
2026-07-20 15:51:52,667 - INFO - 📄 PAGE 77/13339
2026-07-20 15:51:52,668 - INFO - ==================================================
2026-07-20 15:51:52,690 - INFO -   ✅ +0 | ⏭️ 0 hors dates | 🔄 567 doublons | Total: 33
2026-07-20 15:52:24,736 - INFO - 
==================================================
2026-07-20 15:52:24,738 - INFO - 📄 PAGE 78/13339
2026-07-20 15:52:24,740 - INFO - ==================================================
2026-07-20 15:52:24,769 - INFO -   ✅ +0 | ⏭️ 0 hors dates | 🔄 567 doublons | Total: 33
2026-07-20 15:52:56,817 - INFO - 
==================================================
2026-07-20 15:52:56,818 - INFO - 📄 PAGE 79/13339
2026-07-20 15:52:56,820 - INFO - ==================================================
2026-07-20 15:52:56,841 - INFO -   ✅ +0 | ⏭️ 0 hors dates | 🔄 567 doublons | Total: 33
2026-07-20 15:53:28,896 - INFO - 
==================================================
2026-07-20 15:53:28,904 - INFO - 📄 PAGE 80/13339
2026-07-20 15:53:28,907 - INFO - ==================================================
2026-07-20 15:53:29,559 - INFO - 📊 Cache rafraîchi: 723 références en base
2026-07-20 15:53:29,625 - INFO -   ✅ +0 | ⏭️ 0 hors dates | 🔄 567 doublons | Total: 33
2026-07-20 15:54:01,651 - INFO - 
==================================================
2026-07-20 15:54:01,654 - INFO - 📄 PAGE 81/13339
2026-07-20 15:54:01,655 - INFO - ==================================================
2026-07-20 15:54:01,681 - INFO -   ✅ +0 | ⏭️ 0 hors dates | 🔄 567 doublons | Total: 33
2026-07-20 15:54:33,705 - INFO - 
==================================================
2026-07-20 15:54:33,707 - INFO - 📄 PAGE 82/13339
2026-07-20 15:54:33,707 - INFO - ==================================================
2026-07-20 15:54:33,715 - INFO -   ✅ +0 | ⏭️ 0 hors dates | 🔄 567 doublons | Total: 33
2026-07-20 15:55:05,745 - INFO - 
==================================================
2026-07-20 15:55:05,751 - INFO - 📄 PAGE 83/13339
2026-07-20 15:55:05,759 - INFO - ==================================================
2026-07-20 15:55:05,767 - INFO -   ✅ +0 | ⏭️ 0 hors dates | 🔄 567 doublons | Total: 33
2026-07-20 15:55:37,836 - INFO - 
==================================================
2026-07-20 15:55:37,837 - INFO - 📄 PAGE 84/13339
2026-07-20 15:55:37,839 - INFO - ==================================================
2026-07-20 15:55:37,865 - INFO -   ✅ +0 | ⏭️ 0 hors dates | 🔄 567 doublons | Total: 33
2026-07-20 15:56:09,961 - INFO - 
==================================================
2026-07-20 15:56:09,963 - INFO - 📄 PAGE 85/13339
2026-07-20 15:56:09,964 - INFO - ==================================================
2026-07-20 15:56:10,002 - INFO -   ✅ +0 | ⏭️ 0 hors dates | 🔄 567 doublons | Total: 33
2026-07-20 15:56:42,031 - INFO - 
==================================================
2026-07-20 15:56:42,033 - INFO - 📄 PAGE 86/13339
2026-07-20 15:56:42,034 - INFO - ==================================================
2026-07-20 15:56:42,059 - INFO -   ✅ +0 | ⏭️ 0 hors dates | 🔄 567 doublons | Total: 33
2026-07-20 15:57:14,127 - INFO - 
==================================================
2026-07-20 15:57:14,130 - INFO - 📄 PAGE 87/13339
2026-07-20 15:57:14,132 - INFO - ==================================================
2026-07-20 15:57:14,175 - INFO -   ✅ +0 | ⏭️ 0 hors dates | 🔄 567 doublons | Total: 33
2026-07-20 15:57:46,250 - INFO - 
==================================================
2026-07-20 15:57:46,254 - INFO - 📄 PAGE 88/13339
2026-07-20 15:57:46,259 - INFO - ==================================================
2026-07-20 15:57:46,301 - INFO -   ✅ +0 | ⏭️ 0 hors dates | 🔄 567 doublons | Total: 33
2026-07-20 15:58:18,364 - INFO - 
==================================================
2026-07-20 15:58:18,366 - INFO - 📄 PAGE 89/13339
2026-07-20 15:58:18,367 - INFO - ==================================================
2026-07-20 15:58:18,387 - INFO -   ✅ +0 | ⏭️ 0 hors dates | 🔄 567 doublons | Total: 33
2026-07-20 15:58:50,457 - INFO - 
==================================================
2026-07-20 15:58:50,460 - INFO - 📄 PAGE 90/13339
2026-07-20 15:58:50,462 - INFO - ==================================================
2026-07-20 15:58:51,198 - INFO - 📊 Cache rafraîchi: 723 références en base
2026-07-20 15:58:51,226 - INFO -   ✅ +0 | ⏭️ 0 hors dates | 🔄 567 doublons | Total: 33
2026-07-20 15:59:23,249 - INFO - 
==================================================
2026-07-20 15:59:23,251 - INFO - 📄 PAGE 91/13339
2026-07-20 15:59:23,251 - INFO - ==================================================
2026-07-20 15:59:23,260 - INFO -   ✅ +0 | ⏭️ 0 hors dates | 🔄 567 doublons | Total: 33
2026-07-20 15:59:55,296 - INFO - 
==================================================
2026-07-20 15:59:55,299 - INFO - 📄 PAGE 92/13339
2026-07-20 15:59:55,300 - INFO - ==================================================
2026-07-20 15:59:55,326 - INFO -   ✅ +0 | ⏭️ 0 hors dates | 🔄 567 doublons | Total: 33
2026-07-20 16:00:27,375 - INFO - 
==================================================
2026-07-20 16:00:27,386 - INFO - 📄 PAGE 93/13339
2026-07-20 16:00:27,391 - INFO - ==================================================
2026-07-20 16:00:27,425 - INFO -   ✅ +0 | ⏭️ 0 hors dates | 🔄 567 doublons | Total: 33
2026-07-20 16:00:59,499 - INFO - 
==================================================
2026-07-20 16:00:59,500 - INFO - 📄 PAGE 94/13339
2026-07-20 16:00:59,501 - INFO - ==================================================
2026-07-20 16:00:59,530 - INFO -   ✅ +0 | ⏭️ 0 hors dates | 🔄 567 doublons | Total: 33
2026-07-20 16:01:31,608 - INFO - 
==================================================
2026-07-20 16:01:31,611 - INFO - 📄 PAGE 95/13339
2026-07-20 16:01:31,613 - INFO - ==================================================
2026-07-20 16:01:31,667 - INFO -   ✅ +0 | ⏭️ 0 hors dates | 🔄 567 doublons | Total: 33
2026-07-20 16:02:03,716 - INFO - 
==================================================
2026-07-20 16:02:03,721 - INFO - 📄 PAGE 96/13339
2026-07-20 16:02:03,723 - INFO - ==================================================
2026-07-20 16:02:03,777 - INFO -   ✅ +0 | ⏭️ 0 hors dates | 🔄 567 doublons | Total: 33
2026-07-20 16:02:35,863 - INFO - 
==================================================
2026-07-20 16:02:35,867 - INFO - 📄 PAGE 97/13339
2026-07-20 16:02:35,869 - INFO - ==================================================
2026-07-20 16:02:35,930 - INFO -   ✅ +0 | ⏭️ 0 hors dates | 🔄 567 doublons | Total: 33
2026-07-20 16:03:08,002 - INFO - 
==================================================
2026-07-20 16:03:08,003 - INFO - 📄 PAGE 98/13339
2026-07-20 16:03:08,004 - INFO - ==================================================
2026-07-20 16:03:08,014 - INFO -   ✅ +0 | ⏭️ 0 hors dates | 🔄 567 doublons | Total: 33
2026-07-20 16:03:40,050 - INFO - 
==================================================
2026-07-20 16:03:40,052 - INFO - 📄 PAGE 99/13339
2026-07-20 16:03:40,054 - INFO - ==================================================
2026-07-20 16:03:40,095 - INFO -   ✅ +0 | ⏭️ 0 hors dates | 🔄 567 doublons | Total: 33
2026-07-20 16:04:12,128 - INFO - 
==================================================
2026-07-20 16:04:12,132 - INFO - 📄 PAGE 100/13339
2026-07-20 16:04:12,133 - INFO - ==================================================
2026-07-20 16:04:13,064 - INFO - 📊 Cache rafraîchi: 723 références en base
2026-07-20 16:04:13,133 - INFO -   ✅ +0 | ⏭️ 0 hors dates | 🔄 567 doublons | Total: 33
2026-07-20 16:04:45,208 - INFO - 
==================================================
2026-07-20 16:04:45,209 - INFO - 📄 PAGE 101/13339
2026-07-20 16:04:45,210 - INFO - ==================================================
2026-07-20 16:04:45,218 - INFO -   ✅ +0 | ⏭️ 0 hors dates | 🔄 567 doublons | Total: 33
2026-07-20 16:05:17,252 - INFO - 
==================================================
2026-07-20 16:05:17,252 - INFO - 📄 PAGE 102/13339
2026-07-20 16:05:17,253 - INFO - ==================================================
2026-07-20 16:05:17,261 - INFO -   ✅ +0 | ⏭️ 0 hors dates | 🔄 567 doublons | Total: 33
2026-07-20 16:05:49,279 - INFO - 
==================================================
2026-07-20 16:05:49,281 - INFO - 📄 PAGE 103/13339
2026-07-20 16:05:49,286 - INFO - ==================================================
2026-07-20 16:05:49,314 - INFO -   ✅ +0 | ⏭️ 0 hors dates | 🔄 567 doublons | Total: 33
2026-07-20 16:06:21,352 - INFO - 
==================================================
2026-07-20 16:06:21,356 - INFO - 📄 PAGE 104/13339
2026-07-20 16:06:21,357 - INFO - ==================================================
2026-07-20 16:06:21,373 - INFO -   ✅ +0 | ⏭️ 0 hors dates | 🔄 567 doublons | Total: 33
2026-07-20 16:06:53,413 - INFO - 
==================================================
2026-07-20 16:06:53,415 - INFO - 📄 PAGE 105/13339
2026-07-20 16:06:53,416 - INFO - ==================================================
2026-07-20 16:06:53,434 - INFO -   ✅ +0 | ⏭️ 0 hors dates | 🔄 567 doublons | Total: 33
2026-07-20 16:07:25,456 - INFO - 
==================================================
2026-07-20 16:07:25,456 - INFO - 📄 PAGE 106/13339
2026-07-20 16:07:25,457 - INFO - ==================================================
2026-07-20 16:07:25,465 - INFO -   ✅ +0 | ⏭️ 0 hors dates | 🔄 567 doublons | Total: 33
2026-07-20 16:07:57,502 - INFO - 
==================================================
2026-07-20 16:07:57,504 - INFO - 📄 PAGE 107/13339
2026-07-20 16:07:57,505 - INFO - ==================================================
2026-07-20 16:07:57,530 - INFO -   ✅ +0 | ⏭️ 0 hors dates | 🔄 567 doublons | Total: 33
2026-07-20 16:08:29,589 - INFO - 
==================================================
2026-07-20 16:08:29,594 - INFO - 📄 PAGE 108/13339
2026-07-20 16:08:29,595 - INFO - ==================================================
2026-07-20 16:08:29,607 - INFO -   ✅ +0 | ⏭️ 0 hors dates | 🔄 567 doublons | Total: 33
2026-07-20 16:09:01,650 - INFO - 
==================================================
2026-07-20 16:09:01,651 - INFO - 📄 PAGE 109/13339
2026-07-20 16:09:01,652 - INFO - ==================================================
2026-07-20 16:09:01,668 - INFO -   ✅ +0 | ⏭️ 0 hors dates | 🔄 567 doublons | Total: 33
2026-07-20 16:09:33,691 - INFO - 
==================================================
2026-07-20 16:09:33,707 - INFO - 📄 PAGE 110/13339
2026-07-20 16:09:33,710 - INFO - ==================================================
2026-07-20 16:09:34,482 - INFO - 📊 Cache rafraîchi: 723 références en base
2026-07-20 16:09:34,503 - INFO -   ✅ +0 | ⏭️ 0 hors dates | 🔄 567 doublons | Total: 33
2026-07-20 16:10:06,538 - INFO - 
==================================================
2026-07-20 16:10:06,543 - INFO - 📄 PAGE 111/13339
2026-07-20 16:10:06,544 - INFO - ==================================================
2026-07-20 16:10:06,579 - INFO -   ✅ +0 | ⏭️ 0 hors dates | 🔄 567 doublons | Total: 33
2026-07-20 16:10:38,639 - INFO - 
==================================================
2026-07-20 16:10:38,641 - INFO - 📄 PAGE 112/13339
2026-07-20 16:10:38,643 - INFO - ==================================================
2026-07-20 16:10:38,667 - INFO -   ✅ +0 | ⏭️ 0 hors dates | 🔄 567 doublons | Total: 33
2026-07-20 16:11:10,712 - INFO - 
==================================================
2026-07-20 16:11:10,716 - INFO - 📄 PAGE 113/13339
2026-07-20 16:11:10,721 - INFO - ==================================================
2026-07-20 16:11:10,749 - INFO -   ✅ +0 | ⏭️ 0 hors dates | 🔄 567 doublons | Total: 33
2026-07-20 16:11:42,831 - INFO - 
==================================================
2026-07-20 16:11:42,832 - INFO - 📄 PAGE 114/13339
2026-07-20 16:11:42,836 - INFO - ==================================================
2026-07-20 16:11:42,875 - INFO -   ✅ +0 | ⏭️ 0 hors dates | 🔄 567 doublons | Total: 33
2026-07-20 16:12:14,912 - INFO - 
==================================================
2026-07-20 16:12:14,914 - INFO - 📄 PAGE 115/13339
2026-07-20 16:12:14,921 - INFO - ==================================================
2026-07-20 16:12:14,964 - INFO -   ✅ +0 | ⏭️ 0 hors dates | 🔄 567 doublons | Total: 33
2026-07-20 16:12:47,027 - INFO - 
==================================================
2026-07-20 16:12:47,030 - INFO - 📄 PAGE 116/13339
2026-07-20 16:12:47,032 - INFO - ==================================================
2026-07-20 16:12:47,055 - INFO -   ✅ +0 | ⏭️ 0 hors dates | 🔄 567 doublons | Total: 33
2026-07-20 16:13:19,089 - INFO - 
==================================================
2026-07-20 16:13:19,091 - INFO - 📄 PAGE 117/13339
2026-07-20 16:13:19,092 - INFO - ==================================================
2026-07-20 16:13:19,127 - INFO -   ✅ +0 | ⏭️ 0 hors dates | 🔄 567 doublons | Total: 33
2026-07-20 16:13:51,212 - INFO - 
==================================================
2026-07-20 16:13:51,215 - INFO - 📄 PAGE 118/13339
2026-07-20 16:13:51,217 - INFO - ==================================================
2026-07-20 16:13:51,275 - INFO -   ✅ +0 | ⏭️ 0 hors dates | 🔄 567 doublons | Total: 33
2026-07-20 16:14:23,330 - INFO - 
==================================================
2026-07-20 16:14:23,332 - INFO - 📄 PAGE 119/13339
2026-07-20 16:14:23,334 - INFO - ==================================================
2026-07-20 16:14:23,370 - INFO -   ✅ +0 | ⏭️ 0 hors dates | 🔄 567 doublons | Total: 33
2026-07-20 16:14:55,460 - INFO - 
==================================================
2026-07-20 16:14:55,464 - INFO - 📄 PAGE 120/13339
2026-07-20 16:14:55,466 - INFO - ==================================================
2026-07-20 16:14:56,330 - INFO - 📊 Cache rafraîchi: 723 références en base
2026-07-20 16:14:56,384 - INFO -   ✅ +0 | ⏭️ 0 hors dates | 🔄 567 doublons | Total: 33
2026-07-20 16:15:28,449 - INFO - 
==================================================
2026-07-20 16:15:28,451 - INFO - 📄 PAGE 121/13339
2026-07-20 16:15:28,453 - INFO - ==================================================
2026-07-20 16:15:28,481 - INFO -   ✅ +0 | ⏭️ 0 hors dates | 🔄 567 doublons | Total: 33
2026-07-20 16:16:00,565 - INFO - 
==================================================
2026-07-20 16:16:00,568 - INFO - 📄 PAGE 122/13339
2026-07-20 16:16:00,570 - INFO - ==================================================
2026-07-20 16:16:00,620 - INFO -   ✅ +0 | ⏭️ 0 hors dates | 🔄 567 doublons | Total: 33
2026-07-20 16:16:32,678 - INFO - 
==================================================
2026-07-20 16:16:32,683 - INFO - 📄 PAGE 123/13339
2026-07-20 16:16:32,686 - INFO - ==================================================
2026-07-20 16:16:32,731 - INFO -   ✅ +0 | ⏭️ 0 hors dates | 🔄 567 doublons | Total: 33
2026-07-20 16:17:04,817 - INFO - 
==================================================
2026-07-20 16:17:04,821 - INFO - 📄 PAGE 124/13339
2026-07-20 16:17:04,824 - INFO - ==================================================
2026-07-20 16:17:04,874 - INFO -   ✅ +0 | ⏭️ 0 hors dates | 🔄 567 doublons | Total: 33
2026-07-20 16:17:36,946 - INFO - 
==================================================
2026-07-20 16:17:36,949 - INFO - 📄 PAGE 125/13339
2026-07-20 16:17:36,951 - INFO - ==================================================
2026-07-20 16:17:36,982 - INFO -   ✅ +0 | ⏭️ 0 hors dates | 🔄 567 doublons | Total: 33
2026-07-20 16:18:09,067 - INFO - 
==================================================
2026-07-20 16:18:09,073 - INFO - 📄 PAGE 126/13339
2026-07-20 16:18:09,075 - INFO - ==================================================
2026-07-20 16:18:09,125 - INFO -   ✅ +0 | ⏭️ 0 hors dates | 🔄 567 doublons | Total: 33
2026-07-20 16:18:41,183 - INFO - 
==================================================
2026-07-20 16:18:41,188 - INFO - 📄 PAGE 127/13339
2026-07-20 16:18:41,190 - INFO - ==================================================
2026-07-20 16:18:41,258 - INFO -   ✅ +0 | ⏭️ 0 hors dates | 🔄 567 doublons | Total: 33
2026-07-20 16:19:13,308 - INFO - 
==================================================
2026-07-20 16:19:13,310 - INFO - 📄 PAGE 128/13339
2026-07-20 16:19:13,313 - INFO - ==================================================
2026-07-20 16:19:13,344 - INFO -   ✅ +0 | ⏭️ 0 hors dates | 🔄 567 doublons | Total: 33
2026-07-20 16:19:45,397 - INFO - 
==================================================
2026-07-20 16:19:45,399 - INFO - 📄 PAGE 129/13339
2026-07-20 16:19:45,400 - INFO - ==================================================
2026-07-20 16:19:45,424 - INFO -   ✅ +0 | ⏭️ 0 hors dates | 🔄 567 doublons | Total: 33
2026-07-20 16:20:17,494 - INFO - 
==================================================
2026-07-20 16:20:17,497 - INFO - 📄 PAGE 130/13339
2026-07-20 16:20:17,498 - INFO - ==================================================
2026-07-20 16:20:18,255 - INFO - 📊 Cache rafraîchi: 723 références en base
2026-07-20 16:20:18,281 - INFO -   ✅ +0 | ⏭️ 0 hors dates | 🔄 567 doublons | Total: 33
2026-07-20 16:20:50,312 - INFO - 
==================================================
2026-07-20 16:20:50,314 - INFO - 📄 PAGE 131/13339
2026-07-20 16:20:50,316 - INFO - ==================================================
2026-07-20 16:20:50,355 - INFO -   ✅ +0 | ⏭️ 0 hors dates | 🔄 567 doublons | Total: 33
2026-07-20 16:21:22,399 - INFO - 
==================================================
2026-07-20 16:21:22,401 - INFO - 📄 PAGE 132/13339
2026-07-20 16:21:22,402 - INFO - ==================================================
2026-07-20 16:21:22,429 - INFO -   ✅ +0 | ⏭️ 0 hors dates | 🔄 567 doublons | Total: 33
2026-07-20 16:21:54,462 - INFO - 
==================================================
2026-07-20 16:21:54,464 - INFO - 📄 PAGE 133/13339
2026-07-20 16:21:54,466 - INFO - ==================================================
2026-07-20 16:21:54,500 - INFO -   ✅ +0 | ⏭️ 0 hors dates | 🔄 567 doublons | Total: 33
2026-07-20 16:22:26,555 - INFO - 
==================================================
2026-07-20 16:22:26,563 - INFO - 📄 PAGE 134/13339
2026-07-20 16:22:26,564 - INFO - ==================================================
2026-07-20 16:22:26,606 - INFO -   ✅ +0 | ⏭️ 0 hors dates | 🔄 567 doublons | Total: 33
2026-07-20 16:22:58,656 - INFO - 
==================================================
2026-07-20 16:22:58,657 - INFO - 📄 PAGE 135/13339
2026-07-20 16:22:58,658 - INFO - ==================================================
2026-07-20 16:22:58,674 - INFO -   ✅ +0 | ⏭️ 0 hors dates | 🔄 567 doublons | Total: 33
2026-07-20 16:23:30,725 - INFO - 
==================================================
2026-07-20 16:23:30,727 - INFO - 📄 PAGE 136/13339
2026-07-20 16:23:30,729 - INFO - ==================================================
2026-07-20 16:23:30,759 - INFO -   ✅ +0 | ⏭️ 0 hors dates | 🔄 567 doublons | Total: 33
2026-07-20 16:24:02,800 - INFO - 
==================================================
2026-07-20 16:24:02,804 - INFO - 📄 PAGE 137/13339
2026-07-20 16:24:02,806 - INFO - ==================================================
2026-07-20 16:24:02,842 - INFO -   ✅ +0 | ⏭️ 0 hors dates | 🔄 567 doublons | Total: 33
2026-07-20 16:24:34,889 - INFO - 
==================================================
2026-07-20 16:24:34,890 - INFO - 📄 PAGE 138/13339
2026-07-20 16:24:34,891 - INFO - ==================================================
2026-07-20 16:24:34,902 - INFO -   ✅ +0 | ⏭️ 0 hors dates | 🔄 567 doublons | Total: 33
2026-07-20 16:25:06,972 - INFO - 
==================================================
2026-07-20 16:25:06,974 - INFO - 📄 PAGE 139/13339
2026-07-20 16:25:06,976 - INFO - ==================================================
2026-07-20 16:25:07,005 - INFO -   ✅ +0 | ⏭️ 0 hors dates | 🔄 567 doublons | Total: 33
2026-07-20 16:25:39,090 - INFO - 
==================================================
2026-07-20 16:25:39,092 - INFO - 📄 PAGE 140/13339
2026-07-20 16:25:39,093 - INFO - ==================================================
2026-07-20 16:25:39,919 - INFO - 📊 Cache rafraîchi: 723 références en base
2026-07-20 16:25:40,311 - INFO -   ✅ +0 | ⏭️ 0 hors dates | 🔄 567 doublons | Total: 33
2026-07-20 16:26:12,432 - INFO - 
==================================================
2026-07-20 16:26:12,433 - INFO - 📄 PAGE 141/13339
2026-07-20 16:26:12,434 - INFO - ==================================================
2026-07-20 16:26:12,451 - INFO -   ✅ +0 | ⏭️ 0 hors dates | 🔄 567 doublons | Total: 33
2026-07-20 16:26:44,564 - INFO - 
==================================================
2026-07-20 16:26:44,646 - INFO - 📄 PAGE 142/13339
2026-07-20 16:26:44,715 - INFO - ==================================================
2026-07-20 16:26:44,820 - INFO -   ✅ +0 | ⏭️ 0 hors dates | 🔄 567 doublons | Total: 33
2026-07-20 16:27:16,890 - INFO - 
==================================================
2026-07-20 16:27:16,892 - INFO - 📄 PAGE 143/13339
2026-07-20 16:27:16,893 - INFO - ==================================================
2026-07-20 16:27:16,914 - INFO -   ✅ +0 | ⏭️ 0 hors dates | 🔄 567 doublons | Total: 33
2026-07-20 16:27:48,956 - INFO - 
==================================================
2026-07-20 16:27:48,960 - INFO - 📄 PAGE 144/13339
2026-07-20 16:27:48,962 - INFO - ==================================================
2026-07-20 16:27:48,997 - INFO -   ✅ +0 | ⏭️ 0 hors dates | 🔄 567 doublons | Total: 33
2026-07-20 16:28:21,107 - INFO - 
==================================================
2026-07-20 16:28:21,111 - INFO - 📄 PAGE 145/13339
2026-07-20 16:28:21,112 - INFO - ==================================================
2026-07-20 16:28:21,135 - INFO -   ✅ +0 | ⏭️ 0 hors dates | 🔄 567 doublons | Total: 33
2026-07-20 16:28:53,174 - INFO - 
==================================================
2026-07-20 16:28:53,177 - INFO - 📄 PAGE 146/13339
2026-07-20 16:28:53,178 - INFO - ==================================================
2026-07-20 16:28:53,211 - INFO -   ✅ +0 | ⏭️ 0 hors dates | 🔄 567 doublons | Total: 33
2026-07-20 16:29:25,267 - INFO - 
==================================================
2026-07-20 16:29:25,271 - INFO - 📄 PAGE 147/13339
2026-07-20 16:29:25,272 - INFO - ==================================================
2026-07-20 16:29:25,295 - INFO -   ✅ +0 | ⏭️ 0 hors dates | 🔄 567 doublons | Total: 33
2026-07-20 16:29:57,341 - INFO - 
==================================================
2026-07-20 16:29:57,344 - INFO - 📄 PAGE 148/13339
2026-07-20 16:29:57,345 - INFO - ==================================================
2026-07-20 16:29:57,379 - INFO -   ✅ +0 | ⏭️ 0 hors dates | 🔄 567 doublons | Total: 33
2026-07-20 16:30:29,455 - INFO - 
==================================================
2026-07-20 16:30:29,458 - INFO - 📄 PAGE 149/13339
2026-07-20 16:30:29,461 - INFO - ==================================================
2026-07-20 16:30:29,507 - INFO -   ✅ +0 | ⏭️ 0 hors dates | 🔄 567 doublons | Total: 33
2026-07-20 16:31:01,574 - INFO - 
==================================================
2026-07-20 16:31:01,576 - INFO - 📄 PAGE 150/13339
2026-07-20 16:31:01,578 - INFO - ==================================================
2026-07-20 16:31:01,893 - INFO - 📊 Cache rafraîchi: 723 références en base
2026-07-20 16:31:01,911 - INFO -   ✅ +0 | ⏭️ 0 hors dates | 🔄 567 doublons | Total: 33
2026-07-20 16:31:33,946 - INFO - 
==================================================
2026-07-20 16:31:33,949 - INFO - 📄 PAGE 151/13339
2026-07-20 16:31:33,950 - INFO - ==================================================
2026-07-20 16:31:33,983 - INFO -   ✅ +0 | ⏭️ 0 hors dates | 🔄 567 doublons | Total: 33
2026-07-20 16:32:06,056 - INFO - 
==================================================
2026-07-20 16:32:06,057 - INFO - 📄 PAGE 152/13339
2026-07-20 16:32:06,057 - INFO - ==================================================
2026-07-20 16:32:06,067 - INFO -   ✅ +0 | ⏭️ 0 hors dates | 🔄 567 doublons | Total: 33
2026-07-20 16:32:38,110 - INFO - 
==================================================
2026-07-20 16:32:38,112 - INFO - 📄 PAGE 153/13339
2026-07-20 16:32:38,113 - INFO - ==================================================
2026-07-20 16:32:38,138 - INFO -   ✅ +0 | ⏭️ 0 hors dates | 🔄 567 doublons | Total: 33
2026-07-20 16:33:10,187 - INFO - 
==================================================
2026-07-20 16:33:10,188 - INFO - 📄 PAGE 154/13339
2026-07-20 16:33:10,189 - INFO - ==================================================
2026-07-20 16:33:10,223 - INFO -   ✅ +0 | ⏭️ 0 hors dates | 🔄 567 doublons | Total: 33
2026-07-20 16:33:42,277 - INFO - 
==================================================
2026-07-20 16:33:42,280 - INFO - 📄 PAGE 155/13339
2026-07-20 16:33:42,281 - INFO - ==================================================
2026-07-20 16:33:42,310 - INFO -   ✅ +0 | ⏭️ 0 hors dates | 🔄 567 doublons | Total: 33
2026-07-20 16:34:14,350 - INFO - 
==================================================
2026-07-20 16:34:14,351 - INFO - 📄 PAGE 156/13339
2026-07-20 16:34:14,352 - INFO - ==================================================
2026-07-20 16:34:14,369 - INFO -   ✅ +0 | ⏭️ 0 hors dates | 🔄 567 doublons | Total: 33
2026-07-20 16:34:46,411 - INFO - 
==================================================
2026-07-20 16:34:46,413 - INFO - 📄 PAGE 157/13339
2026-07-20 16:34:46,414 - INFO - ==================================================
2026-07-20 16:34:46,444 - INFO -   ✅ +0 | ⏭️ 0 hors dates | 🔄 567 doublons | Total: 33
2026-07-20 16:35:18,494 - INFO - 
==================================================
2026-07-20 16:35:18,496 - INFO - 📄 PAGE 158/13339
2026-07-20 16:35:18,497 - INFO - ==================================================
2026-07-20 16:35:18,556 - INFO -   ✅ +0 | ⏭️ 0 hors dates | 🔄 567 doublons | Total: 33
2026-07-20 16:35:50,644 - INFO - 
==================================================
2026-07-20 16:35:50,646 - INFO - 📄 PAGE 159/13339
2026-07-20 16:35:50,646 - INFO - ==================================================
2026-07-20 16:35:50,665 - INFO -   ✅ +0 | ⏭️ 0 hors dates | 🔄 567 doublons | Total: 33
2026-07-20 16:36:22,712 - INFO - 
==================================================
2026-07-20 16:36:22,715 - INFO - 📄 PAGE 160/13339
2026-07-20 16:36:22,722 - INFO - ==================================================
2026-07-20 16:36:22,988 - INFO - 📊 Cache rafraîchi: 723 références en base
2026-07-20 16:36:23,007 - INFO -   ✅ +0 | ⏭️ 0 hors dates | 🔄 567 doublons | Total: 33
2026-07-20 16:36:55,198 - INFO - 
==================================================
2026-07-20 16:36:55,203 - INFO - 📄 PAGE 161/13339
2026-07-20 16:36:55,205 - INFO - ==================================================
2026-07-20 16:36:55,226 - INFO -   ✅ +0 | ⏭️ 0 hors dates | 🔄 567 doublons | Total: 33
2026-07-20 16:37:27,276 - INFO - 
==================================================
2026-07-20 16:37:27,282 - INFO - 📄 PAGE 162/13339
2026-07-20 16:37:27,283 - INFO - ==================================================
2026-07-20 16:37:27,317 - INFO -   ✅ +0 | ⏭️ 0 hors dates | 🔄 567 doublons | Total: 33
2026-07-20 16:37:59,366 - INFO - 
==================================================
2026-07-20 16:37:59,368 - INFO - 📄 PAGE 163/13339
2026-07-20 16:37:59,369 - INFO - ==================================================
2026-07-20 16:37:59,403 - INFO -   ✅ +0 | ⏭️ 0 hors dates | 🔄 567 doublons | Total: 33
2026-07-20 16:38:31,449 - INFO - 
==================================================
2026-07-20 16:38:31,455 - INFO - 📄 PAGE 164/13339
2026-07-20 16:38:31,456 - INFO - ==================================================
2026-07-20 16:38:31,499 - INFO -   ✅ +0 | ⏭️ 0 hors dates | 🔄 567 doublons | Total: 33
2026-07-20 16:39:03,538 - INFO - 
==================================================
2026-07-20 16:39:03,542 - INFO - 📄 PAGE 165/13339
2026-07-20 16:39:03,543 - INFO - ==================================================
2026-07-20 16:39:03,575 - INFO -   ✅ +0 | ⏭️ 0 hors dates | 🔄 567 doublons | Total: 33
2026-07-20 16:39:35,671 - INFO - 
==================================================
2026-07-20 16:39:35,684 - INFO - 📄 PAGE 166/13339
2026-07-20 16:39:35,687 - INFO - ==================================================
2026-07-20 16:39:35,753 - INFO -   ✅ +0 | ⏭️ 0 hors dates | 🔄 567 doublons | Total: 33
2026-07-20 16:40:07,810 - INFO - 
==================================================
2026-07-20 16:40:07,811 - INFO - 📄 PAGE 167/13339
2026-07-20 16:40:07,812 - INFO - ==================================================
2026-07-20 16:40:07,833 - INFO -   ✅ +0 | ⏭️ 0 hors dates | 🔄 567 doublons | Total: 33
2026-07-20 16:40:40,383 - INFO - 
==================================================
2026-07-20 16:40:40,385 - INFO - 📄 PAGE 168/13339
2026-07-20 16:40:40,388 - INFO - ==================================================
2026-07-20 16:40:40,415 - INFO -   ✅ +0 | ⏭️ 0 hors dates | 🔄 567 doublons | Total: 33
2026-07-20 16:41:12,472 - INFO - 
==================================================
2026-07-20 16:41:12,472 - INFO - 📄 PAGE 169/13339
2026-07-20 16:41:12,473 - INFO - ==================================================
2026-07-20 16:41:12,481 - INFO -   ✅ +0 | ⏭️ 0 hors dates | 🔄 567 doublons | Total: 33
2026-07-20 16:41:44,527 - INFO - 
==================================================
2026-07-20 16:41:44,529 - INFO - 📄 PAGE 170/13339
2026-07-20 16:41:44,531 - INFO - ==================================================
2026-07-20 16:41:44,781 - INFO - 📊 Cache rafraîchi: 723 références en base
2026-07-20 16:41:44,842 - INFO -   ✅ +0 | ⏭️ 0 hors dates | 🔄 567 doublons | Total: 33
2026-07-20 16:42:16,876 - INFO - 
==================================================
2026-07-20 16:42:16,878 - INFO - 📄 PAGE 171/13339
2026-07-20 16:42:16,879 - INFO - ==================================================
2026-07-20 16:42:16,909 - INFO -   ✅ +0 | ⏭️ 0 hors dates | 🔄 567 doublons | Total: 33
2026-07-20 16:42:48,954 - INFO - 
==================================================
2026-07-20 16:42:48,955 - INFO - 📄 PAGE 172/13339
2026-07-20 16:42:48,956 - INFO - ==================================================
2026-07-20 16:42:48,979 - INFO -   ✅ +0 | ⏭️ 0 hors dates | 🔄 567 doublons | Total: 33
2026-07-20 16:43:21,048 - INFO - 
==================================================
2026-07-20 16:43:21,053 - INFO - 📄 PAGE 173/13339
2026-07-20 16:43:21,054 - INFO - ==================================================
2026-07-20 16:43:21,075 - INFO -   ✅ +0 | ⏭️ 0 hors dates | 🔄 567 doublons | Total: 33
2026-07-20 16:43:53,120 - INFO - 
==================================================
2026-07-20 16:43:53,120 - INFO - 📄 PAGE 174/13339
2026-07-20 16:43:53,121 - INFO - ==================================================
2026-07-20 16:43:53,136 - INFO -   ✅ +0 | ⏭️ 0 hors dates | 🔄 567 doublons | Total: 33
2026-07-20 16:44:25,186 - INFO - 
==================================================
2026-07-20 16:44:25,188 - INFO - 📄 PAGE 175/13339
2026-07-20 16:44:25,188 - INFO - ==================================================
2026-07-20 16:44:25,212 - INFO -   ✅ +0 | ⏭️ 0 hors dates | 🔄 567 doublons | Total: 33
2026-07-20 16:44:57,265 - INFO - 
==================================================
2026-07-20 16:44:57,268 - INFO - 📄 PAGE 176/13339
2026-07-20 16:44:57,268 - INFO - ==================================================
2026-07-20 16:44:57,288 - INFO -   ✅ +0 | ⏭️ 0 hors dates | 🔄 567 doublons | Total: 33
2026-07-20 16:45:29,348 - INFO - 
==================================================
2026-07-20 16:45:29,349 - INFO - 📄 PAGE 177/13339
2026-07-20 16:45:29,350 - INFO - ==================================================
2026-07-20 16:45:29,370 - INFO -   ✅ +0 | ⏭️ 0 hors dates | 🔄 567 doublons | Total: 33
2026-07-20 16:46:01,397 - INFO - 
==================================================
2026-07-20 16:46:01,398 - INFO - 📄 PAGE 178/13339
2026-07-20 16:46:01,398 - INFO - ==================================================
2026-07-20 16:46:01,406 - INFO -   ✅ +0 | ⏭️ 0 hors dates | 🔄 567 doublons | Total: 33
2026-07-20 16:46:33,464 - INFO - 
==================================================
2026-07-20 16:46:33,468 - INFO - 📄 PAGE 179/13339
2026-07-20 16:46:33,471 - INFO - ==================================================
2026-07-20 16:46:33,522 - INFO -   ✅ +0 | ⏭️ 0 hors dates | 🔄 567 doublons | Total: 33
2026-07-20 16:47:05,561 - INFO - 
==================================================
2026-07-20 16:47:05,563 - INFO - 📄 PAGE 180/13339
2026-07-20 16:47:05,564 - INFO - ==================================================
2026-07-20 16:47:05,829 - INFO - 📊 Cache rafraîchi: 723 références en base
2026-07-20 16:47:05,850 - INFO -   ✅ +0 | ⏭️ 0 hors dates | 🔄 567 doublons | Total: 33
2026-07-20 16:47:37,884 - INFO - 
==================================================
2026-07-20 16:47:37,886 - INFO - 📄 PAGE 181/13339
2026-07-20 16:47:37,888 - INFO - ==================================================
2026-07-20 16:47:37,897 - INFO -   ✅ +0 | ⏭️ 0 hors dates | 🔄 567 doublons | Total: 33
2026-07-20 16:48:09,941 - INFO - 
==================================================
2026-07-20 16:48:09,942 - INFO - 📄 PAGE 182/13339
2026-07-20 16:48:09,943 - INFO - ==================================================
2026-07-20 16:48:09,965 - INFO -   ✅ +0 | ⏭️ 0 hors dates | 🔄 567 doublons | Total: 33
2026-07-20 16:48:42,042 - INFO - 
==================================================
2026-07-20 16:48:42,044 - INFO - 📄 PAGE 183/13339
2026-07-20 16:48:42,044 - INFO - ==================================================
2026-07-20 16:48:42,060 - INFO -   ✅ +0 | ⏭️ 0 hors dates | 🔄 567 doublons | Total: 33
2026-07-20 16:49:14,092 - INFO - 
==================================================
2026-07-20 16:49:14,092 - INFO - 📄 PAGE 184/13339
2026-07-20 16:49:14,094 - INFO - ==================================================
2026-07-20 16:49:14,112 - INFO -   ✅ +0 | ⏭️ 0 hors dates | 🔄 567 doublons | Total: 33
2026-07-20 16:49:46,139 - INFO - 
==================================================
2026-07-20 16:49:46,142 - INFO - 📄 PAGE 185/13339
2026-07-20 16:49:46,146 - INFO - ==================================================
2026-07-20 16:49:46,192 - INFO -   ✅ +0 | ⏭️ 0 hors dates | 🔄 567 doublons | Total: 33
2026-07-20 16:50:18,262 - INFO - 
==================================================
2026-07-20 16:50:18,264 - INFO - 📄 PAGE 186/13339
2026-07-20 16:50:18,266 - INFO - ==================================================
2026-07-20 16:50:18,308 - INFO -   ✅ +0 | ⏭️ 0 hors dates | 🔄 567 doublons | Total: 33
2026-07-20 16:50:50,387 - INFO - 
==================================================
2026-07-20 16:50:50,390 - INFO - 📄 PAGE 187/13339
2026-07-20 16:50:50,392 - INFO - ==================================================
2026-07-20 16:50:50,434 - INFO -   ✅ +0 | ⏭️ 0 hors dates | 🔄 567 doublons | Total: 33
2026-07-20 16:51:22,497 - INFO - 
==================================================
2026-07-20 16:51:22,500 - INFO - 📄 PAGE 188/13339
2026-07-20 16:51:22,501 - INFO - ==================================================
2026-07-20 16:51:22,550 - INFO -   ✅ +0 | ⏭️ 0 hors dates | 🔄 567 doublons | Total: 33
2026-07-20 16:51:54,655 - INFO - 
==================================================
2026-07-20 16:51:54,661 - INFO - 📄 PAGE 189/13339
2026-07-20 16:51:54,664 - INFO - ==================================================
2026-07-20 16:51:54,724 - INFO -   ✅ +0 | ⏭️ 0 hors dates | 🔄 567 doublons | Total: 33
2026-07-20 16:52:26,769 - INFO - 
==================================================
2026-07-20 16:52:26,776 - INFO - 📄 PAGE 190/13339
2026-07-20 16:52:26,778 - INFO - ==================================================
2026-07-20 16:52:27,187 - INFO - 📊 Cache rafraîchi: 723 références en base
2026-07-20 16:52:27,236 - INFO -   ✅ +0 | ⏭️ 0 hors dates | 🔄 567 doublons | Total: 33
2026-07-20 16:52:59,325 - INFO - 
==================================================
2026-07-20 16:52:59,328 - INFO - 📄 PAGE 191/13339
2026-07-20 16:52:59,330 - INFO - ==================================================
2026-07-20 16:52:59,382 - INFO -   ✅ +0 | ⏭️ 0 hors dates | 🔄 567 doublons | Total: 33
2026-07-20 16:53:31,447 - INFO - 
==================================================
2026-07-20 16:53:31,450 - INFO - 📄 PAGE 192/13339
2026-07-20 16:53:31,452 - INFO - ==================================================
2026-07-20 16:53:31,491 - INFO -   ✅ +0 | ⏭️ 0 hors dates | 🔄 567 doublons | Total: 33
2026-07-20 16:54:03,556 - INFO - 
==================================================
2026-07-20 16:54:03,559 - INFO - 📄 PAGE 193/13339
2026-07-20 16:54:03,561 - INFO - ==================================================
2026-07-20 16:54:03,610 - INFO -   ✅ +0 | ⏭️ 0 hors dates | 🔄 567 doublons | Total: 33
2026-07-20 16:54:35,704 - INFO - 
==================================================
2026-07-20 16:54:35,708 - INFO - 📄 PAGE 194/13339
2026-07-20 16:54:35,710 - INFO - ==================================================
2026-07-20 16:54:35,761 - INFO -   ✅ +0 | ⏭️ 0 hors dates | 🔄 567 doublons | Total: 33
2026-07-20 16:55:07,843 - INFO - 
==================================================
2026-07-20 16:55:07,859 - INFO - 📄 PAGE 195/13339
2026-07-20 16:55:07,861 - INFO - ==================================================
2026-07-20 16:55:07,898 - INFO -   ✅ +0 | ⏭️ 0 hors dates | 🔄 567 doublons | Total: 33
2026-07-20 16:55:39,953 - INFO - 
==================================================
2026-07-20 16:55:39,956 - INFO - 📄 PAGE 196/13339
2026-07-20 16:55:39,957 - INFO - ==================================================
2026-07-20 16:55:40,004 - INFO -   ✅ +0 | ⏭️ 0 hors dates | 🔄 567 doublons | Total: 33
2026-07-20 16:56:12,046 - INFO - 
==================================================
2026-07-20 16:56:12,050 - INFO - 📄 PAGE 197/13339
2026-07-20 16:56:12,052 - INFO - ==================================================
2026-07-20 16:56:12,069 - INFO -   ✅ +0 | ⏭️ 0 hors dates | 🔄 567 doublons | Total: 33
2026-07-20 16:56:44,100 - INFO - 
==================================================
2026-07-20 16:56:44,103 - INFO - 📄 PAGE 198/13339
2026-07-20 16:56:44,106 - INFO - ==================================================
2026-07-20 16:56:44,160 - INFO -   ✅ +0 | ⏭️ 0 hors dates | 🔄 567 doublons | Total: 33
2026-07-20 16:57:16,236 - INFO - 
==================================================
2026-07-20 16:57:16,240 - INFO - 📄 PAGE 199/13339
2026-07-20 16:57:16,245 - INFO - ==================================================
2026-07-20 16:57:16,304 - INFO -   ✅ +0 | ⏭️ 0 hors dates | 🔄 567 doublons | Total: 33
2026-07-20 16:57:48,372 - INFO - 
==================================================
2026-07-20 16:57:48,377 - INFO - 📄 PAGE 200/13339
2026-07-20 16:57:48,380 - INFO - ==================================================
2026-07-20 16:57:48,735 - INFO - 📊 Cache rafraîchi: 723 références en base
2026-07-20 16:57:48,749 - INFO -   ✅ +0 | ⏭️ 0 hors dates | 🔄 567 doublons | Total: 33
2026-07-20 16:58:20,806 - INFO - 
==================================================
2026-07-20 16:58:20,813 - INFO - 📄 PAGE 201/13339
2026-07-20 16:58:20,815 - INFO - ==================================================
2026-07-20 16:58:20,870 - INFO -   ✅ +0 | ⏭️ 0 hors dates | 🔄 567 doublons | Total: 33
2026-07-20 20:22:23,554 - INFO - 
==================================================
2026-07-20 20:22:23,584 - INFO - 📄 PAGE 202/13339
2026-07-20 20:22:23,724 - INFO - ==================================================
2026-07-20 20:22:23,830 - INFO -   ✅ +0 | ⏭️ 0 hors dates | 🔄 567 doublons | Total: 33
2026-07-20 20:22:55,884 - INFO - 
==================================================
2026-07-20 20:22:55,885 - INFO - 📄 PAGE 203/13339
2026-07-20 20:22:55,885 - INFO - ==================================================
2026-07-20 20:22:55,891 - INFO -   ✅ +0 | ⏭️ 0 hors dates | 🔄 567 doublons | Total: 33
2026-07-20 20:23:27,915 - INFO - 
==================================================
2026-07-20 20:23:27,916 - INFO - 📄 PAGE 204/13339
2026-07-20 20:23:27,916 - INFO - ==================================================
2026-07-20 20:23:27,922 - INFO -   ✅ +0 | ⏭️ 0 hors dates | 🔄 567 doublons | Total: 33
2026-07-20 20:23:59,975 - INFO - 
==================================================
2026-07-20 20:23:59,978 - INFO - 📄 PAGE 205/13339
2026-07-20 20:23:59,979 - INFO - ==================================================
2026-07-20 20:24:00,028 - INFO -   ✅ +0 | ⏭️ 0 hors dates | 🔄 567 doublons | Total: 33
2026-07-20 20:24:32,099 - INFO - 
==================================================
2026-07-20 20:24:32,104 - INFO - 📄 PAGE 206/13339
2026-07-20 20:24:32,106 - INFO - ==================================================
2026-07-20 20:24:32,146 - INFO -   ✅ +0 | ⏭️ 0 hors dates | 🔄 567 doublons | Total: 33
2026-07-20 20:25:04,229 - INFO - 
==================================================
2026-07-20 20:25:04,232 - INFO - 📄 PAGE 207/13339
2026-07-20 20:25:04,235 - INFO - ==================================================
2026-07-20 20:25:04,273 - INFO -   ✅ +0 | ⏭️ 0 hors dates | 🔄 567 doublons | Total: 33
2026-07-20 20:25:36,311 - INFO - 
==================================================
2026-07-20 20:25:36,315 - INFO - 📄 PAGE 208/13339
2026-07-20 20:25:36,316 - INFO - ==================================================
2026-07-20 20:25:36,341 - INFO -   ✅ +0 | ⏭️ 0 hors dates | 🔄 567 doublons | Total: 33
2026-07-20 20:26:08,391 - INFO - 
==================================================
2026-07-20 20:26:08,392 - INFO - 📄 PAGE 209/13339
2026-07-20 20:26:08,393 - INFO - ==================================================
2026-07-20 20:26:08,409 - INFO -   ✅ +0 | ⏭️ 0 hors dates | 🔄 567 doublons | Total: 33
2026-07-20 20:26:40,453 - INFO - 
==================================================
2026-07-20 20:26:40,455 - INFO - 📄 PAGE 210/13339
2026-07-20 20:26:40,457 - INFO - ==================================================
2026-07-20 20:26:40,886 - INFO - 📊 Cache rafraîchi: 723 références en base
2026-07-20 20:26:40,928 - INFO -   ✅ +0 | ⏭️ 0 hors dates | 🔄 567 doublons | Total: 33
2026-07-20 20:27:13,000 - INFO - 
==================================================
2026-07-20 20:27:13,003 - INFO - 📄 PAGE 211/13339
2026-07-20 20:27:13,005 - INFO - ==================================================
2026-07-20 20:27:13,050 - INFO -   ✅ +0 | ⏭️ 0 hors dates | 🔄 567 doublons | Total: 33
2026-07-20 20:27:45,137 - INFO - 
==================================================
2026-07-20 20:27:45,140 - INFO - 📄 PAGE 212/13339
2026-07-20 20:27:45,142 - INFO - ==================================================
2026-07-20 20:27:45,181 - INFO -   ✅ +0 | ⏭️ 0 hors dates | 🔄 567 doublons | Total: 33
2026-07-20 20:28:17,260 - INFO - 
==================================================
2026-07-20 20:28:17,264 - INFO - 📄 PAGE 213/13339
2026-07-20 20:28:17,266 - INFO - ==================================================
2026-07-20 20:28:17,308 - INFO -   ✅ +0 | ⏭️ 0 hors dates | 🔄 567 doublons | Total: 33
2026-07-20 20:28:49,376 - INFO - 
==================================================
2026-07-20 20:28:49,377 - INFO - 📄 PAGE 214/13339
2026-07-20 20:28:49,378 - INFO - ==================================================
2026-07-20 20:28:49,388 - INFO -   ✅ +0 | ⏭️ 0 hors dates | 🔄 567 doublons | Total: 33
2026-07-20 20:29:21,420 - INFO - 
==================================================
2026-07-20 20:29:21,423 - INFO - 📄 PAGE 215/13339
2026-07-20 20:29:21,425 - INFO - ==================================================
2026-07-20 20:29:21,470 - INFO -   ✅ +0 | ⏭️ 0 hors dates | 🔄 567 doublons | Total: 33
2026-07-20 20:29:53,534 - INFO - 
==================================================
2026-07-20 20:29:53,537 - INFO - 📄 PAGE 216/13339
2026-07-20 20:29:53,538 - INFO - ==================================================
2026-07-20 20:29:53,581 - INFO -   ✅ +0 | ⏭️ 0 hors dates | 🔄 567 doublons | Total: 33
2026-07-20 20:30:25,652 - INFO - 
==================================================
2026-07-20 20:30:25,652 - INFO - 📄 PAGE 217/13339
2026-07-20 20:30:25,652 - INFO - ==================================================
2026-07-20 20:30:25,658 - INFO -   ✅ +0 | ⏭️ 0 hors dates | 🔄 567 doublons | Total: 33
2026-07-20 20:30:57,676 - INFO - 
==================================================
2026-07-20 20:30:57,677 - INFO - 📄 PAGE 218/13339
2026-07-20 20:30:57,677 - INFO - ==================================================
2026-07-20 20:30:57,683 - INFO -   ✅ +0 | ⏭️ 0 hors dates | 🔄 567 doublons | Total: 33
2026-07-20 20:31:29,737 - INFO - 
==================================================
2026-07-20 20:31:29,740 - INFO - 📄 PAGE 219/13339
2026-07-20 20:31:29,742 - INFO - ==================================================
2026-07-20 20:31:29,779 - INFO -   ✅ +0 | ⏭️ 0 hors dates | 🔄 567 doublons | Total: 33
2026-07-20 20:32:01,842 - INFO - 
==================================================
2026-07-20 20:32:01,845 - INFO - 📄 PAGE 220/13339
2026-07-20 20:32:01,847 - INFO - ==================================================
2026-07-20 20:32:02,246 - INFO - 📊 Cache rafraîchi: 723 références en base
2026-07-20 20:32:02,282 - INFO -   ✅ +0 | ⏭️ 0 hors dates | 🔄 567 doublons | Total: 33
2026-07-20 20:32:34,342 - INFO - 
==================================================
2026-07-20 20:32:34,344 - INFO - 📄 PAGE 221/13339
2026-07-20 20:32:34,347 - INFO - ==================================================
2026-07-20 20:32:34,383 - INFO -   ✅ +0 | ⏭️ 0 hors dates | 🔄 567 doublons | Total: 33
2026-07-20 20:33:06,472 - INFO - 
==================================================
2026-07-20 20:33:06,475 - INFO - 📄 PAGE 222/13339
2026-07-20 20:33:06,477 - INFO - ==================================================
2026-07-20 20:33:06,517 - INFO -   ✅ +0 | ⏭️ 0 hors dates | 🔄 567 doublons | Total: 33
2026-07-20 20:33:38,584 - INFO - 
==================================================
2026-07-20 20:33:38,587 - INFO - 📄 PAGE 223/13339
2026-07-20 20:33:38,589 - INFO - ==================================================
2026-07-20 20:33:38,631 - INFO -   ✅ +0 | ⏭️ 0 hors dates | 🔄 567 doublons | Total: 33
2026-07-20 20:34:10,707 - INFO - 
==================================================
2026-07-20 20:34:10,712 - INFO - 📄 PAGE 224/13339
2026-07-20 20:34:10,716 - INFO - ==================================================
2026-07-20 20:34:10,738 - INFO -   ✅ +0 | ⏭️ 0 hors dates | 🔄 567 doublons | Total: 33
2026-07-20 20:34:42,785 - INFO - 
==================================================
2026-07-20 20:34:42,790 - INFO - 📄 PAGE 225/13339
2026-07-20 20:34:42,792 - INFO - ==================================================
2026-07-20 20:34:42,835 - INFO -   ✅ +0 | ⏭️ 0 hors dates | 🔄 567 doublons | Total: 33
2026-07-20 20:35:14,901 - INFO - 
==================================================
2026-07-20 20:35:14,904 - INFO - 📄 PAGE 226/13339
2026-07-20 20:35:14,906 - INFO - ==================================================
2026-07-20 20:35:14,948 - INFO -   ✅ +0 | ⏭️ 0 hors dates | 🔄 567 doublons | Total: 33
2026-07-20 20:35:47,031 - INFO - 
==================================================
2026-07-20 20:35:47,034 - INFO - 📄 PAGE 227/13339
2026-07-20 20:35:47,036 - INFO - ==================================================
2026-07-20 20:35:47,081 - INFO -   ✅ +0 | ⏭️ 0 hors dates | 🔄 567 doublons | Total: 33
2026-07-20 20:36:19,185 - INFO - 
==================================================
2026-07-20 20:36:19,188 - INFO - 📄 PAGE 228/13339
2026-07-20 20:36:19,190 - INFO - ==================================================
2026-07-20 20:36:19,230 - INFO -   ✅ +0 | ⏭️ 0 hors dates | 🔄 567 doublons | Total: 33
2026-07-20 20:36:51,310 - INFO - 
==================================================
2026-07-20 20:36:51,313 - INFO - 📄 PAGE 229/13339
2026-07-20 20:36:51,315 - INFO - ==================================================
2026-07-20 20:36:51,354 - INFO -   ✅ +0 | ⏭️ 0 hors dates | 🔄 567 doublons | Total: 33
2026-07-20 20:37:23,431 - INFO - 
==================================================
2026-07-20 20:37:23,433 - INFO - 📄 PAGE 230/13339
2026-07-20 20:37:23,434 - INFO - ==================================================
2026-07-20 20:37:23,830 - INFO - 📊 Cache rafraîchi: 723 références en base
2026-07-20 20:37:23,843 - INFO -   ✅ +0 | ⏭️ 0 hors dates | 🔄 567 doublons | Total: 33
2026-07-20 20:37:55,900 - INFO - 
==================================================
2026-07-20 20:37:55,903 - INFO - 📄 PAGE 231/13339
2026-07-20 20:37:55,905 - INFO - ==================================================
2026-07-20 20:37:55,945 - INFO -   ✅ +0 | ⏭️ 0 hors dates | 🔄 567 doublons | Total: 33
2026-07-20 20:38:28,000 - INFO - 
==================================================
2026-07-20 20:38:28,005 - INFO - 📄 PAGE 232/13339
2026-07-20 20:38:28,008 - INFO - ==================================================
2026-07-20 20:38:28,046 - INFO -   ✅ +0 | ⏭️ 0 hors dates | 🔄 567 doublons | Total: 33
2026-07-20 20:39:00,126 - INFO - 
==================================================
2026-07-20 20:39:00,127 - INFO - 📄 PAGE 233/13339
2026-07-20 20:39:00,127 - INFO - ==================================================
2026-07-20 20:39:00,135 - INFO -   ✅ +0 | ⏭️ 0 hors dates | 🔄 567 doublons | Total: 33
2026-07-20 20:39:32,184 - INFO - 
==================================================
2026-07-20 20:39:32,185 - INFO - 📄 PAGE 234/13339
2026-07-20 20:39:32,185 - INFO - ==================================================
2026-07-20 20:39:32,192 - INFO -   ✅ +0 | ⏭️ 0 hors dates | 🔄 567 doublons | Total: 33
2026-07-20 20:40:04,248 - INFO - 
==================================================
2026-07-20 20:40:04,254 - INFO - 📄 PAGE 235/13339
2026-07-20 20:40:04,257 - INFO - ==================================================
2026-07-20 20:40:04,307 - INFO -   ✅ +0 | ⏭️ 0 hors dates | 🔄 567 doublons | Total: 33
2026-07-20 20:40:36,373 - INFO - 
==================================================
2026-07-20 20:40:36,377 - INFO - 📄 PAGE 236/13339
2026-07-20 20:40:36,379 - INFO - ==================================================
2026-07-20 20:40:36,433 - INFO -   ✅ +0 | ⏭️ 0 hors dates | 🔄 567 doublons | Total: 33
2026-07-20 20:41:08,488 - INFO - 
==================================================
2026-07-20 20:41:08,492 - INFO - 📄 PAGE 237/13339
2026-07-20 20:41:08,494 - INFO - ==================================================
2026-07-20 20:41:08,529 - INFO -   ✅ +0 | ⏭️ 0 hors dates | 🔄 567 doublons | Total: 33
2026-07-20 20:41:40,573 - INFO - 
==================================================
2026-07-20 20:41:40,575 - INFO - 📄 PAGE 238/13339
2026-07-20 20:41:40,575 - INFO - ==================================================
2026-07-20 20:41:40,585 - INFO -   ✅ +0 | ⏭️ 0 hors dates | 🔄 567 doublons | Total: 33
2026-07-20 20:42:12,637 - INFO - 
==================================================
2026-07-20 20:42:12,640 - INFO - 📄 PAGE 239/13339
2026-07-20 20:42:12,642 - INFO - ==================================================
2026-07-20 20:42:12,687 - INFO -   ✅ +0 | ⏭️ 0 hors dates | 🔄 567 doublons | Total: 33
2026-07-20 20:42:44,748 - INFO - 
==================================================
2026-07-20 20:42:44,749 - INFO - 📄 PAGE 240/13339
2026-07-20 20:42:44,750 - INFO - ==================================================
2026-07-20 20:42:45,025 - INFO - 📊 Cache rafraîchi: 723 références en base
2026-07-20 20:42:45,034 - INFO -   ✅ +0 | ⏭️ 0 hors dates | 🔄 567 doublons | Total: 33
2026-07-20 20:43:17,062 - INFO - 
==================================================
2026-07-20 20:43:17,063 - INFO - 📄 PAGE 241/13339
2026-07-20 20:43:17,063 - INFO - ==================================================
2026-07-20 20:43:17,072 - INFO -   ✅ +0 | ⏭️ 0 hors dates | 🔄 567 doublons | Total: 33
2026-07-20 20:43:49,131 - INFO - 
==================================================
2026-07-20 20:43:49,137 - INFO - 📄 PAGE 242/13339
2026-07-20 20:43:49,140 - INFO - ==================================================
2026-07-20 20:43:49,188 - INFO -   ✅ +0 | ⏭️ 0 hors dates | 🔄 567 doublons | Total: 33
2026-07-20 20:44:21,251 - INFO - 
==================================================
2026-07-20 20:44:21,254 - INFO - 📄 PAGE 243/13339
2026-07-20 20:44:21,256 - INFO - ==================================================
2026-07-20 20:44:21,299 - INFO -   ✅ +0 | ⏭️ 0 hors dates | 🔄 567 doublons | Total: 33
2026-07-20 20:44:53,366 - INFO - 
==================================================
2026-07-20 20:44:53,369 - INFO - 📄 PAGE 244/13339
2026-07-20 20:44:53,372 - INFO - ==================================================
2026-07-20 20:44:53,419 - INFO -   ✅ +0 | ⏭️ 0 hors dates | 🔄 567 doublons | Total: 33
2026-07-20 20:45:25,510 - INFO - 
==================================================
2026-07-20 20:45:25,513 - INFO - 📄 PAGE 245/13339
2026-07-20 20:45:25,515 - INFO - ==================================================
2026-07-20 20:45:25,555 - INFO -   ✅ +0 | ⏭️ 0 hors dates | 🔄 567 doublons | Total: 33
2026-07-20 20:45:57,630 - INFO - 
==================================================
2026-07-20 20:45:57,633 - INFO - 📄 PAGE 246/13339
2026-07-20 20:45:57,635 - INFO - ==================================================
2026-07-20 20:45:57,678 - INFO -   ✅ +0 | ⏭️ 0 hors dates | 🔄 567 doublons | Total: 33
2026-07-20 20:46:29,767 - INFO - 
==================================================
2026-07-20 20:46:29,770 - INFO - 📄 PAGE 247/13339
2026-07-20 20:46:29,772 - INFO - ==================================================
2026-07-20 20:46:29,814 - INFO -   ✅ +0 | ⏭️ 0 hors dates | 🔄 567 doublons | Total: 33
2026-07-20 20:47:01,893 - INFO - 
==================================================
2026-07-20 20:47:01,896 - INFO - 📄 PAGE 248/13339
2026-07-20 20:47:01,898 - INFO - ==================================================
2026-07-20 20:47:01,941 - INFO -   ✅ +0 | ⏭️ 0 hors dates | 🔄 567 doublons | Total: 33
2026-07-20 20:47:34,029 - INFO - 
==================================================
2026-07-20 20:47:34,032 - INFO - 📄 PAGE 249/13339
2026-07-20 20:47:34,035 - INFO - ==================================================
2026-07-20 20:47:34,069 - INFO -   ✅ +0 | ⏭️ 0 hors dates | 🔄 567 doublons | Total: 33
2026-07-20 20:48:06,150 - INFO - 
==================================================
2026-07-20 20:48:06,153 - INFO - 📄 PAGE 250/13339
2026-07-20 20:48:06,155 - INFO - ==================================================
2026-07-20 20:48:06,518 - INFO - 📊 Cache rafraîchi: 723 références en base
2026-07-20 20:48:06,555 - INFO -   ✅ +0 | ⏭️ 0 hors dates | 🔄 567 doublons | Total: 33
2026-07-20 20:48:38,616 - INFO - 
==================================================
2026-07-20 20:48:38,619 - INFO - 📄 PAGE 251/13339
2026-07-20 20:48:38,621 - INFO - ==================================================
2026-07-20 20:48:38,660 - INFO -   ✅ +0 | ⏭️ 0 hors dates | 🔄 567 doublons | Total: 33
2026-07-20 20:49:10,732 - INFO - 
==================================================
2026-07-20 20:49:10,735 - INFO - 📄 PAGE 252/13339
2026-07-20 20:49:10,737 - INFO - ==================================================
2026-07-20 20:49:10,772 - INFO -   ✅ +0 | ⏭️ 0 hors dates | 🔄 567 doublons | Total: 33
2026-07-20 20:49:42,843 - INFO - 
==================================================
2026-07-20 20:49:42,846 - INFO - 📄 PAGE 253/13339
2026-07-20 20:49:42,848 - INFO - ==================================================
2026-07-20 20:49:42,888 - INFO -   ✅ +0 | ⏭️ 0 hors dates | 🔄 567 doublons | Total: 33
2026-07-20 20:50:14,959 - INFO - 
==================================================
2026-07-20 20:50:14,962 - INFO - 📄 PAGE 254/13339
2026-07-20 20:50:14,964 - INFO - ==================================================
2026-07-20 20:50:15,008 - INFO -   ✅ +0 | ⏭️ 0 hors dates | 🔄 567 doublons | Total: 33
2026-07-20 20:50:47,112 - INFO - 
==================================================
2026-07-20 20:50:47,113 - INFO - 📄 PAGE 255/13339
2026-07-20 20:50:47,113 - INFO - ==================================================
2026-07-20 20:50:47,121 - INFO -   ✅ +0 | ⏭️ 0 hors dates | 🔄 567 doublons | Total: 33
2026-07-20 20:51:19,182 - INFO - 
==================================================
2026-07-20 20:51:19,186 - INFO - 📄 PAGE 256/13339
2026-07-20 20:51:19,188 - INFO - ==================================================
2026-07-20 20:51:19,238 - INFO -   ✅ +0 | ⏭️ 0 hors dates | 🔄 567 doublons | Total: 33
2026-07-20 20:51:51,293 - INFO - 
==================================================
2026-07-20 20:51:51,296 - INFO - 📄 PAGE 257/13339
2026-07-20 20:51:51,298 - INFO - ==================================================
2026-07-20 20:51:51,336 - INFO -   ✅ +0 | ⏭️ 0 hors dates | 🔄 567 doublons | Total: 33
2026-07-20 20:52:23,388 - INFO - 
==================================================
2026-07-20 20:52:23,391 - INFO - 📄 PAGE 258/13339
2026-07-20 20:52:23,393 - INFO - ==================================================
2026-07-20 20:52:23,477 - INFO -   ✅ +0 | ⏭️ 0 hors dates | 🔄 567 doublons | Total: 33
2026-07-20 20:52:55,572 - INFO - 
==================================================
2026-07-20 20:52:55,575 - INFO - 📄 PAGE 259/13339
2026-07-20 20:52:55,578 - INFO - ==================================================
2026-07-20 20:52:55,629 - INFO -   ✅ +0 | ⏭️ 0 hors dates | 🔄 567 doublons | Total: 33
2026-07-20 20:53:27,703 - INFO - 
==================================================
2026-07-20 20:53:27,706 - INFO - 📄 PAGE 260/13339
2026-07-20 20:53:27,708 - INFO - ==================================================
2026-07-20 20:53:28,043 - INFO - 📊 Cache rafraîchi: 723 références en base
2026-07-20 20:53:28,064 - INFO -   ✅ +0 | ⏭️ 0 hors dates | 🔄 567 doublons | Total: 33
2026-07-20 20:54:00,121 - INFO - 
==================================================
2026-07-20 20:54:00,122 - INFO - 📄 PAGE 261/13339
2026-07-20 20:54:00,123 - INFO - ==================================================
2026-07-20 20:54:00,132 - INFO -   ✅ +0 | ⏭️ 0 hors dates | 🔄 567 doublons | Total: 33
2026-07-20 20:54:32,196 - INFO - 
==================================================
2026-07-20 20:54:32,198 - INFO - 📄 PAGE 262/13339
2026-07-20 20:54:32,201 - INFO - ==================================================
2026-07-20 20:54:32,248 - INFO -   ✅ +0 | ⏭️ 0 hors dates | 🔄 567 doublons | Total: 33
2026-07-20 20:55:04,342 - INFO - 
==================================================
2026-07-20 20:55:04,345 - INFO - 📄 PAGE 263/13339
2026-07-20 20:55:04,347 - INFO - ==================================================
2026-07-20 20:55:04,390 - INFO -   ✅ +0 | ⏭️ 0 hors dates | 🔄 567 doublons | Total: 33
2026-07-20 20:55:36,478 - INFO - 
==================================================
2026-07-20 20:55:36,481 - INFO - 📄 PAGE 264/13339
2026-07-20 20:55:36,483 - INFO - ==================================================
2026-07-20 20:55:36,526 - INFO -   ✅ +0 | ⏭️ 0 hors dates | 🔄 567 doublons | Total: 33
2026-07-20 20:56:08,605 - INFO - 
==================================================
2026-07-20 20:56:08,608 - INFO - 📄 PAGE 265/13339
2026-07-20 20:56:08,610 - INFO - ==================================================
2026-07-20 20:56:08,653 - INFO -   ✅ +0 | ⏭️ 0 hors dates | 🔄 567 doublons | Total: 33
2026-07-20 20:56:40,724 - INFO - 
==================================================
2026-07-20 20:56:40,731 - INFO - 📄 PAGE 266/13339
2026-07-20 20:56:40,738 - INFO - ==================================================
2026-07-20 20:56:40,767 - INFO -   ✅ +0 | ⏭️ 0 hors dates | 🔄 567 doublons | Total: 33
2026-07-20 20:57:12,837 - INFO - 
==================================================
2026-07-20 20:57:12,842 - INFO - 📄 PAGE 267/13339
2026-07-20 20:57:12,845 - INFO - ==================================================
2026-07-20 20:57:12,885 - INFO -   ✅ +0 | ⏭️ 0 hors dates | 🔄 567 doublons | Total: 33
2026-07-20 20:57:44,972 - INFO - 
==================================================
2026-07-20 20:57:44,974 - INFO - 📄 PAGE 268/13339
2026-07-20 20:57:44,975 - INFO - ==================================================
2026-07-20 20:57:45,003 - INFO -   ✅ +0 | ⏭️ 0 hors dates | 🔄 567 doublons | Total: 33
2026-07-20 20:58:17,170 - INFO - 
==================================================
2026-07-20 20:58:17,174 - INFO - 📄 PAGE 269/13339
2026-07-20 20:58:17,177 - INFO - ==================================================
2026-07-20 20:58:17,239 - INFO -   ✅ +0 | ⏭️ 0 hors dates | 🔄 567 doublons | Total: 33
2026-07-20 20:58:49,279 - INFO - 
==================================================
2026-07-20 20:58:49,280 - INFO - 📄 PAGE 270/13339
2026-07-20 20:58:49,280 - INFO - ==================================================
2026-07-20 20:58:49,692 - INFO - 📊 Cache rafraîchi: 723 références en base
2026-07-20 20:58:49,703 - INFO -   ✅ +0 | ⏭️ 0 hors dates | 🔄 567 doublons | Total: 33
2026-07-20 20:59:21,754 - INFO - 
==================================================
2026-07-20 20:59:21,756 - INFO - 📄 PAGE 271/13339
2026-07-20 20:59:21,757 - INFO - ==================================================
2026-07-20 20:59:21,783 - INFO -   ✅ +0 | ⏭️ 0 hors dates | 🔄 567 doublons | Total: 33
2026-07-20 20:59:53,812 - INFO - 
==================================================
2026-07-20 20:59:53,813 - INFO - 📄 PAGE 272/13339
2026-07-20 20:59:53,814 - INFO - ==================================================
2026-07-20 20:59:53,823 - INFO -   ✅ +0 | ⏭️ 0 hors dates | 🔄 567 doublons | Total: 33
2026-07-20 21:00:25,861 - INFO - 
==================================================
2026-07-20 21:00:25,862 - INFO - 📄 PAGE 273/13339
2026-07-20 21:00:25,863 - INFO - ==================================================
2026-07-20 21:00:25,882 - INFO -   ✅ +0 | ⏭️ 0 hors dates | 🔄 567 doublons | Total: 33
2026-07-20 21:00:57,915 - INFO - 
==================================================
2026-07-20 21:00:57,916 - INFO - 📄 PAGE 274/13339
2026-07-20 21:00:57,916 - INFO - ==================================================
2026-07-20 21:00:57,926 - INFO -   ✅ +0 | ⏭️ 0 hors dates | 🔄 567 doublons | Total: 33
2026-07-20 21:01:29,944 - INFO - 
==================================================
2026-07-20 21:01:29,944 - INFO - 📄 PAGE 275/13339
2026-07-20 21:01:29,945 - INFO - ==================================================
2026-07-20 21:01:29,952 - INFO -   ✅ +0 | ⏭️ 0 hors dates | 🔄 567 doublons | Total: 33
2026-07-20 21:02:02,014 - INFO - 
==================================================
2026-07-20 21:02:02,019 - INFO - 📄 PAGE 276/13339
2026-07-20 21:02:02,022 - INFO - ==================================================
2026-07-20 21:02:02,070 - INFO -   ✅ +0 | ⏭️ 0 hors dates | 🔄 567 doublons | Total: 33
2026-07-20 21:02:34,140 - INFO - 
==================================================
2026-07-20 21:02:34,142 - INFO - 📄 PAGE 277/13339
2026-07-20 21:02:34,145 - INFO - ==================================================
2026-07-20 21:02:34,193 - INFO -   ✅ +0 | ⏭️ 0 hors dates | 🔄 567 doublons | Total: 33
2026-07-20 21:03:06,278 - INFO - 
==================================================
2026-07-20 21:03:06,283 - INFO - 📄 PAGE 278/13339
2026-07-20 21:03:06,288 - INFO - ==================================================
2026-07-20 21:03:06,327 - INFO -   ✅ +0 | ⏭️ 0 hors dates | 🔄 567 doublons | Total: 33
2026-07-20 21:03:38,415 - INFO - 
==================================================
2026-07-20 21:03:38,422 - INFO - 📄 PAGE 279/13339
2026-07-20 21:03:38,426 - INFO - ==================================================
2026-07-20 21:03:38,470 - INFO -   ✅ +0 | ⏭️ 0 hors dates | 🔄 567 doublons | Total: 33
2026-07-20 21:04:10,558 - INFO - 
==================================================
2026-07-20 21:04:10,562 - INFO - 📄 PAGE 280/13339
2026-07-20 21:04:10,564 - INFO - ==================================================
2026-07-20 21:04:10,888 - INFO - 📊 Cache rafraîchi: 723 références en base
2026-07-20 21:04:10,982 - INFO -   ✅ +0 | ⏭️ 0 hors dates | 🔄 567 doublons | Total: 33
2026-07-20 21:04:43,055 - INFO - 
==================================================
2026-07-20 21:04:43,064 - INFO - 📄 PAGE 281/13339
2026-07-20 21:04:43,068 - INFO - ==================================================
2026-07-20 21:04:43,128 - INFO -   ✅ +0 | ⏭️ 0 hors dates | 🔄 567 doublons | Total: 33
2026-07-20 21:05:15,197 - INFO - 
==================================================
2026-07-20 21:05:15,199 - INFO - 📄 PAGE 282/13339
2026-07-20 21:05:15,200 - INFO - ==================================================
2026-07-20 21:05:15,236 - INFO -   ✅ +0 | ⏭️ 0 hors dates | 🔄 567 doublons | Total: 33
2026-07-20 21:05:47,320 - INFO - 
==================================================
2026-07-20 21:05:47,326 - INFO - 📄 PAGE 283/13339
2026-07-20 21:05:47,329 - INFO - ==================================================
2026-07-20 21:05:47,366 - INFO -   ✅ +0 | ⏭️ 0 hors dates | 🔄 567 doublons | Total: 33
2026-07-20 21:06:19,434 - INFO - 
==================================================
2026-07-20 21:06:19,437 - INFO - 📄 PAGE 284/13339
2026-07-20 21:06:19,439 - INFO - ==================================================
2026-07-20 21:06:19,486 - INFO -   ✅ +0 | ⏭️ 0 hors dates | 🔄 567 doublons | Total: 33
2026-07-20 21:06:51,573 - INFO - 
==================================================
2026-07-20 21:06:51,574 - INFO - 📄 PAGE 285/13339
2026-07-20 21:06:51,574 - INFO - ==================================================
2026-07-20 21:06:51,584 - INFO -   ✅ +0 | ⏭️ 0 hors dates | 🔄 567 doublons | Total: 33
2026-07-20 21:07:23,654 - INFO - 
==================================================
2026-07-20 21:07:23,656 - INFO - 📄 PAGE 286/13339
2026-07-20 21:07:23,657 - INFO - ==================================================
2026-07-20 21:07:23,679 - INFO -   ✅ +0 | ⏭️ 0 hors dates | 🔄 567 doublons | Total: 33
2026-07-20 21:07:55,750 - INFO - 
==================================================
2026-07-20 21:07:55,753 - INFO - 📄 PAGE 287/13339
2026-07-20 21:07:55,754 - INFO - ==================================================
2026-07-20 21:07:55,813 - INFO -   ✅ +0 | ⏭️ 0 hors dates | 🔄 567 doublons | Total: 33
2026-07-20 21:08:27,906 - INFO - 
==================================================
2026-07-20 21:08:27,910 - INFO - 📄 PAGE 288/13339
2026-07-20 21:08:27,912 - INFO - ==================================================
2026-07-20 21:08:27,975 - INFO -   ✅ +0 | ⏭️ 0 hors dates | 🔄 567 doublons | Total: 33
2026-07-20 21:09:00,043 - INFO - 
==================================================
2026-07-20 21:09:00,059 - INFO - 📄 PAGE 289/13339
2026-07-20 21:09:00,063 - INFO - ==================================================
2026-07-20 21:09:00,104 - INFO -   ✅ +0 | ⏭️ 0 hors dates | 🔄 567 doublons | Total: 33
2026-07-20 21:09:32,185 - INFO - 
==================================================
2026-07-20 21:09:32,186 - INFO - 📄 PAGE 290/13339
2026-07-20 21:09:32,187 - INFO - ==================================================
2026-07-20 21:09:32,623 - INFO - 📊 Cache rafraîchi: 723 références en base
2026-07-20 21:09:32,633 - INFO -   ✅ +0 | ⏭️ 0 hors dates | 🔄 567 doublons | Total: 33
2026-07-20 21:10:04,695 - INFO - 
==================================================
2026-07-20 21:10:04,699 - INFO - 📄 PAGE 291/13339
2026-07-20 21:10:04,701 - INFO - ==================================================
2026-07-20 21:10:04,746 - INFO -   ✅ +0 | ⏭️ 0 hors dates | 🔄 567 doublons | Total: 33
2026-07-20 21:10:36,821 - INFO - 
==================================================
2026-07-20 21:10:36,827 - INFO - 📄 PAGE 292/13339
2026-07-20 21:10:36,830 - INFO - ==================================================
2026-07-20 21:10:36,897 - INFO -   ✅ +0 | ⏭️ 0 hors dates | 🔄 567 doublons | Total: 33
2026-07-20 21:11:08,966 - INFO - 
==================================================
2026-07-20 21:11:08,969 - INFO - 📄 PAGE 293/13339
2026-07-20 21:11:08,971 - INFO - ==================================================
2026-07-20 21:11:09,023 - INFO -   ✅ +0 | ⏭️ 0 hors dates | 🔄 567 doublons | Total: 33
2026-07-20 21:11:41,115 - INFO - 
==================================================
2026-07-20 21:11:41,119 - INFO - 📄 PAGE 294/13339
2026-07-20 21:11:41,121 - INFO - ==================================================
2026-07-20 21:11:41,186 - INFO -   ✅ +0 | ⏭️ 0 hors dates | 🔄 567 doublons | Total: 33
2026-07-20 21:12:13,268 - INFO - 
==================================================
2026-07-20 21:12:13,271 - INFO - 📄 PAGE 295/13339
2026-07-20 21:12:13,273 - INFO - ==================================================
2026-07-20 21:12:13,332 - INFO -   ✅ +0 | ⏭️ 0 hors dates | 🔄 567 doublons | Total: 33
2026-07-20 21:12:45,406 - INFO - 
==================================================
2026-07-20 21:12:45,409 - INFO - 📄 PAGE 296/13339
2026-07-20 21:12:45,411 - INFO - ==================================================
2026-07-20 21:12:45,468 - INFO -   ✅ +0 | ⏭️ 0 hors dates | 🔄 567 doublons | Total: 33
2026-07-20 21:13:17,558 - INFO - 
==================================================
2026-07-20 21:13:17,563 - INFO - 📄 PAGE 297/13339
2026-07-20 21:13:17,574 - INFO - ==================================================
2026-07-20 21:13:17,610 - INFO -   ✅ +0 | ⏭️ 0 hors dates | 🔄 567 doublons | Total: 33
2026-07-20 21:13:49,678 - INFO - 
==================================================
2026-07-20 21:13:49,681 - INFO - 📄 PAGE 298/13339
2026-07-20 21:13:49,684 - INFO - ==================================================
2026-07-20 21:13:49,733 - INFO -   ✅ +0 | ⏭️ 0 hors dates | 🔄 567 doublons | Total: 33
2026-07-20 21:14:21,801 - INFO - 
==================================================
2026-07-20 21:14:21,805 - INFO - 📄 PAGE 299/13339
2026-07-20 21:14:21,807 - INFO - ==================================================
2026-07-20 21:14:21,854 - INFO -   ✅ +0 | ⏭️ 0 hors dates | 🔄 567 doublons | Total: 33
2026-07-20 21:14:53,932 - INFO - 
==================================================
2026-07-20 21:14:53,934 - INFO - 📄 PAGE 300/13339
2026-07-20 21:14:53,940 - INFO - ==================================================
2026-07-20 21:14:54,298 - INFO - 📊 Cache rafraîchi: 723 références en base
2026-07-20 21:14:54,330 - INFO -   ✅ +0 | ⏭️ 0 hors dates | 🔄 567 doublons | Total: 33
2026-07-20 21:15:26,395 - INFO - 
==================================================
2026-07-20 21:15:26,396 - INFO - 📄 PAGE 301/13339
2026-07-20 21:15:26,396 - INFO - ==================================================
2026-07-20 21:15:26,407 - INFO -   ✅ +0 | ⏭️ 0 hors dates | 🔄 567 doublons | Total: 33
2026-07-20 21:15:58,487 - INFO - 
==================================================
2026-07-20 21:15:58,490 - INFO - 📄 PAGE 302/13339
2026-07-20 21:15:58,491 - INFO - ==================================================
2026-07-20 21:15:58,521 - INFO -   ✅ +0 | ⏭️ 0 hors dates | 🔄 567 doublons | Total: 33
2026-07-20 21:16:30,561 - INFO - 
==================================================
2026-07-20 21:16:30,562 - INFO - 📄 PAGE 303/13339
2026-07-20 21:16:30,563 - INFO - ==================================================
2026-07-20 21:16:30,573 - INFO -   ✅ +0 | ⏭️ 0 hors dates | 🔄 567 doublons | Total: 33
2026-07-20 21:17:02,613 - INFO - 
==================================================
2026-07-20 21:17:02,614 - INFO - 📄 PAGE 304/13339
2026-07-20 21:17:02,614 - INFO - ==================================================
2026-07-20 21:17:02,623 - INFO -   ✅ +0 | ⏭️ 0 hors dates | 🔄 567 doublons | Total: 33
2026-07-20 21:17:34,656 - INFO - 
==================================================
2026-07-20 21:17:34,658 - INFO - 📄 PAGE 305/13339
2026-07-20 21:17:34,659 - INFO - ==================================================
2026-07-20 21:17:34,682 - INFO -   ✅ +0 | ⏭️ 0 hors dates | 🔄 567 doublons | Total: 33
2026-07-20 21:18:06,743 - INFO - 
==================================================
2026-07-20 21:18:06,746 - INFO - 📄 PAGE 306/13339
2026-07-20 21:18:06,748 - INFO - ==================================================
2026-07-20 21:18:06,783 - INFO -   ✅ +0 | ⏭️ 0 hors dates | 🔄 567 doublons | Total: 33
2026-07-20 21:18:38,833 - INFO - 
==================================================
2026-07-20 21:18:38,835 - INFO - 📄 PAGE 307/13339
2026-07-20 21:18:38,836 - INFO - ==================================================
2026-07-20 21:18:38,867 - INFO -   ✅ +0 | ⏭️ 0 hors dates | 🔄 567 doublons | Total: 33
2026-07-20 21:19:10,905 - INFO - 
==================================================
2026-07-20 21:19:10,905 - INFO - 📄 PAGE 308/13339
2026-07-20 21:19:10,906 - INFO - ==================================================
2026-07-20 21:19:10,916 - INFO -   ✅ +0 | ⏭️ 0 hors dates | 🔄 567 doublons | Total: 33
2026-07-20 21:19:42,939 - INFO - 
==================================================
2026-07-20 21:19:42,940 - INFO - 📄 PAGE 309/13339
2026-07-20 21:19:42,941 - INFO - ==================================================
2026-07-20 21:19:42,948 - INFO -   ✅ +0 | ⏭️ 0 hors dates | 🔄 567 doublons | Total: 33
2026-07-20 21:20:14,981 - INFO - 
==================================================
2026-07-20 21:20:14,982 - INFO - 📄 PAGE 310/13339
2026-07-20 21:20:14,983 - INFO - ==================================================
2026-07-20 21:20:15,355 - INFO - 📊 Cache rafraîchi: 723 références en base
2026-07-20 21:20:15,373 - INFO -   ✅ +0 | ⏭️ 0 hors dates | 🔄 567 doublons | Total: 33
2026-07-20 21:20:47,401 - INFO - 
==================================================
2026-07-20 21:20:47,402 - INFO - 📄 PAGE 311/13339
2026-07-20 21:20:47,402 - INFO - ==================================================
2026-07-20 21:20:47,408 - INFO -   ✅ +0 | ⏭️ 0 hors dates | 🔄 567 doublons | Total: 33
2026-07-20 21:21:19,437 - INFO - 
==================================================
2026-07-20 21:21:19,439 - INFO - 📄 PAGE 312/13339
2026-07-20 21:21:19,440 - INFO - ==================================================
2026-07-20 21:21:19,466 - INFO -   ✅ +0 | ⏭️ 0 hors dates | 🔄 567 doublons | Total: 33
2026-07-20 21:21:51,487 - INFO - 
==================================================
2026-07-20 21:21:51,489 - INFO - 📄 PAGE 313/13339
2026-07-20 21:21:51,489 - INFO - ==================================================
2026-07-20 21:21:51,505 - INFO -   ✅ +0 | ⏭️ 0 hors dates | 🔄 567 doublons | Total: 33
2026-07-20 21:22:23,541 - INFO - 
==================================================
2026-07-20 21:22:23,545 - INFO - 📄 PAGE 314/13339
2026-07-20 21:22:23,609 - INFO - ==================================================
2026-07-20 21:22:23,837 - INFO -   ✅ +0 | ⏭️ 0 hors dates | 🔄 567 doublons | Total: 33
2026-07-20 21:22:55,857 - INFO - 
==================================================
2026-07-20 21:22:55,857 - INFO - 📄 PAGE 315/13339
2026-07-20 21:22:55,858 - INFO - ==================================================
2026-07-20 21:22:55,864 - INFO -   ✅ +0 | ⏭️ 0 hors dates | 🔄 567 doublons | Total: 33
2026-07-20 21:23:27,882 - INFO - 
==================================================
2026-07-20 21:23:27,883 - INFO - 📄 PAGE 316/13339
2026-07-20 21:23:27,884 - INFO - ==================================================
2026-07-20 21:23:27,890 - INFO -   ✅ +0 | ⏭️ 0 hors dates | 🔄 567 doublons | Total: 33
2026-07-20 21:23:59,909 - INFO - 
==================================================
2026-07-20 21:23:59,909 - INFO - 📄 PAGE 317/13339
2026-07-20 21:23:59,910 - INFO - ==================================================
2026-07-20 21:23:59,918 - INFO -   ✅ +0 | ⏭️ 0 hors dates | 🔄 567 doublons | Total: 33
2026-07-20 21:24:31,964 - INFO - 
==================================================
2026-07-20 21:24:31,965 - INFO - 📄 PAGE 318/13339
2026-07-20 21:24:31,966 - INFO - ==================================================
2026-07-20 21:24:31,979 - INFO -   ✅ +0 | ⏭️ 0 hors dates | 🔄 567 doublons | Total: 33
2026-07-20 21:25:03,998 - INFO - 
==================================================
2026-07-20 21:25:03,999 - INFO - 📄 PAGE 319/13339
2026-07-20 21:25:04,000 - INFO - ==================================================
2026-07-20 21:25:04,007 - INFO -   ✅ +0 | ⏭️ 0 hors dates | 🔄 567 doublons | Total: 33
2026-07-20 21:25:36,029 - INFO - 
==================================================
2026-07-20 21:25:36,030 - INFO - 📄 PAGE 320/13339
2026-07-20 21:25:36,031 - INFO - ==================================================
2026-07-20 21:25:36,364 - INFO - 📊 Cache rafraîchi: 723 références en base
2026-07-20 21:25:36,371 - INFO -   ✅ +0 | ⏭️ 0 hors dates | 🔄 567 doublons | Total: 33
2026-07-20 21:26:08,391 - INFO - 
==================================================
2026-07-20 21:26:08,392 - INFO - 📄 PAGE 321/13339
2026-07-20 21:26:08,392 - INFO - ==================================================
2026-07-20 21:26:08,399 - INFO -   ✅ +0 | ⏭️ 0 hors dates | 🔄 567 doublons | Total: 33
2026-07-20 21:26:40,454 - INFO - 
==================================================
2026-07-20 21:26:40,455 - INFO - 📄 PAGE 322/13339
2026-07-20 21:26:40,456 - INFO - ==================================================
2026-07-20 21:26:40,463 - INFO -   ✅ +0 | ⏭️ 0 hors dates | 🔄 567 doublons | Total: 33
2026-07-20 21:27:12,477 - INFO - 
==================================================
2026-07-20 21:27:12,482 - INFO - 📄 PAGE 323/13339
2026-07-20 21:27:12,484 - INFO - ==================================================
2026-07-20 21:27:12,518 - INFO -   ✅ +0 | ⏭️ 0 hors dates | 🔄 567 doublons | Total: 33
2026-07-20 21:27:44,552 - INFO - 
==================================================
2026-07-20 21:27:44,554 - INFO - 📄 PAGE 324/13339
2026-07-20 21:27:44,555 - INFO - ==================================================
2026-07-20 21:27:44,575 - INFO -   ✅ +0 | ⏭️ 0 hors dates | 🔄 567 doublons | Total: 33
2026-07-20 21:28:16,614 - INFO - 
==================================================
2026-07-20 21:28:16,614 - INFO - 📄 PAGE 325/13339
2026-07-20 21:28:16,615 - INFO - ==================================================
2026-07-20 21:28:16,622 - INFO -   ✅ +0 | ⏭️ 0 hors dates | 🔄 567 doublons | Total: 33
2026-07-20 21:28:48,639 - INFO - 
==================================================
2026-07-20 21:28:48,640 - INFO - 📄 PAGE 326/13339
2026-07-20 21:28:48,640 - INFO - ==================================================
2026-07-20 21:28:48,647 - INFO -   ✅ +0 | ⏭️ 0 hors dates | 🔄 567 doublons | Total: 33
2026-07-20 21:29:20,667 - INFO - 
==================================================
2026-07-20 21:29:20,669 - INFO - 📄 PAGE 327/13339
2026-07-20 21:29:20,671 - INFO - ==================================================
2026-07-20 21:29:20,696 - INFO -   ✅ +0 | ⏭️ 0 hors dates | 🔄 567 doublons | Total: 33
2026-07-20 21:29:52,747 - INFO - 
==================================================
2026-07-20 21:29:52,748 - INFO - 📄 PAGE 328/13339
2026-07-20 21:29:52,748 - INFO - ==================================================
2026-07-20 21:29:52,758 - INFO -   ✅ +0 | ⏭️ 0 hors dates | 🔄 567 doublons | Total: 33
2026-07-20 21:30:24,791 - INFO - 
==================================================
2026-07-20 21:30:24,792 - INFO - 📄 PAGE 329/13339
2026-07-20 21:30:24,792 - INFO - ==================================================
2026-07-20 21:30:24,801 - INFO -   ✅ +0 | ⏭️ 0 hors dates | 🔄 567 doublons | Total: 33
2026-07-20 21:30:56,819 - INFO - 
==================================================
2026-07-20 21:30:56,820 - INFO - 📄 PAGE 330/13339
2026-07-20 21:30:56,821 - INFO - ==================================================
2026-07-20 21:30:57,151 - INFO - 📊 Cache rafraîchi: 723 références en base
2026-07-20 21:30:57,159 - INFO -   ✅ +0 | ⏭️ 0 hors dates | 🔄 567 doublons | Total: 33
2026-07-20 21:31:29,189 - INFO - 
==================================================
2026-07-20 21:31:29,190 - INFO - 📄 PAGE 331/13339
2026-07-20 21:31:29,191 - INFO - ==================================================
2026-07-20 21:31:29,210 - INFO -   ✅ +0 | ⏭️ 0 hors dates | 🔄 567 doublons | Total: 33
2026-07-20 21:32:01,262 - INFO - 
==================================================
2026-07-20 21:32:01,265 - INFO - 📄 PAGE 332/13339
2026-07-20 21:32:01,267 - INFO - ==================================================
2026-07-20 21:32:01,302 - INFO -   ✅ +0 | ⏭️ 0 hors dates | 🔄 567 doublons | Total: 33
2026-07-20 21:32:33,356 - INFO - 
==================================================
2026-07-20 21:32:33,358 - INFO - 📄 PAGE 333/13339
2026-07-20 21:32:33,360 - INFO - ==================================================
2026-07-20 21:32:33,389 - INFO -   ✅ +0 | ⏭️ 0 hors dates | 🔄 567 doublons | Total: 33
2026-07-20 21:33:05,413 - INFO - 
==================================================
2026-07-20 21:33:05,415 - INFO - 📄 PAGE 334/13339
2026-07-20 21:33:05,415 - INFO - ==================================================
2026-07-20 21:33:05,421 - INFO -   ✅ +0 | ⏭️ 0 hors dates | 🔄 567 doublons | Total: 33
2026-07-20 21:33:37,453 - INFO - 
==================================================
2026-07-20 21:33:37,454 - INFO - 📄 PAGE 335/13339
2026-07-20 21:33:37,454 - INFO - ==================================================
2026-07-20 21:33:37,462 - INFO -   ✅ +0 | ⏭️ 0 hors dates | 🔄 567 doublons | Total: 33
2026-07-20 21:34:09,508 - INFO - 
==================================================
2026-07-20 21:34:09,509 - INFO - 📄 PAGE 336/13339
2026-07-20 21:34:09,509 - INFO - ==================================================
2026-07-20 21:34:09,516 - INFO -   ✅ +0 | ⏭️ 0 hors dates | 🔄 567 doublons | Total: 33
2026-07-20 21:34:41,535 - INFO - 
==================================================
2026-07-20 21:34:41,535 - INFO - 📄 PAGE 337/13339
2026-07-20 21:34:41,536 - INFO - ==================================================
2026-07-20 21:34:41,542 - INFO -   ✅ +0 | ⏭️ 0 hors dates | 🔄 567 doublons | Total: 33
2026-07-20 21:35:13,576 - INFO - 
==================================================
2026-07-20 21:35:13,578 - INFO - 📄 PAGE 338/13339
2026-07-20 21:35:13,580 - INFO - ==================================================
2026-07-20 21:35:13,619 - INFO -   ✅ +0 | ⏭️ 0 hors dates | 🔄 567 doublons | Total: 33
2026-07-20 21:35:45,686 - INFO - 
==================================================
2026-07-20 21:35:45,688 - INFO - 📄 PAGE 339/13339
2026-07-20 21:35:45,690 - INFO - ==================================================
2026-07-20 21:35:45,722 - INFO -   ✅ +0 | ⏭️ 0 hors dates | 🔄 567 doublons | Total: 33
2026-07-20 21:36:17,764 - INFO - 
==================================================
2026-07-20 21:36:17,765 - INFO - 📄 PAGE 340/13339
2026-07-20 21:36:17,767 - INFO - ==================================================
2026-07-20 21:36:18,200 - INFO - 📊 Cache rafraîchi: 723 références en base
2026-07-20 21:36:18,232 - INFO -   ✅ +0 | ⏭️ 0 hors dates | 🔄 567 doublons | Total: 33
2026-07-20 21:36:50,276 - INFO - 
==================================================
2026-07-20 21:36:50,279 - INFO - 📄 PAGE 341/13339
2026-07-20 21:36:50,282 - INFO - ==================================================
2026-07-20 21:36:50,321 - INFO -   ✅ +0 | ⏭️ 0 hors dates | 🔄 567 doublons | Total: 33
2026-07-20 21:37:22,373 - INFO - 
==================================================
2026-07-20 21:37:22,375 - INFO - 📄 PAGE 342/13339
2026-07-20 21:37:22,377 - INFO - ==================================================
2026-07-20 21:37:22,410 - INFO -   ✅ +0 | ⏭️ 0 hors dates | 🔄 567 doublons | Total: 33
2026-07-20 21:37:54,446 - INFO - 
==================================================
2026-07-20 21:37:54,449 - INFO - 📄 PAGE 343/13339
2026-07-20 21:37:54,450 - INFO - ==================================================
2026-07-20 21:37:54,482 - INFO -   ✅ +0 | ⏭️ 0 hors dates | 🔄 567 doublons | Total: 33
2026-07-20 21:38:26,528 - INFO - 
==================================================
2026-07-20 21:38:26,536 - INFO - 📄 PAGE 344/13339
2026-07-20 21:38:26,540 - INFO - ==================================================
2026-07-20 21:38:26,573 - INFO -   ✅ +0 | ⏭️ 0 hors dates | 🔄 567 doublons | Total: 33
2026-07-20 21:38:58,625 - INFO - 
==================================================
2026-07-20 21:38:58,626 - INFO - 📄 PAGE 345/13339
2026-07-20 21:38:58,628 - INFO - ==================================================
2026-07-20 21:38:58,657 - INFO -   ✅ +0 | ⏭️ 0 hors dates | 🔄 567 doublons | Total: 33
2026-07-20 21:39:30,689 - INFO - 
==================================================
2026-07-20 21:39:30,690 - INFO - 📄 PAGE 346/13339
2026-07-20 21:39:30,690 - INFO - ==================================================
2026-07-20 21:39:30,702 - INFO -   ✅ +0 | ⏭️ 0 hors dates | 🔄 567 doublons | Total: 33
2026-07-20 21:40:02,754 - INFO - 
==================================================
2026-07-20 21:40:02,755 - INFO - 📄 PAGE 347/13339
2026-07-20 21:40:02,755 - INFO - ==================================================
2026-07-20 21:40:02,761 - INFO -   ✅ +0 | ⏭️ 0 hors dates | 🔄 567 doublons | Total: 33
2026-07-20 21:40:34,814 - INFO - 
==================================================
2026-07-20 21:40:34,817 - INFO - 📄 PAGE 348/13339
2026-07-20 21:40:34,819 - INFO - ==================================================
2026-07-20 21:40:34,850 - INFO -   ✅ +0 | ⏭️ 0 hors dates | 🔄 567 doublons | Total: 33
2026-07-20 21:41:06,907 - INFO - 
==================================================
2026-07-20 21:41:06,909 - INFO - 📄 PAGE 349/13339
2026-07-20 21:41:06,911 - INFO - ==================================================
2026-07-20 21:41:06,947 - INFO -   ✅ +0 | ⏭️ 0 hors dates | 🔄 567 doublons | Total: 33
2026-07-20 21:41:38,973 - INFO - 
==================================================
2026-07-20 21:41:38,976 - INFO - 📄 PAGE 350/13339
2026-07-20 21:41:38,978 - INFO - ==================================================
2026-07-20 21:41:39,691 - INFO - 📊 Cache rafraîchi: 723 références en base
2026-07-20 21:41:39,716 - INFO -   ✅ +0 | ⏭️ 0 hors dates | 🔄 567 doublons | Total: 33
2026-07-20 21:42:11,746 - INFO - 
==================================================
2026-07-20 21:42:11,747 - INFO - 📄 PAGE 351/13339
2026-07-20 21:42:11,749 - INFO - ==================================================
2026-07-20 21:42:11,769 - INFO -   ✅ +0 | ⏭️ 0 hors dates | 🔄 567 doublons | Total: 33
2026-07-20 21:42:43,817 - INFO - 
==================================================
2026-07-20 21:42:43,819 - INFO - 📄 PAGE 352/13339
2026-07-20 21:42:43,821 - INFO - ==================================================
2026-07-20 21:42:43,854 - INFO -   ✅ +0 | ⏭️ 0 hors dates | 🔄 567 doublons | Total: 33
2026-07-20 21:43:15,902 - INFO - 
==================================================
2026-07-20 21:43:15,904 - INFO - 📄 PAGE 353/13339
2026-07-20 21:43:15,906 - INFO - ==================================================
2026-07-20 21:43:15,937 - INFO -   ✅ +0 | ⏭️ 0 hors dates | 🔄 567 doublons | Total: 33
2026-07-20 21:43:48,005 - INFO - 
==================================================
2026-07-20 21:43:48,008 - INFO - 📄 PAGE 354/13339
2026-07-20 21:43:48,010 - INFO - ==================================================
2026-07-20 21:43:48,054 - INFO -   ✅ +0 | ⏭️ 0 hors dates | 🔄 567 doublons | Total: 33
2026-07-20 21:44:20,109 - INFO - 
==================================================
2026-07-20 21:44:20,112 - INFO - 📄 PAGE 355/13339
2026-07-20 21:44:20,114 - INFO - ==================================================
2026-07-20 21:44:20,152 - INFO -   ✅ +0 | ⏭️ 0 hors dates | 🔄 567 doublons | Total: 33
2026-07-20 21:44:52,206 - INFO - 
==================================================
2026-07-20 21:44:52,208 - INFO - 📄 PAGE 356/13339
2026-07-20 21:44:52,210 - INFO - ==================================================
2026-07-20 21:44:52,246 - INFO -   ✅ +0 | ⏭️ 0 hors dates | 🔄 567 doublons | Total: 33
2026-07-20 21:45:24,294 - INFO - 
==================================================
2026-07-20 21:45:24,296 - INFO - 📄 PAGE 357/13339
2026-07-20 21:45:24,297 - INFO - ==================================================
2026-07-20 21:45:24,320 - INFO -   ✅ +0 | ⏭️ 0 hors dates | 🔄 567 doublons | Total: 33
2026-07-20 21:45:56,346 - INFO - 
==================================================
2026-07-20 21:45:56,349 - INFO - 📄 PAGE 358/13339
2026-07-20 21:45:56,352 - INFO - ==================================================
2026-07-20 21:45:56,390 - INFO -   ✅ +0 | ⏭️ 0 hors dates | 🔄 567 doublons | Total: 33
2026-07-20 21:46:28,435 - INFO - 
==================================================
2026-07-20 21:46:28,437 - INFO - 📄 PAGE 359/13339
2026-07-20 21:46:28,438 - INFO - ==================================================
2026-07-20 21:46:28,459 - INFO -   ✅ +0 | ⏭️ 0 hors dates | 🔄 567 doublons | Total: 33
2026-07-20 21:47:00,525 - INFO - 
==================================================
2026-07-20 21:47:00,526 - INFO - 📄 PAGE 360/13339
2026-07-20 21:47:00,527 - INFO - ==================================================
2026-07-20 21:47:01,007 - INFO - 📊 Cache rafraîchi: 723 références en base
2026-07-20 21:47:01,030 - INFO -   ✅ +0 | ⏭️ 0 hors dates | 🔄 567 doublons | Total: 33
2026-07-20 21:47:33,092 - INFO - 
==================================================
2026-07-20 21:47:33,094 - INFO - 📄 PAGE 361/13339
2026-07-20 21:47:33,096 - INFO - ==================================================
2026-07-20 21:47:33,132 - INFO -   ✅ +0 | ⏭️ 0 hors dates | 🔄 567 doublons | Total: 33
2026-07-20 21:48:05,182 - INFO - 
==================================================
2026-07-20 21:48:05,189 - INFO - 📄 PAGE 362/13339
2026-07-20 21:48:05,192 - INFO - ==================================================
2026-07-20 21:48:05,224 - INFO -   ✅ +0 | ⏭️ 0 hors dates | 🔄 567 doublons | Total: 33
2026-07-20 21:48:37,259 - INFO - 
==================================================
2026-07-20 21:48:37,260 - INFO - 📄 PAGE 363/13339
2026-07-20 21:48:37,261 - INFO - ==================================================
2026-07-20 21:48:37,273 - INFO -   ✅ +0 | ⏭️ 0 hors dates | 🔄 567 doublons | Total: 33
2026-07-20 21:49:09,322 - INFO - 
==================================================
2026-07-20 21:49:09,324 - INFO - 📄 PAGE 364/13339
2026-07-20 21:49:09,326 - INFO - ==================================================
2026-07-20 21:49:09,357 - INFO -   ✅ +0 | ⏭️ 0 hors dates | 🔄 567 doublons | Total: 33
2026-07-20 21:49:41,414 - INFO - 
==================================================
2026-07-20 21:49:41,418 - INFO - 📄 PAGE 365/13339
2026-07-20 21:49:41,423 - INFO - ==================================================
2026-07-20 21:49:41,461 - INFO -   ✅ +0 | ⏭️ 0 hors dates | 🔄 567 doublons | Total: 33
2026-07-20 21:50:13,515 - INFO - 
==================================================
2026-07-20 21:50:13,517 - INFO - 📄 PAGE 366/13339
2026-07-20 21:50:13,518 - INFO - ==================================================
2026-07-20 21:50:13,527 - INFO -   ✅ +0 | ⏭️ 0 hors dates | 🔄 567 doublons | Total: 33
2026-07-20 21:50:45,588 - INFO - 
==================================================
2026-07-20 21:50:45,590 - INFO - 📄 PAGE 367/13339
2026-07-20 21:50:45,591 - INFO - ==================================================
2026-07-20 21:50:45,627 - INFO -   ✅ +0 | ⏭️ 0 hors dates | 🔄 567 doublons | Total: 33
2026-07-20 21:51:17,687 - INFO - 
==================================================
2026-07-20 21:51:17,692 - INFO - 📄 PAGE 368/13339
2026-07-20 21:51:17,695 - INFO - ==================================================
2026-07-20 21:51:17,730 - INFO -   ✅ +0 | ⏭️ 0 hors dates | 🔄 567 doublons | Total: 33
2026-07-20 21:51:49,772 - INFO - 
==================================================
2026-07-20 21:51:49,773 - INFO - 📄 PAGE 369/13339
2026-07-20 21:51:49,774 - INFO - ==================================================
2026-07-20 21:51:49,794 - INFO -   ✅ +0 | ⏭️ 0 hors dates | 🔄 567 doublons | Total: 33
2026-07-20 21:52:21,857 - INFO - 
==================================================
2026-07-20 21:52:21,859 - INFO - 📄 PAGE 370/13339
2026-07-20 21:52:21,861 - INFO - ==================================================
2026-07-20 21:52:22,601 - INFO - 📊 Cache rafraîchi: 723 références en base
2026-07-20 21:52:22,615 - INFO -   ✅ +0 | ⏭️ 0 hors dates | 🔄 567 doublons | Total: 33
2026-07-20 21:52:54,732 - INFO - 
==================================================
2026-07-20 21:52:54,734 - INFO - 📄 PAGE 371/13339
2026-07-20 21:52:54,736 - INFO - ==================================================
2026-07-20 21:52:54,768 - INFO -   ✅ +0 | ⏭️ 0 hors dates | 🔄 567 doublons | Total: 33
2026-07-20 21:53:26,826 - INFO - 
==================================================
2026-07-20 21:53:26,827 - INFO - 📄 PAGE 372/13339
2026-07-20 21:53:26,828 - INFO - ==================================================
2026-07-20 21:53:26,853 - INFO -   ✅ +0 | ⏭️ 0 hors dates | 🔄 567 doublons | Total: 33
2026-07-20 21:53:58,879 - INFO - 
==================================================
2026-07-20 21:53:58,880 - INFO - 📄 PAGE 373/13339
2026-07-20 21:53:58,881 - INFO - ==================================================
2026-07-20 21:53:58,890 - INFO -   ✅ +0 | ⏭️ 0 hors dates | 🔄 567 doublons | Total: 33
2026-07-20 21:54:30,935 - INFO - 
==================================================
2026-07-20 21:54:30,937 - INFO - 📄 PAGE 374/13339
2026-07-20 21:54:30,940 - INFO - ==================================================
2026-07-20 21:54:30,974 - INFO -   ✅ +0 | ⏭️ 0 hors dates | 🔄 567 doublons | Total: 33
2026-07-20 21:55:03,031 - INFO - 
==================================================
2026-07-20 21:55:03,033 - INFO - 📄 PAGE 375/13339
2026-07-20 21:55:03,035 - INFO - ==================================================
2026-07-20 21:55:03,069 - INFO -   ✅ +0 | ⏭️ 0 hors dates | 🔄 567 doublons | Total: 33
2026-07-20 21:55:35,132 - INFO - 
==================================================
2026-07-20 21:55:35,135 - INFO - 📄 PAGE 376/13339
2026-07-20 21:55:35,137 - INFO - ==================================================
2026-07-20 21:55:35,176 - INFO -   ✅ +0 | ⏭️ 0 hors dates | 🔄 567 doublons | Total: 33
2026-07-20 21:56:07,206 - INFO - 
==================================================
2026-07-20 21:56:07,206 - INFO - 📄 PAGE 377/13339
2026-07-20 21:56:07,207 - INFO - ==================================================
2026-07-20 21:56:07,213 - INFO -   ✅ +0 | ⏭️ 0 hors dates | 🔄 567 doublons | Total: 33
2026-07-20 21:56:39,234 - INFO - 
==================================================
2026-07-20 21:56:39,235 - INFO - 📄 PAGE 378/13339
2026-07-20 21:56:39,236 - INFO - ==================================================
2026-07-20 21:56:39,251 - INFO -   ✅ +0 | ⏭️ 0 hors dates | 🔄 567 doublons | Total: 33
2026-07-20 21:57:11,304 - INFO - 
==================================================
2026-07-20 21:57:11,306 - INFO - 📄 PAGE 379/13339
2026-07-20 21:57:11,308 - INFO - ==================================================
2026-07-20 21:57:11,338 - INFO -   ✅ +0 | ⏭️ 0 hors dates | 🔄 567 doublons | Total: 33
2026-07-20 21:57:43,373 - INFO - 
==================================================
2026-07-20 21:57:43,374 - INFO - 📄 PAGE 380/13339
2026-07-20 21:57:43,374 - INFO - ==================================================
2026-07-20 21:57:43,671 - INFO - 📊 Cache rafraîchi: 723 références en base
2026-07-20 21:57:43,680 - INFO -   ✅ +0 | ⏭️ 0 hors dates | 🔄 567 doublons | Total: 33
2026-07-20 21:58:15,700 - INFO - 
==================================================
2026-07-20 21:58:15,701 - INFO - 📄 PAGE 381/13339
2026-07-20 21:58:15,701 - INFO - ==================================================
2026-07-20 21:58:15,707 - INFO -   ✅ +0 | ⏭️ 0 hors dates | 🔄 567 doublons | Total: 33
2026-07-20 21:58:47,728 - INFO - 
==================================================
2026-07-20 21:58:47,729 - INFO - 📄 PAGE 382/13339
2026-07-20 21:58:47,729 - INFO - ==================================================
2026-07-20 21:58:47,735 - INFO -   ✅ +0 | ⏭️ 0 hors dates | 🔄 567 doublons | Total: 33
2026-07-20 21:59:19,821 - INFO - 
==================================================
2026-07-20 21:59:19,824 - INFO - 📄 PAGE 383/13339
2026-07-20 21:59:19,826 - INFO - ==================================================
2026-07-20 21:59:19,853 - INFO -   ✅ +0 | ⏭️ 0 hors dates | 🔄 567 doublons | Total: 33
2026-07-20 21:59:51,911 - INFO - 
==================================================
2026-07-20 21:59:51,913 - INFO - 📄 PAGE 384/13339
2026-07-20 21:59:51,915 - INFO - ==================================================
2026-07-20 21:59:51,946 - INFO -   ✅ +0 | ⏭️ 0 hors dates | 🔄 567 doublons | Total: 33
2026-07-20 22:00:23,987 - INFO - 
==================================================
2026-07-20 22:00:23,988 - INFO - 📄 PAGE 385/13339
2026-07-20 22:00:23,988 - INFO - ==================================================
2026-07-20 22:00:23,995 - INFO -   ✅ +0 | ⏭️ 0 hors dates | 🔄 567 doublons | Total: 33
2026-07-20 22:00:56,038 - INFO - 
==================================================
2026-07-20 22:00:56,040 - INFO - 📄 PAGE 386/13339
2026-07-20 22:00:56,042 - INFO - ==================================================
2026-07-20 22:00:56,085 - INFO -   ✅ +0 | ⏭️ 0 hors dates | 🔄 567 doublons | Total: 33
2026-07-20 22:01:28,136 - INFO - 
==================================================
2026-07-20 22:01:28,140 - INFO - 📄 PAGE 387/13339
2026-07-20 22:01:28,142 - INFO - ==================================================
2026-07-20 22:01:28,175 - INFO -   ✅ +0 | ⏭️ 0 hors dates | 🔄 567 doublons | Total: 33
2026-07-20 22:02:00,227 - INFO - 
==================================================
2026-07-20 22:02:00,230 - INFO - 📄 PAGE 388/13339
2026-07-20 22:02:00,231 - INFO - ==================================================
2026-07-20 22:02:00,248 - INFO -   ✅ +0 | ⏭️ 0 hors dates | 🔄 567 doublons | Total: 33
2026-07-20 22:02:32,295 - INFO - 
==================================================
2026-07-20 22:02:32,297 - INFO - 📄 PAGE 389/13339
2026-07-20 22:02:32,299 - INFO - ==================================================
2026-07-20 22:02:32,334 - INFO -   ✅ +0 | ⏭️ 0 hors dates | 🔄 567 doublons | Total: 33
2026-07-20 22:03:04,366 - INFO - 
==================================================
2026-07-20 22:03:04,367 - INFO - 📄 PAGE 390/13339
2026-07-20 22:03:04,367 - INFO - ==================================================
2026-07-20 22:03:05,042 - INFO - 📊 Cache rafraîchi: 723 références en base
2026-07-20 22:03:05,049 - INFO -   ✅ +0 | ⏭️ 0 hors dates | 🔄 567 doublons | Total: 33
2026-07-20 22:03:37,073 - INFO - 
==================================================
2026-07-20 22:03:37,073 - INFO - 📄 PAGE 391/13339
2026-07-20 22:03:37,074 - INFO - ==================================================
2026-07-20 22:03:37,081 - INFO -   ✅ +0 | ⏭️ 0 hors dates | 🔄 567 doublons | Total: 33
2026-07-20 22:04:09,102 - INFO - 
==================================================
2026-07-20 22:04:09,103 - INFO - 📄 PAGE 392/13339
2026-07-20 22:04:09,103 - INFO - ==================================================
2026-07-20 22:04:09,110 - INFO -   ✅ +0 | ⏭️ 0 hors dates | 🔄 567 doublons | Total: 33
2026-07-20 22:04:41,128 - INFO - 
==================================================
2026-07-20 22:04:41,129 - INFO - 📄 PAGE 393/13339
2026-07-20 22:04:41,130 - INFO - ==================================================
2026-07-20 22:04:41,137 - INFO -   ✅ +0 | ⏭️ 0 hors dates | 🔄 567 doublons | Total: 33
2026-07-20 22:05:13,190 - INFO - 
==================================================
2026-07-20 22:05:13,190 - INFO - 📄 PAGE 394/13339
2026-07-20 22:05:13,191 - INFO - ==================================================
2026-07-20 22:05:13,202 - INFO -   ✅ +0 | ⏭️ 0 hors dates | 🔄 567 doublons | Total: 33
2026-07-20 22:05:45,286 - INFO - 
==================================================
2026-07-20 22:05:45,288 - INFO - 📄 PAGE 395/13339
2026-07-20 22:05:45,290 - INFO - ==================================================
2026-07-20 22:05:45,318 - INFO -   ✅ +0 | ⏭️ 0 hors dates | 🔄 567 doublons | Total: 33
2026-07-20 22:06:17,370 - INFO - 
==================================================
2026-07-20 22:06:17,372 - INFO - 📄 PAGE 396/13339
2026-07-20 22:06:17,374 - INFO - ==================================================
2026-07-20 22:06:17,400 - INFO -   ✅ +0 | ⏭️ 0 hors dates | 🔄 567 doublons | Total: 33
2026-07-20 22:06:49,445 - INFO - 
==================================================
2026-07-20 22:06:49,447 - INFO - 📄 PAGE 397/13339
2026-07-20 22:06:49,450 - INFO - ==================================================
2026-07-20 22:06:49,471 - INFO -   ✅ +0 | ⏭️ 0 hors dates | 🔄 567 doublons | Total: 33
2026-07-20 22:07:21,512 - INFO - 
==================================================
2026-07-20 22:07:21,516 - INFO - 📄 PAGE 398/13339
2026-07-20 22:07:21,518 - INFO - ==================================================
2026-07-20 22:07:21,550 - INFO -   ✅ +0 | ⏭️ 0 hors dates | 🔄 567 doublons | Total: 33
2026-07-20 22:07:53,597 - INFO - 
==================================================
2026-07-20 22:07:53,597 - INFO - 📄 PAGE 399/13339
2026-07-20 22:07:53,598 - INFO - ==================================================
2026-07-20 22:07:53,605 - INFO -   ✅ +0 | ⏭️ 0 hors dates | 🔄 567 doublons | Total: 33
2026-07-20 22:08:25,651 - INFO - 
==================================================
2026-07-20 22:08:25,653 - INFO - 📄 PAGE 400/13339
2026-07-20 22:08:25,656 - INFO - ==================================================
2026-07-20 22:08:26,381 - INFO - 📊 Cache rafraîchi: 723 références en base
2026-07-20 22:08:26,406 - INFO -   ✅ +0 | ⏭️ 0 hors dates | 🔄 567 doublons | Total: 33
2026-07-20 22:08:58,429 - INFO - 
==================================================
2026-07-20 22:08:58,431 - INFO - 📄 PAGE 401/13339
2026-07-20 22:08:58,431 - INFO - ==================================================
2026-07-20 22:08:58,445 - INFO -   ✅ +0 | ⏭️ 0 hors dates | 🔄 567 doublons | Total: 33
2026-07-20 22:09:30,490 - INFO - 
==================================================
2026-07-20 22:09:30,492 - INFO - 📄 PAGE 402/13339
2026-07-20 22:09:30,494 - INFO - ==================================================
2026-07-20 22:09:30,536 - INFO -   ✅ +0 | ⏭️ 0 hors dates | 🔄 567 doublons | Total: 33
2026-07-20 22:10:02,602 - INFO - 
==================================================
2026-07-20 22:10:02,605 - INFO - 📄 PAGE 403/13339
2026-07-20 22:10:02,607 - INFO - ==================================================
2026-07-20 22:10:02,632 - INFO -   ✅ +0 | ⏭️ 0 hors dates | 🔄 567 doublons | Total: 33
2026-07-20 22:10:34,684 - INFO - 
==================================================
2026-07-20 22:10:34,688 - INFO - 📄 PAGE 404/13339
2026-07-20 22:10:34,690 - INFO - ==================================================
2026-07-20 22:10:34,722 - INFO -   ✅ +0 | ⏭️ 0 hors dates | 🔄 567 doublons | Total: 33
2026-07-20 22:11:06,740 - INFO - 
==================================================
2026-07-20 22:11:06,742 - INFO - 📄 PAGE 405/13339
2026-07-20 22:11:06,743 - INFO - ==================================================
2026-07-20 22:11:06,755 - INFO -   ✅ +0 | ⏭️ 0 hors dates | 🔄 567 doublons | Total: 33
2026-07-20 22:11:38,800 - INFO - 
==================================================
2026-07-20 22:11:38,803 - INFO - 📄 PAGE 406/13339
2026-07-20 22:11:38,805 - INFO - ==================================================
2026-07-20 22:11:38,839 - INFO -   ✅ +0 | ⏭️ 0 hors dates | 🔄 567 doublons | Total: 33
2026-07-20 22:12:10,899 - INFO - 
==================================================
2026-07-20 22:12:10,902 - INFO - 📄 PAGE 407/13339
2026-07-20 22:12:10,904 - INFO - ==================================================
2026-07-20 22:12:10,943 - INFO -   ✅ +0 | ⏭️ 0 hors dates | 🔄 567 doublons | Total: 33
2026-07-20 22:12:42,990 - INFO - 
==================================================
2026-07-20 22:12:42,993 - INFO - 📄 PAGE 408/13339
2026-07-20 22:12:42,995 - INFO - ==================================================
2026-07-20 22:12:43,030 - INFO -   ✅ +0 | ⏭️ 0 hors dates | 🔄 567 doublons | Total: 33
2026-07-20 22:13:15,055 - INFO - 
==================================================
2026-07-20 22:13:15,055 - INFO - 📄 PAGE 409/13339
2026-07-20 22:13:15,056 - INFO - ==================================================
2026-07-20 22:13:15,061 - INFO -   ✅ +0 | ⏭️ 0 hors dates | 🔄 567 doublons | Total: 33
2026-07-20 22:13:47,104 - INFO - 
==================================================
2026-07-20 22:13:47,108 - INFO - 📄 PAGE 410/13339
2026-07-20 22:13:47,111 - INFO - ==================================================
2026-07-20 22:13:58,220 - INFO - 📊 Cache rafraîchi: 0 références en base
2026-07-20 22:13:58,237 - INFO -   ✅ +0 | ⏭️ 0 hors dates | 🔄 567 doublons | Total: 33
2026-07-20 22:14:30,269 - INFO - 
==================================================
2026-07-20 22:14:30,269 - INFO - 📄 PAGE 411/13339
2026-07-20 22:14:30,270 - INFO - ==================================================
2026-07-20 22:14:30,275 - INFO -   ✅ +0 | ⏭️ 0 hors dates | 🔄 567 doublons | Total: 33
2026-07-20 22:15:02,303 - INFO - 
==================================================
2026-07-20 22:15:02,303 - INFO - 📄 PAGE 412/13339
2026-07-20 22:15:02,304 - INFO - ==================================================
2026-07-20 22:15:02,309 - INFO -   ✅ +0 | ⏭️ 0 hors dates | 🔄 567 doublons | Total: 33
2026-07-20 22:15:34,323 - INFO - 
==================================================
2026-07-20 22:15:34,326 - INFO - 📄 PAGE 413/13339
2026-07-20 22:15:34,328 - INFO - ==================================================
2026-07-20 22:15:34,690 - INFO -   ✅ +0 | ⏭️ 0 hors dates | 🔄 567 doublons | Total: 33
2026-07-20 22:16:06,723 - INFO - 
==================================================
2026-07-20 22:16:06,726 - INFO - 📄 PAGE 414/13339
2026-07-20 22:16:06,728 - INFO - ==================================================
2026-07-20 22:16:06,756 - INFO -   ✅ +0 | ⏭️ 0 hors dates | 🔄 567 doublons | Total: 33
2026-07-20 22:16:38,790 - INFO - 
==================================================
2026-07-20 22:16:38,793 - INFO - 📄 PAGE 415/13339
2026-07-20 22:16:38,795 - INFO - ==================================================
2026-07-20 22:16:38,836 - INFO -   ✅ +0 | ⏭️ 0 hors dates | 🔄 567 doublons | Total: 33
2026-07-20 22:17:10,870 - INFO - 
==================================================
2026-07-20 22:17:10,871 - INFO - 📄 PAGE 416/13339
2026-07-20 22:17:10,871 - INFO - ==================================================
2026-07-20 22:17:10,878 - INFO -   ✅ +0 | ⏭️ 0 hors dates | 🔄 567 doublons | Total: 33
2026-07-20 22:17:42,896 - INFO - 
==================================================
2026-07-20 22:17:42,899 - INFO - 📄 PAGE 417/13339
2026-07-20 22:17:42,900 - INFO - ==================================================
2026-07-20 22:17:42,922 - INFO -   ✅ +0 | ⏭️ 0 hors dates | 🔄 567 doublons | Total: 33
2026-07-20 22:18:14,938 - INFO - 
==================================================
2026-07-20 22:18:14,938 - INFO - 📄 PAGE 418/13339
2026-07-20 22:18:14,939 - INFO - ==================================================
2026-07-20 22:18:14,944 - INFO -   ✅ +0 | ⏭️ 0 hors dates | 🔄 567 doublons | Total: 33
2026-07-20 22:18:46,959 - INFO - 
==================================================
2026-07-20 22:18:46,962 - INFO - 📄 PAGE 419/13339
2026-07-20 22:18:46,964 - INFO - ==================================================
2026-07-20 22:18:47,003 - INFO -   ✅ +0 | ⏭️ 0 hors dates | 🔄 567 doublons | Total: 33
2026-07-20 22:19:19,039 - INFO - 
==================================================
2026-07-20 22:19:19,039 - INFO - 📄 PAGE 420/13339
2026-07-20 22:19:19,040 - INFO - ==================================================
2026-07-20 22:19:19,922 - INFO - 📊 Cache rafraîchi: 723 références en base
2026-07-20 22:19:19,931 - INFO -   ✅ +0 | ⏭️ 0 hors dates | 🔄 567 doublons | Total: 33
2026-07-20 22:19:47,840 - INFO - 
==================================================
2026-07-20 22:19:47,840 - INFO - 📄 PAGE 421/13339
2026-07-20 22:19:47,841 - INFO - ==================================================
2026-07-20 22:19:48,672 - WARNING - 
⚠️ Interrompu par l'utilisateur
2026-07-20 22:19:51,946 - ERROR - Future exception was never retrieved
future: <Future finished exception=TargetClosedError('Target page, context or browser has been closed')>
playwright._impl._errors.TargetClosedError: Target page, context or browser has been closed
2026-07-20 22:19:51,947 - ERROR - Future exception was never retrieved
future: <Future finished exception=TargetClosedError('Target page, context or browser has been closed')>
playwright._impl._errors.TargetClosedError: Target page, context or browser has been closed
2026-07-20 22:19:51,948 - ERROR - Future exception was never retrieved
future: <Future finished exception=TargetClosedError('Target page, context or browser has been closed')>
playwright._impl._errors.TargetClosedError: Target page, context or browser has been closed
2026-07-20 22:19:51,986 - ERROR - Future exception was never retrieved
future: <Future finished exception=TargetClosedError('Target page, context or browser has been closed')>
playwright._impl._errors.TargetClosedError: Target page, context or browser has been closed
