2026-08-06 11:47:29,624 - INFO - 
══════════════════════════════════════════════════════════════════════
2026-08-06 11:47:29,627 - INFO -   🔍 BACKFILL - 3 DERNIERS MOIS
2026-08-06 11:47:29,628 - INFO -   ⏱️  Début: 2026-08-06 11:47:29
2026-08-06 11:47:29,630 - INFO - ══════════════════════════════════════════════════════════════════════
2026-08-06 11:47:29,844 - INFO -   🗄️  176 AO déjà en base

2026-08-06 11:47:32,660 - INFO -   🌐 Navigation vers https://www.marchespublics.gov.ma...
2026-08-06 11:47:52,488 - INFO -   ✅ Site atteint, résultats chargés
2026-08-06 11:47:52,517 - INFO -   📚 328 pages à scanner

2026-08-06 11:47:52,934 - INFO - 
──────────────────────────────────────────────────────────────────────────────────────────
2026-08-06 11:47:52,935 - INFO -   📄 PAGE 1/328
2026-08-06 11:47:52,935 - INFO - ──────────────────────────────────────────────────────────────────────────────────────────
2026-08-06 11:47:52,936 - INFO -      Tous ignorés (10 AO)
2026-08-06 11:47:52,937 - INFO -   ──────────────────────────────────────────────────────────────────────
2026-08-06 11:47:52,938 - INFO -   📊 Page 1: 10 lignes | 0 nouveaux | 10 ignorés
2026-08-06 11:47:52,938 - INFO -      ⏭️ Raisons: Déjà en base: 1, Non pertinent: 9
2026-08-06 11:47:52,939 - INFO -   ──────────────────────────────────────────────────────────────────────
2026-08-06 11:48:06,157 - INFO - 
──────────────────────────────────────────────────────────────────────────────────────────
2026-08-06 11:48:06,158 - INFO -   📄 PAGE 2/328
2026-08-06 11:48:06,158 - INFO - ──────────────────────────────────────────────────────────────────────────────────────────
2026-08-06 11:48:06,159 - INFO -      Tous ignorés (10 AO)
2026-08-06 11:48:06,160 - INFO -   ──────────────────────────────────────────────────────────────────────
2026-08-06 11:48:06,160 - INFO -   📊 Page 2: 10 lignes | 0 nouveaux | 10 ignorés
2026-08-06 11:48:06,161 - INFO -      ⏭️ Raisons: Déjà en base: 1, Non pertinent: 9
2026-08-06 11:48:06,162 - INFO -   ──────────────────────────────────────────────────────────────────────
2026-08-06 11:48:19,179 - INFO - 
──────────────────────────────────────────────────────────────────────────────────────────
2026-08-06 11:48:19,181 - INFO -   📄 PAGE 3/328
2026-08-06 11:48:19,181 - INFO - ──────────────────────────────────────────────────────────────────────────────────────────
2026-08-06 11:48:19,182 - INFO -      Tous ignorés (10 AO)
2026-08-06 11:48:19,183 - INFO -   ──────────────────────────────────────────────────────────────────────
2026-08-06 11:48:19,183 - INFO -   📊 Page 3: 10 lignes | 0 nouveaux | 10 ignorés
2026-08-06 11:48:19,184 - INFO -      ⏭️ Raisons: Déjà en base: 3, Non pertinent: 7
2026-08-06 11:48:19,185 - INFO -   ──────────────────────────────────────────────────────────────────────
2026-08-06 11:48:33,344 - INFO - 
──────────────────────────────────────────────────────────────────────────────────────────
2026-08-06 11:48:33,345 - INFO -   📄 PAGE 4/328
2026-08-06 11:48:33,346 - INFO - ──────────────────────────────────────────────────────────────────────────────────────────
2026-08-06 11:48:33,346 - INFO -      Tous ignorés (10 AO)
2026-08-06 11:48:33,347 - INFO -   ──────────────────────────────────────────────────────────────────────
2026-08-06 11:48:33,348 - INFO -   📊 Page 4: 10 lignes | 0 nouveaux | 10 ignorés
2026-08-06 11:48:33,348 - INFO -      ⏭️ Raisons: Déjà en base: 2, Non pertinent: 8
2026-08-06 11:48:33,349 - INFO -   ──────────────────────────────────────────────────────────────────────
2026-08-06 11:48:47,085 - INFO - 
──────────────────────────────────────────────────────────────────────────────────────────
2026-08-06 11:48:47,086 - INFO -   📄 PAGE 5/328
2026-08-06 11:48:47,086 - INFO - ──────────────────────────────────────────────────────────────────────────────────────────
2026-08-06 11:48:47,087 - INFO -      Tous ignorés (10 AO)
2026-08-06 11:48:47,087 - INFO -   ──────────────────────────────────────────────────────────────────────
2026-08-06 11:48:47,088 - INFO -   📊 Page 5: 10 lignes | 0 nouveaux | 10 ignorés
2026-08-06 11:48:47,088 - INFO -      ⏭️ Raisons: Déjà en base: 6, Non pertinent: 4
2026-08-06 11:48:47,089 - INFO -   ──────────────────────────────────────────────────────────────────────
2026-08-06 11:49:00,253 - INFO - 
──────────────────────────────────────────────────────────────────────────────────────────
2026-08-06 11:49:00,254 - INFO -   📄 PAGE 6/328
2026-08-06 11:49:00,254 - INFO - ──────────────────────────────────────────────────────────────────────────────────────────
2026-08-06 11:49:00,255 - INFO -      Tous ignorés (10 AO)
2026-08-06 11:49:00,256 - INFO -   ──────────────────────────────────────────────────────────────────────
2026-08-06 11:49:00,256 - INFO -   📊 Page 6: 10 lignes | 0 nouveaux | 10 ignorés
2026-08-06 11:49:00,257 - INFO -      ⏭️ Raisons: Non pertinent: 10
2026-08-06 11:49:00,258 - INFO -   ──────────────────────────────────────────────────────────────────────
2026-08-06 11:49:14,192 - INFO - 
──────────────────────────────────────────────────────────────────────────────────────────
2026-08-06 11:49:14,193 - INFO -   📄 PAGE 7/328
2026-08-06 11:49:14,194 - INFO - ──────────────────────────────────────────────────────────────────────────────────────────
2026-08-06 11:49:14,194 - INFO -      Tous ignorés (10 AO)
2026-08-06 11:49:14,195 - INFO -   ──────────────────────────────────────────────────────────────────────
2026-08-06 11:49:14,196 - INFO -   📊 Page 7: 10 lignes | 0 nouveaux | 10 ignorés
2026-08-06 11:49:14,196 - INFO -      ⏭️ Raisons: Déjà en base: 1, Non pertinent: 9
2026-08-06 11:49:14,197 - INFO -   ──────────────────────────────────────────────────────────────────────
2026-08-06 11:49:28,261 - INFO - 
──────────────────────────────────────────────────────────────────────────────────────────
2026-08-06 11:49:28,262 - INFO -   📄 PAGE 8/328
2026-08-06 11:49:28,263 - INFO - ──────────────────────────────────────────────────────────────────────────────────────────
2026-08-06 11:49:28,263 - INFO -      Tous ignorés (10 AO)
2026-08-06 11:49:28,264 - INFO -   ──────────────────────────────────────────────────────────────────────
2026-08-06 11:49:28,265 - INFO -   📊 Page 8: 10 lignes | 0 nouveaux | 10 ignorés
2026-08-06 11:49:28,265 - INFO -      ⏭️ Raisons: Non pertinent: 10
2026-08-06 11:49:28,266 - INFO -   ──────────────────────────────────────────────────────────────────────
2026-08-06 11:49:41,468 - INFO - 
──────────────────────────────────────────────────────────────────────────────────────────
2026-08-06 11:49:41,469 - INFO -   📄 PAGE 9/328
2026-08-06 11:49:41,470 - INFO - ──────────────────────────────────────────────────────────────────────────────────────────
2026-08-06 11:49:41,471 - INFO -      Tous ignorés (10 AO)
2026-08-06 11:49:41,471 - INFO -   ──────────────────────────────────────────────────────────────────────
2026-08-06 11:49:41,472 - INFO -   📊 Page 9: 10 lignes | 0 nouveaux | 10 ignorés
2026-08-06 11:49:41,473 - INFO -      ⏭️ Raisons: Non pertinent: 10
2026-08-06 11:49:41,473 - INFO -   ──────────────────────────────────────────────────────────────────────
2026-08-06 11:49:54,624 - INFO - 
──────────────────────────────────────────────────────────────────────────────────────────
2026-08-06 11:49:54,625 - INFO -   📄 PAGE 10/328
2026-08-06 11:49:54,625 - INFO - ──────────────────────────────────────────────────────────────────────────────────────────
2026-08-06 11:49:54,626 - INFO -      Tous ignorés (10 AO)
2026-08-06 11:49:54,627 - INFO -   ──────────────────────────────────────────────────────────────────────
2026-08-06 11:49:54,628 - INFO -   📊 Page 10: 10 lignes | 0 nouveaux | 10 ignorés
2026-08-06 11:49:54,629 - INFO -      ⏭️ Raisons: Déjà en base: 5, Non pertinent: 5
2026-08-06 11:49:54,629 - INFO -   ──────────────────────────────────────────────────────────────────────
2026-08-06 11:49:54,630 - INFO - 
  ⏱️  Progression: 10/328 pages | 0 AO | 0 DCE | 2 min

2026-08-06 11:50:07,846 - INFO - 
──────────────────────────────────────────────────────────────────────────────────────────
2026-08-06 11:50:07,847 - INFO -   📄 PAGE 11/328
2026-08-06 11:50:07,847 - INFO - ──────────────────────────────────────────────────────────────────────────────────────────
2026-08-06 11:50:07,848 - INFO -      Tous ignorés (10 AO)
2026-08-06 11:50:07,849 - INFO -   ──────────────────────────────────────────────────────────────────────
2026-08-06 11:50:07,849 - INFO -   📊 Page 11: 10 lignes | 0 nouveaux | 10 ignorés
2026-08-06 11:50:07,850 - INFO -      ⏭️ Raisons: Non pertinent: 10
2026-08-06 11:50:07,850 - INFO -   ──────────────────────────────────────────────────────────────────────
2026-08-06 11:50:21,182 - INFO - 
──────────────────────────────────────────────────────────────────────────────────────────
2026-08-06 11:50:21,183 - INFO -   📄 PAGE 12/328
2026-08-06 11:50:21,183 - INFO - ──────────────────────────────────────────────────────────────────────────────────────────
2026-08-06 11:50:21,184 - INFO -      Tous ignorés (10 AO)
2026-08-06 11:50:21,185 - INFO -   ──────────────────────────────────────────────────────────────────────
2026-08-06 11:50:21,186 - INFO -   📊 Page 12: 10 lignes | 0 nouveaux | 10 ignorés
2026-08-06 11:50:21,187 - INFO -      ⏭️ Raisons: Non pertinent: 10
2026-08-06 11:50:21,187 - INFO -   ──────────────────────────────────────────────────────────────────────
2026-08-06 11:50:34,758 - INFO - 
──────────────────────────────────────────────────────────────────────────────────────────
2026-08-06 11:50:34,759 - INFO -   📄 PAGE 13/328
2026-08-06 11:50:34,759 - INFO - ──────────────────────────────────────────────────────────────────────────────────────────
2026-08-06 11:50:34,760 - INFO -      Tous ignorés (10 AO)
2026-08-06 11:50:34,761 - INFO -   ──────────────────────────────────────────────────────────────────────
2026-08-06 11:50:34,761 - INFO -   📊 Page 13: 10 lignes | 0 nouveaux | 10 ignorés
2026-08-06 11:50:34,762 - INFO -      ⏭️ Raisons: Déjà en base: 1, Non pertinent: 9
2026-08-06 11:50:34,763 - INFO -   ──────────────────────────────────────────────────────────────────────
2026-08-06 11:50:48,084 - INFO - 
──────────────────────────────────────────────────────────────────────────────────────────
2026-08-06 11:50:48,084 - INFO -   📄 PAGE 14/328
2026-08-06 11:50:48,085 - INFO - ──────────────────────────────────────────────────────────────────────────────────────────
2026-08-06 11:50:48,086 - INFO -      Tous ignorés (10 AO)
2026-08-06 11:50:48,086 - INFO -   ──────────────────────────────────────────────────────────────────────
2026-08-06 11:50:48,087 - INFO -   📊 Page 14: 10 lignes | 0 nouveaux | 10 ignorés
2026-08-06 11:50:48,087 - INFO -      ⏭️ Raisons: Déjà en base: 1, Non pertinent: 9
2026-08-06 11:50:48,088 - INFO -   ──────────────────────────────────────────────────────────────────────
2026-08-06 11:51:01,537 - INFO - 
──────────────────────────────────────────────────────────────────────────────────────────
2026-08-06 11:51:01,537 - INFO -   📄 PAGE 15/328
2026-08-06 11:51:01,538 - INFO - ──────────────────────────────────────────────────────────────────────────────────────────
2026-08-06 11:51:01,539 - INFO -      Tous ignorés (10 AO)
2026-08-06 11:51:01,539 - INFO -   ──────────────────────────────────────────────────────────────────────
2026-08-06 11:51:01,540 - INFO -   📊 Page 15: 10 lignes | 0 nouveaux | 10 ignorés
2026-08-06 11:51:01,541 - INFO -      ⏭️ Raisons: Déjà en base: 1, Non pertinent: 9
2026-08-06 11:51:01,541 - INFO -   ──────────────────────────────────────────────────────────────────────
2026-08-06 11:51:15,324 - INFO - 
──────────────────────────────────────────────────────────────────────────────────────────
2026-08-06 11:51:15,326 - INFO -   📄 PAGE 16/328
2026-08-06 11:51:15,326 - INFO - ──────────────────────────────────────────────────────────────────────────────────────────
2026-08-06 11:51:15,327 - INFO -      Tous ignorés (10 AO)
2026-08-06 11:51:15,328 - INFO -   ──────────────────────────────────────────────────────────────────────
2026-08-06 11:51:15,328 - INFO -   📊 Page 16: 10 lignes | 0 nouveaux | 10 ignorés
2026-08-06 11:51:15,329 - INFO -      ⏭️ Raisons: Déjà en base: 2, Non pertinent: 8
2026-08-06 11:51:15,330 - INFO -   ──────────────────────────────────────────────────────────────────────
2026-08-06 11:51:28,423 - INFO - 
──────────────────────────────────────────────────────────────────────────────────────────
2026-08-06 11:51:28,424 - INFO -   📄 PAGE 17/328
2026-08-06 11:51:28,425 - INFO - ──────────────────────────────────────────────────────────────────────────────────────────
2026-08-06 11:51:28,425 - INFO -      Tous ignorés (10 AO)
2026-08-06 11:51:28,426 - INFO -   ──────────────────────────────────────────────────────────────────────
2026-08-06 11:51:28,427 - INFO -   📊 Page 17: 10 lignes | 0 nouveaux | 10 ignorés
2026-08-06 11:51:28,427 - INFO -      ⏭️ Raisons: Non pertinent: 10
2026-08-06 11:51:28,428 - INFO -   ──────────────────────────────────────────────────────────────────────
2026-08-06 11:51:41,460 - INFO - 
──────────────────────────────────────────────────────────────────────────────────────────
2026-08-06 11:51:41,461 - INFO -   📄 PAGE 18/328
2026-08-06 11:51:41,462 - INFO - ──────────────────────────────────────────────────────────────────────────────────────────
2026-08-06 11:51:41,462 - INFO -      Tous ignorés (10 AO)
2026-08-06 11:51:41,463 - INFO -   ──────────────────────────────────────────────────────────────────────
2026-08-06 11:51:41,464 - INFO -   📊 Page 18: 10 lignes | 0 nouveaux | 10 ignorés
2026-08-06 11:51:41,465 - INFO -      ⏭️ Raisons: Non pertinent: 10
2026-08-06 11:51:41,465 - INFO -   ──────────────────────────────────────────────────────────────────────
2026-08-06 11:51:54,747 - INFO - 
──────────────────────────────────────────────────────────────────────────────────────────
2026-08-06 11:51:54,748 - INFO -   📄 PAGE 19/328
2026-08-06 11:51:54,749 - INFO - ──────────────────────────────────────────────────────────────────────────────────────────
2026-08-06 11:51:54,749 - INFO -      Tous ignorés (10 AO)
2026-08-06 11:51:54,750 - INFO -   ──────────────────────────────────────────────────────────────────────
2026-08-06 11:51:54,751 - INFO -   📊 Page 19: 10 lignes | 0 nouveaux | 10 ignorés
2026-08-06 11:51:54,752 - INFO -      ⏭️ Raisons: Non pertinent: 10
2026-08-06 11:51:54,752 - INFO -   ──────────────────────────────────────────────────────────────────────
2026-08-06 11:52:07,658 - INFO - 
──────────────────────────────────────────────────────────────────────────────────────────
2026-08-06 11:52:07,659 - INFO -   📄 PAGE 20/328
2026-08-06 11:52:07,659 - INFO - ──────────────────────────────────────────────────────────────────────────────────────────
2026-08-06 11:52:07,660 - INFO -      Tous ignorés (10 AO)
2026-08-06 11:52:07,661 - INFO -   ──────────────────────────────────────────────────────────────────────
2026-08-06 11:52:07,661 - INFO -   📊 Page 20: 10 lignes | 0 nouveaux | 10 ignorés
2026-08-06 11:52:07,662 - INFO -      ⏭️ Raisons: Déjà en base: 3, Non pertinent: 7
2026-08-06 11:52:07,663 - INFO -   ──────────────────────────────────────────────────────────────────────
2026-08-06 11:52:07,663 - INFO - 
  ⏱️  Progression: 20/328 pages | 0 AO | 0 DCE | 4 min

2026-08-06 11:52:20,613 - INFO - 
──────────────────────────────────────────────────────────────────────────────────────────
2026-08-06 11:52:20,614 - INFO -   📄 PAGE 21/328
2026-08-06 11:52:20,614 - INFO - ──────────────────────────────────────────────────────────────────────────────────────────
2026-08-06 11:52:20,615 - INFO -      Tous ignorés (10 AO)
2026-08-06 11:52:20,616 - INFO -   ──────────────────────────────────────────────────────────────────────
2026-08-06 11:52:20,616 - INFO -   📊 Page 21: 10 lignes | 0 nouveaux | 10 ignorés
2026-08-06 11:52:20,617 - INFO -      ⏭️ Raisons: Déjà en base: 3, Non pertinent: 7
2026-08-06 11:52:20,618 - INFO -   ──────────────────────────────────────────────────────────────────────
2026-08-06 11:52:35,336 - INFO - 
──────────────────────────────────────────────────────────────────────────────────────────
2026-08-06 11:52:35,337 - INFO -   📄 PAGE 22/328
2026-08-06 11:52:35,338 - INFO - ──────────────────────────────────────────────────────────────────────────────────────────
2026-08-06 11:52:35,339 - INFO -      Tous ignorés (10 AO)
2026-08-06 11:52:35,340 - INFO -   ──────────────────────────────────────────────────────────────────────
2026-08-06 11:52:35,340 - INFO -   📊 Page 22: 10 lignes | 0 nouveaux | 10 ignorés
2026-08-06 11:52:35,342 - INFO -      ⏭️ Raisons: Déjà en base: 1, Non pertinent: 9
2026-08-06 11:52:35,343 - INFO -   ──────────────────────────────────────────────────────────────────────
2026-08-06 11:52:48,360 - INFO - 
──────────────────────────────────────────────────────────────────────────────────────────
2026-08-06 11:52:48,373 - INFO -   📄 PAGE 23/328
2026-08-06 11:52:48,373 - INFO - ──────────────────────────────────────────────────────────────────────────────────────────
2026-08-06 11:52:48,382 - INFO -      Tous ignorés (10 AO)
2026-08-06 11:52:48,383 - INFO -   ──────────────────────────────────────────────────────────────────────
2026-08-06 11:52:48,384 - INFO -   📊 Page 23: 10 lignes | 0 nouveaux | 10 ignorés
2026-08-06 11:52:48,385 - INFO -      ⏭️ Raisons: Non pertinent: 10
2026-08-06 11:52:48,385 - INFO -   ──────────────────────────────────────────────────────────────────────
2026-08-06 11:53:01,248 - INFO - 
──────────────────────────────────────────────────────────────────────────────────────────
2026-08-06 11:53:01,248 - INFO -   📄 PAGE 24/328
2026-08-06 11:53:01,249 - INFO - ──────────────────────────────────────────────────────────────────────────────────────────
2026-08-06 11:53:01,250 - INFO -      Tous ignorés (10 AO)
2026-08-06 11:53:01,250 - INFO -   ──────────────────────────────────────────────────────────────────────
2026-08-06 11:53:01,251 - INFO -   📊 Page 24: 10 lignes | 0 nouveaux | 10 ignorés
2026-08-06 11:53:01,252 - INFO -      ⏭️ Raisons: Déjà en base: 1, Non pertinent: 9
2026-08-06 11:53:01,252 - INFO -   ──────────────────────────────────────────────────────────────────────
2026-08-06 11:53:14,503 - INFO - 
──────────────────────────────────────────────────────────────────────────────────────────
2026-08-06 11:53:14,504 - INFO -   📄 PAGE 25/328
2026-08-06 11:53:14,504 - INFO - ──────────────────────────────────────────────────────────────────────────────────────────
2026-08-06 11:53:14,505 - INFO -      Tous ignorés (10 AO)
2026-08-06 11:53:14,506 - INFO -   ──────────────────────────────────────────────────────────────────────
2026-08-06 11:53:14,506 - INFO -   📊 Page 25: 10 lignes | 0 nouveaux | 10 ignorés
2026-08-06 11:53:14,507 - INFO -      ⏭️ Raisons: Non pertinent: 10
2026-08-06 11:53:14,508 - INFO -   ──────────────────────────────────────────────────────────────────────
2026-08-06 11:53:27,483 - INFO - 
──────────────────────────────────────────────────────────────────────────────────────────
2026-08-06 11:53:27,484 - INFO -   📄 PAGE 26/328
2026-08-06 11:53:27,484 - INFO - ──────────────────────────────────────────────────────────────────────────────────────────
2026-08-06 11:53:27,485 - INFO -      Tous ignorés (10 AO)
2026-08-06 11:53:27,485 - INFO -   ──────────────────────────────────────────────────────────────────────
2026-08-06 11:53:27,486 - INFO -   📊 Page 26: 10 lignes | 0 nouveaux | 10 ignorés
2026-08-06 11:53:27,487 - INFO -      ⏭️ Raisons: Non pertinent: 10
2026-08-06 11:53:27,487 - INFO -   ──────────────────────────────────────────────────────────────────────
2026-08-06 11:53:40,416 - INFO - 
──────────────────────────────────────────────────────────────────────────────────────────
2026-08-06 11:53:40,417 - INFO -   📄 PAGE 27/328
2026-08-06 11:53:40,417 - INFO - ──────────────────────────────────────────────────────────────────────────────────────────
2026-08-06 11:53:40,418 - INFO -      Tous ignorés (10 AO)
2026-08-06 11:53:40,419 - INFO -   ──────────────────────────────────────────────────────────────────────
2026-08-06 11:53:40,419 - INFO -   📊 Page 27: 10 lignes | 0 nouveaux | 10 ignorés
2026-08-06 11:53:40,420 - INFO -      ⏭️ Raisons: Déjà en base: 1, Non pertinent: 9
2026-08-06 11:53:40,421 - INFO -   ──────────────────────────────────────────────────────────────────────
2026-08-06 11:53:53,441 - INFO - 
──────────────────────────────────────────────────────────────────────────────────────────
2026-08-06 11:53:53,442 - INFO -   📄 PAGE 28/328
2026-08-06 11:53:53,443 - INFO - ──────────────────────────────────────────────────────────────────────────────────────────
2026-08-06 11:53:53,444 - INFO -      Tous ignorés (10 AO)
2026-08-06 11:53:53,444 - INFO -   ──────────────────────────────────────────────────────────────────────
2026-08-06 11:53:53,445 - INFO -   📊 Page 28: 10 lignes | 0 nouveaux | 10 ignorés
2026-08-06 11:53:53,445 - INFO -      ⏭️ Raisons: Non pertinent: 10
2026-08-06 11:53:53,446 - INFO -   ──────────────────────────────────────────────────────────────────────
2026-08-06 11:54:06,591 - INFO - 
──────────────────────────────────────────────────────────────────────────────────────────
2026-08-06 11:54:06,592 - INFO -   📄 PAGE 29/328
2026-08-06 11:54:06,593 - INFO - ──────────────────────────────────────────────────────────────────────────────────────────
2026-08-06 11:54:06,594 - INFO -      Tous ignorés (10 AO)
2026-08-06 11:54:06,594 - INFO -   ──────────────────────────────────────────────────────────────────────
2026-08-06 11:54:06,595 - INFO -   📊 Page 29: 10 lignes | 0 nouveaux | 10 ignorés
2026-08-06 11:54:06,595 - INFO -      ⏭️ Raisons: Déjà en base: 1, Non pertinent: 9
2026-08-06 11:54:06,596 - INFO -   ──────────────────────────────────────────────────────────────────────
2026-08-06 11:54:19,296 - INFO - 
──────────────────────────────────────────────────────────────────────────────────────────
2026-08-06 11:54:19,297 - INFO -   📄 PAGE 30/328
2026-08-06 11:54:19,298 - INFO - ──────────────────────────────────────────────────────────────────────────────────────────
2026-08-06 11:54:19,299 - INFO -      Tous ignorés (10 AO)
2026-08-06 11:54:19,300 - INFO -   ──────────────────────────────────────────────────────────────────────
2026-08-06 11:54:19,301 - INFO -   📊 Page 30: 10 lignes | 0 nouveaux | 10 ignorés
2026-08-06 11:54:19,302 - INFO -      ⏭️ Raisons: Déjà en base: 1, Non pertinent: 9
2026-08-06 11:54:19,304 - INFO -   ──────────────────────────────────────────────────────────────────────
2026-08-06 11:54:19,305 - INFO - 
  ⏱️  Progression: 30/328 pages | 0 AO | 0 DCE | 6 min

2026-08-06 11:54:32,605 - INFO - 
──────────────────────────────────────────────────────────────────────────────────────────
2026-08-06 11:54:32,605 - INFO -   📄 PAGE 31/328
2026-08-06 11:54:32,606 - INFO - ──────────────────────────────────────────────────────────────────────────────────────────
2026-08-06 11:54:32,607 - INFO -      Tous ignorés (10 AO)
2026-08-06 11:54:32,608 - INFO -   ──────────────────────────────────────────────────────────────────────
2026-08-06 11:54:32,609 - INFO -   📊 Page 31: 10 lignes | 0 nouveaux | 10 ignorés
2026-08-06 11:54:32,609 - INFO -      ⏭️ Raisons: Non pertinent: 10
2026-08-06 11:54:32,610 - INFO -   ──────────────────────────────────────────────────────────────────────
2026-08-06 11:54:46,148 - INFO - 
──────────────────────────────────────────────────────────────────────────────────────────
2026-08-06 11:54:46,149 - INFO -   📄 PAGE 32/328
2026-08-06 11:54:46,150 - INFO - ──────────────────────────────────────────────────────────────────────────────────────────
2026-08-06 11:54:46,151 - INFO -      Tous ignorés (10 AO)
2026-08-06 11:54:46,151 - INFO -   ──────────────────────────────────────────────────────────────────────
2026-08-06 11:54:46,152 - INFO -   📊 Page 32: 10 lignes | 0 nouveaux | 10 ignorés
2026-08-06 11:54:46,153 - INFO -      ⏭️ Raisons: Déjà en base: 1, Non pertinent: 9
2026-08-06 11:54:46,153 - INFO -   ──────────────────────────────────────────────────────────────────────
2026-08-06 11:54:59,195 - INFO - 
──────────────────────────────────────────────────────────────────────────────────────────
2026-08-06 11:54:59,196 - INFO -   📄 PAGE 33/328
2026-08-06 11:54:59,197 - INFO - ──────────────────────────────────────────────────────────────────────────────────────────
2026-08-06 11:54:59,198 - INFO -      Tous ignorés (10 AO)
2026-08-06 11:54:59,198 - INFO -   ──────────────────────────────────────────────────────────────────────
2026-08-06 11:54:59,199 - INFO -   📊 Page 33: 10 lignes | 0 nouveaux | 10 ignorés
2026-08-06 11:54:59,200 - INFO -      ⏭️ Raisons: Non pertinent: 10
2026-08-06 11:54:59,200 - INFO -   ──────────────────────────────────────────────────────────────────────
2026-08-06 11:55:12,483 - INFO - 
──────────────────────────────────────────────────────────────────────────────────────────
2026-08-06 11:55:12,484 - INFO -   📄 PAGE 34/328
2026-08-06 11:55:12,484 - INFO - ──────────────────────────────────────────────────────────────────────────────────────────
2026-08-06 11:55:12,485 - INFO -      Tous ignorés (10 AO)
2026-08-06 11:55:12,485 - INFO -   ──────────────────────────────────────────────────────────────────────
2026-08-06 11:55:12,486 - INFO -   📊 Page 34: 10 lignes | 0 nouveaux | 10 ignorés
2026-08-06 11:55:12,487 - INFO -      ⏭️ Raisons: Déjà en base: 3, Non pertinent: 7
2026-08-06 11:55:12,487 - INFO -   ──────────────────────────────────────────────────────────────────────
2026-08-06 11:55:25,401 - INFO - 
──────────────────────────────────────────────────────────────────────────────────────────
2026-08-06 11:55:25,402 - INFO -   📄 PAGE 35/328
2026-08-06 11:55:25,402 - INFO - ──────────────────────────────────────────────────────────────────────────────────────────
2026-08-06 11:55:25,403 - INFO -      Tous ignorés (10 AO)
2026-08-06 11:55:25,403 - INFO -   ──────────────────────────────────────────────────────────────────────
2026-08-06 11:55:25,404 - INFO -   📊 Page 35: 10 lignes | 0 nouveaux | 10 ignorés
2026-08-06 11:55:25,405 - INFO -      ⏭️ Raisons: Déjà en base: 3, Non pertinent: 7
2026-08-06 11:55:25,405 - INFO -   ──────────────────────────────────────────────────────────────────────
2026-08-06 11:55:39,518 - INFO - 
──────────────────────────────────────────────────────────────────────────────────────────
2026-08-06 11:55:39,519 - INFO -   📄 PAGE 36/328
2026-08-06 11:55:39,519 - INFO - ──────────────────────────────────────────────────────────────────────────────────────────
2026-08-06 11:55:39,520 - INFO -      Tous ignorés (10 AO)
2026-08-06 11:55:39,521 - INFO -   ──────────────────────────────────────────────────────────────────────
2026-08-06 11:55:39,521 - INFO -   📊 Page 36: 10 lignes | 0 nouveaux | 10 ignorés
2026-08-06 11:55:39,522 - INFO -      ⏭️ Raisons: Déjà en base: 3, Non pertinent: 7
2026-08-06 11:55:39,523 - INFO -   ──────────────────────────────────────────────────────────────────────
2026-08-06 11:55:53,409 - INFO - 
──────────────────────────────────────────────────────────────────────────────────────────
2026-08-06 11:55:53,409 - INFO -   📄 PAGE 37/328
2026-08-06 11:55:53,410 - INFO - ──────────────────────────────────────────────────────────────────────────────────────────
2026-08-06 11:55:53,411 - INFO -      Tous ignorés (10 AO)
2026-08-06 11:55:53,411 - INFO -   ──────────────────────────────────────────────────────────────────────
2026-08-06 11:55:53,412 - INFO -   📊 Page 37: 10 lignes | 0 nouveaux | 10 ignorés
2026-08-06 11:55:53,413 - INFO -      ⏭️ Raisons: Non pertinent: 10
2026-08-06 11:55:53,413 - INFO -   ──────────────────────────────────────────────────────────────────────
2026-08-06 11:56:06,412 - INFO - 
──────────────────────────────────────────────────────────────────────────────────────────
2026-08-06 11:56:06,414 - INFO -   📄 PAGE 38/328
2026-08-06 11:56:06,414 - INFO - ──────────────────────────────────────────────────────────────────────────────────────────
2026-08-06 11:56:06,415 - INFO -      Tous ignorés (10 AO)
2026-08-06 11:56:06,416 - INFO -   ──────────────────────────────────────────────────────────────────────
2026-08-06 11:56:06,416 - INFO -   📊 Page 38: 10 lignes | 0 nouveaux | 10 ignorés
2026-08-06 11:56:06,417 - INFO -      ⏭️ Raisons: Non pertinent: 10
2026-08-06 11:56:06,418 - INFO -   ──────────────────────────────────────────────────────────────────────
2026-08-06 11:56:19,513 - INFO - 
──────────────────────────────────────────────────────────────────────────────────────────
2026-08-06 11:56:19,513 - INFO -   📄 PAGE 39/328
2026-08-06 11:56:19,514 - INFO - ──────────────────────────────────────────────────────────────────────────────────────────
2026-08-06 11:56:19,515 - INFO -      Tous ignorés (10 AO)
2026-08-06 11:56:19,515 - INFO -   ──────────────────────────────────────────────────────────────────────
2026-08-06 11:56:19,516 - INFO -   📊 Page 39: 10 lignes | 0 nouveaux | 10 ignorés
2026-08-06 11:56:19,517 - INFO -      ⏭️ Raisons: Non pertinent: 10
2026-08-06 11:56:19,519 - INFO -   ──────────────────────────────────────────────────────────────────────
2026-08-06 11:56:32,592 - INFO - 
──────────────────────────────────────────────────────────────────────────────────────────
2026-08-06 11:56:32,592 - INFO -   📄 PAGE 40/328
2026-08-06 11:56:32,593 - INFO - ──────────────────────────────────────────────────────────────────────────────────────────
2026-08-06 11:56:32,594 - INFO -      Tous ignorés (10 AO)
2026-08-06 11:56:32,595 - INFO -   ──────────────────────────────────────────────────────────────────────
2026-08-06 11:56:32,595 - INFO -   📊 Page 40: 10 lignes | 0 nouveaux | 10 ignorés
2026-08-06 11:56:32,596 - INFO -      ⏭️ Raisons: Non pertinent: 10
2026-08-06 11:56:32,597 - INFO -   ──────────────────────────────────────────────────────────────────────
2026-08-06 11:56:32,597 - INFO - 
  ⏱️  Progression: 40/328 pages | 0 AO | 0 DCE | 9 min

2026-08-06 11:56:45,817 - INFO - 
──────────────────────────────────────────────────────────────────────────────────────────
2026-08-06 11:56:45,818 - INFO -   📄 PAGE 41/328
2026-08-06 11:56:45,818 - INFO - ──────────────────────────────────────────────────────────────────────────────────────────
2026-08-06 11:56:45,819 - INFO -      Tous ignorés (10 AO)
2026-08-06 11:56:45,820 - INFO -   ──────────────────────────────────────────────────────────────────────
2026-08-06 11:56:45,820 - INFO -   📊 Page 41: 10 lignes | 0 nouveaux | 10 ignorés
2026-08-06 11:56:45,821 - INFO -      ⏭️ Raisons: Non pertinent: 10
2026-08-06 11:56:45,822 - INFO -   ──────────────────────────────────────────────────────────────────────
2026-08-06 11:56:59,021 - INFO - 
──────────────────────────────────────────────────────────────────────────────────────────
2026-08-06 11:56:59,022 - INFO -   📄 PAGE 42/328
2026-08-06 11:56:59,022 - INFO - ──────────────────────────────────────────────────────────────────────────────────────────
2026-08-06 11:56:59,023 - INFO -      Tous ignorés (10 AO)
2026-08-06 11:56:59,024 - INFO -   ──────────────────────────────────────────────────────────────────────
2026-08-06 11:56:59,025 - INFO -   📊 Page 42: 10 lignes | 0 nouveaux | 10 ignorés
2026-08-06 11:56:59,025 - INFO -      ⏭️ Raisons: Déjà en base: 1, Non pertinent: 9
2026-08-06 11:56:59,026 - INFO -   ──────────────────────────────────────────────────────────────────────
2026-08-06 11:57:12,242 - INFO - 
──────────────────────────────────────────────────────────────────────────────────────────
2026-08-06 11:57:12,242 - INFO -   📄 PAGE 43/328
2026-08-06 11:57:12,243 - INFO - ──────────────────────────────────────────────────────────────────────────────────────────
2026-08-06 11:58:23,896 - INFO -   #1    📋 TRAVAUX DE CONSTRUCTION DE RESERVOIR D’EAU POTABLE  AU DOUAR  AIT MARJI A L ⭐  36%  ⏰ 33j      📥 📦 Avis, RC
2026-08-06 11:58:23,901 - INFO -   ──────────────────────────────────────────────────────────────────────
2026-08-06 11:58:23,907 - INFO -   📊 Page 43: 10 lignes | 1 nouveaux | 9 ignorés
2026-08-06 11:58:23,911 - INFO -      ⏭️ Raisons: Déjà en base: 1, Non pertinent: 8
2026-08-06 11:58:23,927 - INFO -   ──────────────────────────────────────────────────────────────────────
2026-08-06 11:58:37,173 - INFO - 
──────────────────────────────────────────────────────────────────────────────────────────
2026-08-06 11:58:37,174 - INFO -   📄 PAGE 44/328
2026-08-06 11:58:37,174 - INFO - ──────────────────────────────────────────────────────────────────────────────────────────
2026-08-06 11:58:37,175 - INFO -      Tous ignorés (10 AO)
2026-08-06 11:58:37,176 - INFO -   ──────────────────────────────────────────────────────────────────────
2026-08-06 11:58:37,177 - INFO -   📊 Page 44: 10 lignes | 0 nouveaux | 10 ignorés
2026-08-06 11:58:37,177 - INFO -      ⏭️ Raisons: Déjà en base: 2, Non pertinent: 8
2026-08-06 11:58:37,178 - INFO -   ──────────────────────────────────────────────────────────────────────
2026-08-06 11:58:50,639 - INFO - 
──────────────────────────────────────────────────────────────────────────────────────────
2026-08-06 11:58:50,640 - INFO -   📄 PAGE 45/328
2026-08-06 11:58:50,640 - INFO - ──────────────────────────────────────────────────────────────────────────────────────────
2026-08-06 11:58:50,641 - INFO -      Tous ignorés (10 AO)
2026-08-06 11:58:50,642 - INFO -   ──────────────────────────────────────────────────────────────────────
2026-08-06 11:58:50,642 - INFO -   📊 Page 45: 10 lignes | 0 nouveaux | 10 ignorés
2026-08-06 11:58:50,643 - INFO -      ⏭️ Raisons: Non pertinent: 10
2026-08-06 11:58:50,644 - INFO -   ──────────────────────────────────────────────────────────────────────
2026-08-06 11:59:03,694 - INFO - 
──────────────────────────────────────────────────────────────────────────────────────────
2026-08-06 11:59:03,695 - INFO -   📄 PAGE 46/328
2026-08-06 11:59:03,695 - INFO - ──────────────────────────────────────────────────────────────────────────────────────────
2026-08-06 11:59:03,696 - INFO -      Tous ignorés (10 AO)
2026-08-06 11:59:03,697 - INFO -   ──────────────────────────────────────────────────────────────────────
2026-08-06 11:59:03,697 - INFO -   📊 Page 46: 10 lignes | 0 nouveaux | 10 ignorés
2026-08-06 11:59:03,698 - INFO -      ⏭️ Raisons: Non pertinent: 10
2026-08-06 11:59:03,699 - INFO -   ──────────────────────────────────────────────────────────────────────
2026-08-06 11:59:17,228 - INFO - 
──────────────────────────────────────────────────────────────────────────────────────────
2026-08-06 11:59:17,229 - INFO -   📄 PAGE 47/328
2026-08-06 11:59:17,230 - INFO - ──────────────────────────────────────────────────────────────────────────────────────────
2026-08-06 11:59:17,231 - INFO -      Tous ignorés (10 AO)
2026-08-06 11:59:17,231 - INFO -   ──────────────────────────────────────────────────────────────────────
2026-08-06 11:59:17,232 - INFO -   📊 Page 47: 10 lignes | 0 nouveaux | 10 ignorés
2026-08-06 11:59:17,233 - INFO -      ⏭️ Raisons: Non pertinent: 10
2026-08-06 11:59:17,235 - INFO -   ──────────────────────────────────────────────────────────────────────
2026-08-06 11:59:30,405 - INFO - 
──────────────────────────────────────────────────────────────────────────────────────────
2026-08-06 11:59:30,406 - INFO -   📄 PAGE 48/328
2026-08-06 11:59:30,407 - INFO - ──────────────────────────────────────────────────────────────────────────────────────────
2026-08-06 11:59:30,407 - INFO -      Tous ignorés (10 AO)
2026-08-06 11:59:30,408 - INFO -   ──────────────────────────────────────────────────────────────────────
2026-08-06 11:59:30,408 - INFO -   📊 Page 48: 10 lignes | 0 nouveaux | 10 ignorés
2026-08-06 11:59:30,409 - INFO -      ⏭️ Raisons: Non pertinent: 10
2026-08-06 11:59:30,410 - INFO -   ──────────────────────────────────────────────────────────────────────
2026-08-06 11:59:43,664 - INFO - 
──────────────────────────────────────────────────────────────────────────────────────────
2026-08-06 11:59:43,664 - INFO -   📄 PAGE 49/328
2026-08-06 11:59:43,665 - INFO - ──────────────────────────────────────────────────────────────────────────────────────────
2026-08-06 11:59:43,666 - INFO -      Tous ignorés (10 AO)
2026-08-06 11:59:43,666 - INFO -   ──────────────────────────────────────────────────────────────────────
2026-08-06 11:59:43,667 - INFO -   📊 Page 49: 10 lignes | 0 nouveaux | 10 ignorés
2026-08-06 11:59:43,668 - INFO -      ⏭️ Raisons: Non pertinent: 10
2026-08-06 11:59:43,668 - INFO -   ──────────────────────────────────────────────────────────────────────
2026-08-06 11:59:56,814 - INFO - 
──────────────────────────────────────────────────────────────────────────────────────────
2026-08-06 11:59:56,815 - INFO -   📄 PAGE 50/328
2026-08-06 11:59:56,815 - INFO - ──────────────────────────────────────────────────────────────────────────────────────────
2026-08-06 11:59:56,816 - INFO -      Tous ignorés (10 AO)
2026-08-06 11:59:56,817 - INFO -   ──────────────────────────────────────────────────────────────────────
2026-08-06 11:59:56,817 - INFO -   📊 Page 50: 10 lignes | 0 nouveaux | 10 ignorés
2026-08-06 11:59:56,818 - INFO -      ⏭️ Raisons: Déjà en base: 3, Non pertinent: 7
2026-08-06 11:59:56,819 - INFO -   ──────────────────────────────────────────────────────────────────────
2026-08-06 11:59:56,819 - INFO - 
  ⏱️  Progression: 50/328 pages | 1 AO | 1 DCE | 12 min

2026-08-06 12:00:09,912 - INFO - 
──────────────────────────────────────────────────────────────────────────────────────────
2026-08-06 12:00:09,913 - INFO -   📄 PAGE 51/328
2026-08-06 12:00:09,913 - INFO - ──────────────────────────────────────────────────────────────────────────────────────────
2026-08-06 12:00:09,914 - INFO -      Tous ignorés (10 AO)
2026-08-06 12:00:09,915 - INFO -   ──────────────────────────────────────────────────────────────────────
2026-08-06 12:00:09,915 - INFO -   📊 Page 51: 10 lignes | 0 nouveaux | 10 ignorés
2026-08-06 12:00:09,916 - INFO -      ⏭️ Raisons: Non pertinent: 10
2026-08-06 12:00:09,917 - INFO -   ──────────────────────────────────────────────────────────────────────
2026-08-06 12:00:23,539 - INFO - 
──────────────────────────────────────────────────────────────────────────────────────────
2026-08-06 12:00:23,540 - INFO -   📄 PAGE 52/328
2026-08-06 12:00:23,541 - INFO - ──────────────────────────────────────────────────────────────────────────────────────────
2026-08-06 12:00:23,541 - INFO -      Tous ignorés (10 AO)
2026-08-06 12:00:23,542 - INFO -   ──────────────────────────────────────────────────────────────────────
2026-08-06 12:00:23,543 - INFO -   📊 Page 52: 10 lignes | 0 nouveaux | 10 ignorés
2026-08-06 12:00:23,543 - INFO -      ⏭️ Raisons: Non pertinent: 10
2026-08-06 12:00:23,544 - INFO -   ──────────────────────────────────────────────────────────────────────
2026-08-06 12:00:36,614 - INFO - 
──────────────────────────────────────────────────────────────────────────────────────────
2026-08-06 12:00:36,615 - INFO -   📄 PAGE 53/328
2026-08-06 12:00:36,616 - INFO - ──────────────────────────────────────────────────────────────────────────────────────────
2026-08-06 12:00:36,616 - INFO -      Tous ignorés (10 AO)
2026-08-06 12:00:36,617 - INFO -   ──────────────────────────────────────────────────────────────────────
2026-08-06 12:00:36,618 - INFO -   📊 Page 53: 10 lignes | 0 nouveaux | 10 ignorés
2026-08-06 12:00:36,618 - INFO -      ⏭️ Raisons: Déjà en base: 1, Non pertinent: 9
2026-08-06 12:00:36,619 - INFO -   ──────────────────────────────────────────────────────────────────────
2026-08-06 12:00:49,610 - INFO - 
──────────────────────────────────────────────────────────────────────────────────────────
2026-08-06 12:00:49,610 - INFO -   📄 PAGE 54/328
2026-08-06 12:00:49,611 - INFO - ──────────────────────────────────────────────────────────────────────────────────────────
2026-08-06 12:00:49,612 - INFO -      Tous ignorés (10 AO)
2026-08-06 12:00:49,612 - INFO -   ──────────────────────────────────────────────────────────────────────
2026-08-06 12:00:49,613 - INFO -   📊 Page 54: 10 lignes | 0 nouveaux | 10 ignorés
2026-08-06 12:00:49,614 - INFO -      ⏭️ Raisons: Non pertinent: 10
2026-08-06 12:00:49,614 - INFO -   ──────────────────────────────────────────────────────────────────────
2026-08-06 12:01:02,909 - INFO - 
──────────────────────────────────────────────────────────────────────────────────────────
2026-08-06 12:01:02,910 - INFO -   📄 PAGE 55/328
2026-08-06 12:01:02,911 - INFO - ──────────────────────────────────────────────────────────────────────────────────────────
2026-08-06 12:01:02,911 - INFO -      Tous ignorés (10 AO)
2026-08-06 12:01:02,912 - INFO -   ──────────────────────────────────────────────────────────────────────
2026-08-06 12:01:02,913 - INFO -   📊 Page 55: 10 lignes | 0 nouveaux | 10 ignorés
2026-08-06 12:01:02,913 - INFO -      ⏭️ Raisons: Déjà en base: 4, Non pertinent: 6
2026-08-06 12:01:02,914 - INFO -   ──────────────────────────────────────────────────────────────────────
2026-08-06 12:01:16,767 - INFO - 
──────────────────────────────────────────────────────────────────────────────────────────
2026-08-06 12:01:16,768 - INFO -   📄 PAGE 56/328
2026-08-06 12:01:16,769 - INFO - ──────────────────────────────────────────────────────────────────────────────────────────
2026-08-06 12:01:16,769 - INFO -      Tous ignorés (10 AO)
2026-08-06 12:01:16,770 - INFO -   ──────────────────────────────────────────────────────────────────────
2026-08-06 12:01:16,771 - INFO -   📊 Page 56: 10 lignes | 0 nouveaux | 10 ignorés
2026-08-06 12:01:16,772 - INFO -      ⏭️ Raisons: Non pertinent: 10
2026-08-06 12:01:16,772 - INFO -   ──────────────────────────────────────────────────────────────────────
2026-08-06 12:01:30,289 - INFO - 
──────────────────────────────────────────────────────────────────────────────────────────
2026-08-06 12:01:30,290 - INFO -   📄 PAGE 57/328
2026-08-06 12:01:30,291 - INFO - ──────────────────────────────────────────────────────────────────────────────────────────
2026-08-06 12:01:30,292 - INFO -      Tous ignorés (10 AO)
2026-08-06 12:01:30,292 - INFO -   ──────────────────────────────────────────────────────────────────────
2026-08-06 12:01:30,293 - INFO -   📊 Page 57: 10 lignes | 0 nouveaux | 10 ignorés
2026-08-06 12:01:30,293 - INFO -      ⏭️ Raisons: Déjà en base: 6, Non pertinent: 4
2026-08-06 12:01:30,294 - INFO -   ──────────────────────────────────────────────────────────────────────
2026-08-06 12:01:43,400 - INFO - 
──────────────────────────────────────────────────────────────────────────────────────────
2026-08-06 12:01:43,401 - INFO -   📄 PAGE 58/328
2026-08-06 12:01:43,402 - INFO - ──────────────────────────────────────────────────────────────────────────────────────────
2026-08-06 12:01:43,402 - INFO -      Tous ignorés (10 AO)
2026-08-06 12:01:43,405 - INFO -   ──────────────────────────────────────────────────────────────────────
2026-08-06 12:01:43,407 - INFO -   📊 Page 58: 10 lignes | 0 nouveaux | 10 ignorés
2026-08-06 12:01:43,408 - INFO -      ⏭️ Raisons: Déjà en base: 4, Non pertinent: 6
2026-08-06 12:01:43,409 - INFO -   ──────────────────────────────────────────────────────────────────────
2026-08-06 12:01:56,654 - INFO - 
──────────────────────────────────────────────────────────────────────────────────────────
2026-08-06 12:01:56,655 - INFO -   📄 PAGE 59/328
2026-08-06 12:01:56,655 - INFO - ──────────────────────────────────────────────────────────────────────────────────────────
2026-08-06 12:01:56,656 - INFO -      Tous ignorés (10 AO)
2026-08-06 12:01:56,656 - INFO -   ──────────────────────────────────────────────────────────────────────
2026-08-06 12:01:56,657 - INFO -   📊 Page 59: 10 lignes | 0 nouveaux | 10 ignorés
2026-08-06 12:01:56,658 - INFO -      ⏭️ Raisons: Non pertinent: 10
2026-08-06 12:01:56,658 - INFO -   ──────────────────────────────────────────────────────────────────────
2026-08-06 12:02:10,209 - INFO - 
──────────────────────────────────────────────────────────────────────────────────────────
2026-08-06 12:02:10,210 - INFO -   📄 PAGE 60/328
2026-08-06 12:02:10,211 - INFO - ──────────────────────────────────────────────────────────────────────────────────────────
2026-08-06 12:02:10,212 - INFO -      Tous ignorés (10 AO)
2026-08-06 12:02:10,212 - INFO -   ──────────────────────────────────────────────────────────────────────
2026-08-06 12:02:10,213 - INFO -   📊 Page 60: 10 lignes | 0 nouveaux | 10 ignorés
2026-08-06 12:02:10,214 - INFO -      ⏭️ Raisons: Déjà en base: 1, Non pertinent: 9
2026-08-06 12:02:10,214 - INFO -   ──────────────────────────────────────────────────────────────────────
2026-08-06 12:02:10,216 - INFO - 
  ⏱️  Progression: 60/328 pages | 1 AO | 1 DCE | 14 min

2026-08-06 12:02:24,099 - INFO - 
──────────────────────────────────────────────────────────────────────────────────────────
2026-08-06 12:02:24,100 - INFO -   📄 PAGE 61/328
2026-08-06 12:02:24,100 - INFO - ──────────────────────────────────────────────────────────────────────────────────────────
2026-08-06 12:02:24,101 - INFO -      Tous ignorés (10 AO)
2026-08-06 12:02:24,101 - INFO -   ──────────────────────────────────────────────────────────────────────
2026-08-06 12:02:24,102 - INFO -   📊 Page 61: 10 lignes | 0 nouveaux | 10 ignorés
2026-08-06 12:02:24,103 - INFO -      ⏭️ Raisons: Non pertinent: 10
2026-08-06 12:02:24,104 - INFO -   ──────────────────────────────────────────────────────────────────────
2026-08-06 12:02:37,132 - INFO - 
──────────────────────────────────────────────────────────────────────────────────────────
2026-08-06 12:02:37,133 - INFO -   📄 PAGE 62/328
2026-08-06 12:02:37,133 - INFO - ──────────────────────────────────────────────────────────────────────────────────────────
2026-08-06 12:02:37,134 - INFO -      Tous ignorés (10 AO)
2026-08-06 12:02:37,135 - INFO -   ──────────────────────────────────────────────────────────────────────
2026-08-06 12:02:37,136 - INFO -   📊 Page 62: 10 lignes | 0 nouveaux | 10 ignorés
2026-08-06 12:02:37,136 - INFO -      ⏭️ Raisons: Non pertinent: 10
2026-08-06 12:02:37,137 - INFO -   ──────────────────────────────────────────────────────────────────────
2026-08-06 12:02:51,972 - INFO - 
──────────────────────────────────────────────────────────────────────────────────────────
2026-08-06 12:02:51,973 - INFO -   📄 PAGE 63/328
2026-08-06 12:02:51,973 - INFO - ──────────────────────────────────────────────────────────────────────────────────────────
2026-08-06 12:02:51,974 - INFO -      Tous ignorés (10 AO)
2026-08-06 12:02:51,975 - INFO -   ──────────────────────────────────────────────────────────────────────
2026-08-06 12:02:51,976 - INFO -   📊 Page 63: 10 lignes | 0 nouveaux | 10 ignorés
2026-08-06 12:02:51,976 - INFO -      ⏭️ Raisons: Déjà en base: 5, Non pertinent: 5
2026-08-06 12:02:51,977 - INFO -   ──────────────────────────────────────────────────────────────────────
2026-08-06 12:03:05,126 - INFO - 
──────────────────────────────────────────────────────────────────────────────────────────
2026-08-06 12:03:05,127 - INFO -   📄 PAGE 64/328
2026-08-06 12:03:05,127 - INFO - ──────────────────────────────────────────────────────────────────────────────────────────
2026-08-06 12:03:05,128 - INFO -      Tous ignorés (10 AO)
2026-08-06 12:03:05,129 - INFO -   ──────────────────────────────────────────────────────────────────────
2026-08-06 12:03:05,129 - INFO -   📊 Page 64: 10 lignes | 0 nouveaux | 10 ignorés
2026-08-06 12:03:05,130 - INFO -      ⏭️ Raisons: Déjà en base: 1, Non pertinent: 9
2026-08-06 12:03:05,131 - INFO -   ──────────────────────────────────────────────────────────────────────
2026-08-06 12:03:17,988 - INFO - 
──────────────────────────────────────────────────────────────────────────────────────────
2026-08-06 12:03:17,988 - INFO -   📄 PAGE 65/328
2026-08-06 12:03:17,989 - INFO - ──────────────────────────────────────────────────────────────────────────────────────────
2026-08-06 12:03:17,990 - INFO -      Tous ignorés (10 AO)
2026-08-06 12:03:17,990 - INFO -   ──────────────────────────────────────────────────────────────────────
2026-08-06 12:03:17,991 - INFO -   📊 Page 65: 10 lignes | 0 nouveaux | 10 ignorés
2026-08-06 12:03:17,992 - INFO -      ⏭️ Raisons: Non pertinent: 10
2026-08-06 12:03:17,993 - INFO -   ──────────────────────────────────────────────────────────────────────
2026-08-06 12:03:31,019 - INFO - 
──────────────────────────────────────────────────────────────────────────────────────────
2026-08-06 12:03:31,020 - INFO -   📄 PAGE 66/328
2026-08-06 12:03:31,021 - INFO - ──────────────────────────────────────────────────────────────────────────────────────────
2026-08-06 12:03:31,021 - INFO -      Tous ignorés (10 AO)
2026-08-06 12:03:31,022 - INFO -   ──────────────────────────────────────────────────────────────────────
2026-08-06 12:03:31,023 - INFO -   📊 Page 66: 10 lignes | 0 nouveaux | 10 ignorés
2026-08-06 12:03:31,024 - INFO -      ⏭️ Raisons: Non pertinent: 10
2026-08-06 12:03:31,024 - INFO -   ──────────────────────────────────────────────────────────────────────
2026-08-06 12:03:44,471 - INFO - 
──────────────────────────────────────────────────────────────────────────────────────────
2026-08-06 12:03:44,472 - INFO -   📄 PAGE 67/328
2026-08-06 12:03:44,472 - INFO - ──────────────────────────────────────────────────────────────────────────────────────────
2026-08-06 12:03:44,473 - INFO -      Tous ignorés (10 AO)
2026-08-06 12:03:44,474 - INFO -   ──────────────────────────────────────────────────────────────────────
2026-08-06 12:03:44,474 - INFO -   📊 Page 67: 10 lignes | 0 nouveaux | 10 ignorés
2026-08-06 12:03:44,475 - INFO -      ⏭️ Raisons: Non pertinent: 10
2026-08-06 12:03:44,475 - INFO -   ──────────────────────────────────────────────────────────────────────
2026-08-06 12:03:57,541 - INFO - 
──────────────────────────────────────────────────────────────────────────────────────────
2026-08-06 12:03:57,542 - INFO -   📄 PAGE 68/328
2026-08-06 12:03:57,542 - INFO - ──────────────────────────────────────────────────────────────────────────────────────────
2026-08-06 12:03:57,543 - INFO -      Tous ignorés (10 AO)
2026-08-06 12:03:57,544 - INFO -   ──────────────────────────────────────────────────────────────────────
2026-08-06 12:03:57,544 - INFO -   📊 Page 68: 10 lignes | 0 nouveaux | 10 ignorés
2026-08-06 12:03:57,545 - INFO -      ⏭️ Raisons: Déjà en base: 2, Non pertinent: 8
2026-08-06 12:03:57,546 - INFO -   ──────────────────────────────────────────────────────────────────────
2026-08-06 12:04:10,443 - INFO - 
──────────────────────────────────────────────────────────────────────────────────────────
2026-08-06 12:04:10,444 - INFO -   📄 PAGE 69/328
2026-08-06 12:04:10,445 - INFO - ──────────────────────────────────────────────────────────────────────────────────────────
2026-08-06 12:11:02,883 - INFO -   #2    📋 Maintenance des équipements hydromécaniques et électriques des STEP et des  ⭐  37%  ⏰ 27j      📥 📦 Avis, RC, BP
2026-08-06 12:11:02,887 - INFO -   ──────────────────────────────────────────────────────────────────────
2026-08-06 12:11:02,892 - INFO -   📊 Page 69: 10 lignes | 1 nouveaux | 9 ignorés
2026-08-06 12:11:02,903 - INFO -      ⏭️ Raisons: Déjà en base: 1, Non pertinent: 8
2026-08-06 12:11:02,905 - INFO -   ──────────────────────────────────────────────────────────────────────
2026-08-06 12:11:16,572 - INFO - 
──────────────────────────────────────────────────────────────────────────────────────────
2026-08-06 12:11:16,573 - INFO -   📄 PAGE 70/328
2026-08-06 12:11:16,574 - INFO - ──────────────────────────────────────────────────────────────────────────────────────────
2026-08-06 12:11:16,574 - INFO -      Tous ignorés (10 AO)
2026-08-06 12:11:16,575 - INFO -   ──────────────────────────────────────────────────────────────────────
2026-08-06 12:11:16,576 - INFO -   📊 Page 70: 10 lignes | 0 nouveaux | 10 ignorés
2026-08-06 12:11:16,577 - INFO -      ⏭️ Raisons: Non pertinent: 10
2026-08-06 12:11:16,577 - INFO -   ──────────────────────────────────────────────────────────────────────
2026-08-06 12:11:16,578 - INFO - 
  ⏱️  Progression: 70/328 pages | 2 AO | 2 DCE | 23 min

2026-08-06 12:11:29,910 - INFO - 
──────────────────────────────────────────────────────────────────────────────────────────
2026-08-06 12:11:29,911 - INFO -   📄 PAGE 71/328
2026-08-06 12:11:29,911 - INFO - ──────────────────────────────────────────────────────────────────────────────────────────
2026-08-06 12:19:22,144 - INFO -   #3    📋 Assainissement des eaux usées des usines ASAT et MDM à la ville de Tan Tan. ⭐  35%  ⏰ 27j      📥 📦 Avis, RC, BP
2026-08-06 12:19:22,146 - INFO -   ──────────────────────────────────────────────────────────────────────
2026-08-06 12:19:22,148 - INFO -   📊 Page 71: 10 lignes | 1 nouveaux | 9 ignorés
2026-08-06 12:19:22,150 - INFO -      ⏭️ Raisons: Non pertinent: 9
2026-08-06 12:19:22,153 - INFO -   ──────────────────────────────────────────────────────────────────────
2026-08-06 12:19:37,362 - INFO - 
──────────────────────────────────────────────────────────────────────────────────────────
2026-08-06 12:19:37,363 - INFO -   📄 PAGE 72/328
2026-08-06 12:19:37,364 - INFO - ──────────────────────────────────────────────────────────────────────────────────────────
2026-08-06 12:19:37,364 - INFO -      Tous ignorés (10 AO)
2026-08-06 12:19:37,365 - INFO -   ──────────────────────────────────────────────────────────────────────
2026-08-06 12:19:37,365 - INFO -   📊 Page 72: 10 lignes | 0 nouveaux | 10 ignorés
2026-08-06 12:19:37,366 - INFO -      ⏭️ Raisons: Déjà en base: 1, Non pertinent: 9
2026-08-06 12:19:37,366 - INFO -   ──────────────────────────────────────────────────────────────────────
2026-08-06 12:19:50,511 - INFO - 
──────────────────────────────────────────────────────────────────────────────────────────
2026-08-06 12:19:50,512 - INFO -   📄 PAGE 73/328
2026-08-06 12:19:50,513 - INFO - ──────────────────────────────────────────────────────────────────────────────────────────
2026-08-06 12:19:50,514 - INFO -      Tous ignorés (10 AO)
2026-08-06 12:19:50,514 - INFO -   ──────────────────────────────────────────────────────────────────────
2026-08-06 12:19:50,515 - INFO -   📊 Page 73: 10 lignes | 0 nouveaux | 10 ignorés
2026-08-06 12:19:50,516 - INFO -      ⏭️ Raisons: Non pertinent: 10
2026-08-06 12:19:50,516 - INFO -   ──────────────────────────────────────────────────────────────────────
2026-08-06 12:20:03,834 - INFO - 
──────────────────────────────────────────────────────────────────────────────────────────
2026-08-06 12:20:03,835 - INFO -   📄 PAGE 74/328
2026-08-06 12:20:03,836 - INFO - ──────────────────────────────────────────────────────────────────────────────────────────
2026-08-06 12:20:03,837 - INFO -      Tous ignorés (10 AO)
2026-08-06 12:20:03,837 - INFO -   ──────────────────────────────────────────────────────────────────────
2026-08-06 12:20:03,838 - INFO -   📊 Page 74: 10 lignes | 0 nouveaux | 10 ignorés
2026-08-06 12:20:03,839 - INFO -      ⏭️ Raisons: Non pertinent: 10
2026-08-06 12:20:03,840 - INFO -   ──────────────────────────────────────────────────────────────────────
2026-08-06 12:20:16,729 - INFO - 
──────────────────────────────────────────────────────────────────────────────────────────
2026-08-06 12:20:16,730 - INFO -   📄 PAGE 75/328
2026-08-06 12:20:16,730 - INFO - ──────────────────────────────────────────────────────────────────────────────────────────
2026-08-06 12:20:16,731 - INFO -      Tous ignorés (10 AO)
2026-08-06 12:20:16,732 - INFO -   ──────────────────────────────────────────────────────────────────────
2026-08-06 12:20:16,732 - INFO -   📊 Page 75: 10 lignes | 0 nouveaux | 10 ignorés
2026-08-06 12:20:16,733 - INFO -      ⏭️ Raisons: Déjà en base: 4, Non pertinent: 6
2026-08-06 12:20:16,733 - INFO -   ──────────────────────────────────────────────────────────────────────
2026-08-06 12:20:30,030 - INFO - 
──────────────────────────────────────────────────────────────────────────────────────────
2026-08-06 12:20:30,030 - INFO -   📄 PAGE 76/328
2026-08-06 12:20:30,031 - INFO - ──────────────────────────────────────────────────────────────────────────────────────────
2026-08-06 12:20:30,032 - INFO -      Tous ignorés (10 AO)
2026-08-06 12:20:30,032 - INFO -   ──────────────────────────────────────────────────────────────────────
2026-08-06 12:20:30,033 - INFO -   📊 Page 76: 10 lignes | 0 nouveaux | 10 ignorés
2026-08-06 12:20:30,034 - INFO -      ⏭️ Raisons: Non pertinent: 10
2026-08-06 12:20:30,034 - INFO -   ──────────────────────────────────────────────────────────────────────
2026-08-06 12:20:43,136 - INFO - 
──────────────────────────────────────────────────────────────────────────────────────────
2026-08-06 12:20:43,136 - INFO -   📄 PAGE 77/328
2026-08-06 12:20:43,137 - INFO - ──────────────────────────────────────────────────────────────────────────────────────────
2026-08-06 12:20:43,138 - INFO -      Tous ignorés (10 AO)
2026-08-06 12:20:43,138 - INFO -   ──────────────────────────────────────────────────────────────────────
2026-08-06 12:20:43,139 - INFO -   📊 Page 77: 10 lignes | 0 nouveaux | 10 ignorés
2026-08-06 12:20:43,140 - INFO -      ⏭️ Raisons: Non pertinent: 10
2026-08-06 12:20:43,140 - INFO -   ──────────────────────────────────────────────────────────────────────
2026-08-06 12:20:56,402 - INFO - 
──────────────────────────────────────────────────────────────────────────────────────────
2026-08-06 12:20:56,403 - INFO -   📄 PAGE 78/328
2026-08-06 12:20:56,404 - INFO - ──────────────────────────────────────────────────────────────────────────────────────────
2026-08-06 12:20:56,405 - INFO -      Tous ignorés (10 AO)
2026-08-06 12:20:56,406 - INFO -   ──────────────────────────────────────────────────────────────────────
2026-08-06 12:20:56,406 - INFO -   📊 Page 78: 10 lignes | 0 nouveaux | 10 ignorés
2026-08-06 12:20:56,407 - INFO -      ⏭️ Raisons: Déjà en base: 1, Non pertinent: 9
2026-08-06 12:20:56,407 - INFO -   ──────────────────────────────────────────────────────────────────────
2026-08-06 12:21:10,445 - INFO - 
──────────────────────────────────────────────────────────────────────────────────────────
2026-08-06 12:21:10,446 - INFO -   📄 PAGE 79/328
2026-08-06 12:21:10,446 - INFO - ──────────────────────────────────────────────────────────────────────────────────────────
2026-08-06 12:21:10,447 - INFO -      Tous ignorés (10 AO)
2026-08-06 12:21:10,447 - INFO -   ──────────────────────────────────────────────────────────────────────
2026-08-06 12:21:10,448 - INFO -   📊 Page 79: 10 lignes | 0 nouveaux | 10 ignorés
2026-08-06 12:21:10,449 - INFO -      ⏭️ Raisons: Non pertinent: 10
2026-08-06 12:21:10,449 - INFO -   ──────────────────────────────────────────────────────────────────────
2026-08-06 12:21:24,875 - INFO - 
──────────────────────────────────────────────────────────────────────────────────────────
2026-08-06 12:21:24,875 - INFO -   📄 PAGE 80/328
2026-08-06 12:21:24,876 - INFO - ──────────────────────────────────────────────────────────────────────────────────────────
2026-08-06 12:21:24,877 - INFO -      Tous ignorés (10 AO)
2026-08-06 12:21:24,877 - INFO -   ──────────────────────────────────────────────────────────────────────
2026-08-06 12:21:24,878 - INFO -   📊 Page 80: 10 lignes | 0 nouveaux | 10 ignorés
2026-08-06 12:21:24,879 - INFO -      ⏭️ Raisons: Déjà en base: 1, Non pertinent: 9
2026-08-06 12:21:24,880 - INFO -   ──────────────────────────────────────────────────────────────────────
2026-08-06 12:21:24,881 - INFO - 
  ⏱️  Progression: 80/328 pages | 3 AO | 3 DCE | 33 min

2026-08-06 12:21:38,787 - INFO - 
──────────────────────────────────────────────────────────────────────────────────────────
2026-08-06 12:21:38,787 - INFO -   📄 PAGE 81/328
2026-08-06 12:21:38,788 - INFO - ──────────────────────────────────────────────────────────────────────────────────────────
2026-08-06 12:21:38,790 - INFO -      Tous ignorés (10 AO)
2026-08-06 12:21:38,790 - INFO -   ──────────────────────────────────────────────────────────────────────
2026-08-06 12:21:38,791 - INFO -   📊 Page 81: 10 lignes | 0 nouveaux | 10 ignorés
2026-08-06 12:21:38,792 - INFO -      ⏭️ Raisons: Déjà en base: 1, Non pertinent: 9
2026-08-06 12:21:38,792 - INFO -   ──────────────────────────────────────────────────────────────────────
2026-08-06 12:21:52,571 - INFO - 
──────────────────────────────────────────────────────────────────────────────────────────
2026-08-06 12:21:52,572 - INFO -   📄 PAGE 82/328
2026-08-06 12:21:52,573 - INFO - ──────────────────────────────────────────────────────────────────────────────────────────
2026-08-06 12:21:52,574 - INFO -      Tous ignorés (10 AO)
2026-08-06 12:21:52,574 - INFO -   ──────────────────────────────────────────────────────────────────────
2026-08-06 12:21:52,575 - INFO -   📊 Page 82: 10 lignes | 0 nouveaux | 10 ignorés
2026-08-06 12:21:52,575 - INFO -      ⏭️ Raisons: Non pertinent: 10
2026-08-06 12:21:52,576 - INFO -   ──────────────────────────────────────────────────────────────────────
2026-08-06 12:22:05,852 - INFO - 
──────────────────────────────────────────────────────────────────────────────────────────
2026-08-06 12:22:05,853 - INFO -   📄 PAGE 83/328
2026-08-06 12:22:05,854 - INFO - ──────────────────────────────────────────────────────────────────────────────────────────
2026-08-06 12:22:05,854 - INFO -      Tous ignorés (10 AO)
2026-08-06 12:22:05,855 - INFO -   ──────────────────────────────────────────────────────────────────────
2026-08-06 12:22:05,856 - INFO -   📊 Page 83: 10 lignes | 0 nouveaux | 10 ignorés
2026-08-06 12:22:05,857 - INFO -      ⏭️ Raisons: Déjà en base: 4, Non pertinent: 6
2026-08-06 12:22:05,857 - INFO -   ──────────────────────────────────────────────────────────────────────
2026-08-06 12:22:44,296 - INFO - 
──────────────────────────────────────────────────────────────────────────────────────────
2026-08-06 12:22:44,298 - INFO -   📄 PAGE 84/328
2026-08-06 12:22:44,299 - INFO - ──────────────────────────────────────────────────────────────────────────────────────────
2026-08-06 12:22:44,300 - INFO -      Tous ignorés (10 AO)
2026-08-06 12:22:44,300 - INFO -   ──────────────────────────────────────────────────────────────────────
2026-08-06 12:22:44,301 - INFO -   📊 Page 84: 10 lignes | 0 nouveaux | 10 ignorés
2026-08-06 12:22:44,301 - INFO -      ⏭️ Raisons: Non pertinent: 10
2026-08-06 12:22:44,302 - INFO -   ──────────────────────────────────────────────────────────────────────
2026-08-06 12:22:58,200 - INFO - 
──────────────────────────────────────────────────────────────────────────────────────────
2026-08-06 12:22:58,200 - INFO -   📄 PAGE 85/328
2026-08-06 12:22:58,201 - INFO - ──────────────────────────────────────────────────────────────────────────────────────────
2026-08-06 12:22:58,202 - INFO -      Tous ignorés (10 AO)
2026-08-06 12:22:58,203 - INFO -   ──────────────────────────────────────────────────────────────────────
2026-08-06 12:22:58,203 - INFO -   📊 Page 85: 10 lignes | 0 nouveaux | 10 ignorés
2026-08-06 12:22:58,204 - INFO -      ⏭️ Raisons: Non pertinent: 10
2026-08-06 12:22:58,204 - INFO -   ──────────────────────────────────────────────────────────────────────
2026-08-06 12:23:11,531 - INFO - 
──────────────────────────────────────────────────────────────────────────────────────────
2026-08-06 12:23:11,532 - INFO -   📄 PAGE 86/328
2026-08-06 12:23:11,533 - INFO - ──────────────────────────────────────────────────────────────────────────────────────────
2026-08-06 12:23:11,533 - INFO -      Tous ignorés (10 AO)
2026-08-06 12:23:11,534 - INFO -   ──────────────────────────────────────────────────────────────────────
2026-08-06 12:23:11,535 - INFO -   📊 Page 86: 10 lignes | 0 nouveaux | 10 ignorés
2026-08-06 12:23:11,536 - INFO -      ⏭️ Raisons: Non pertinent: 10
2026-08-06 12:23:11,537 - INFO -   ──────────────────────────────────────────────────────────────────────
2026-08-06 12:23:27,612 - INFO - 
──────────────────────────────────────────────────────────────────────────────────────────
2026-08-06 12:23:27,613 - INFO -   📄 PAGE 87/328
2026-08-06 12:23:27,614 - INFO - ──────────────────────────────────────────────────────────────────────────────────────────
2026-08-06 12:23:27,615 - INFO -      Tous ignorés (10 AO)
2026-08-06 12:23:27,616 - INFO -   ──────────────────────────────────────────────────────────────────────
2026-08-06 12:23:27,616 - INFO -   📊 Page 87: 10 lignes | 0 nouveaux | 10 ignorés
2026-08-06 12:23:27,617 - INFO -      ⏭️ Raisons: Non pertinent: 10
2026-08-06 12:23:27,618 - INFO -   ──────────────────────────────────────────────────────────────────────
2026-08-06 12:23:40,527 - INFO - 
──────────────────────────────────────────────────────────────────────────────────────────
2026-08-06 12:23:40,528 - INFO -   📄 PAGE 88/328
2026-08-06 12:23:40,529 - INFO - ──────────────────────────────────────────────────────────────────────────────────────────
2026-08-06 12:23:40,530 - INFO -      Tous ignorés (10 AO)
2026-08-06 12:23:40,530 - INFO -   ──────────────────────────────────────────────────────────────────────
2026-08-06 12:23:40,531 - INFO -   📊 Page 88: 10 lignes | 0 nouveaux | 10 ignorés
2026-08-06 12:23:40,531 - INFO -      ⏭️ Raisons: Déjà en base: 2, Non pertinent: 8
2026-08-06 12:23:40,532 - INFO -   ──────────────────────────────────────────────────────────────────────
2026-08-06 12:23:54,044 - INFO - 
──────────────────────────────────────────────────────────────────────────────────────────
2026-08-06 12:23:54,045 - INFO -   📄 PAGE 89/328
2026-08-06 12:23:54,045 - INFO - ──────────────────────────────────────────────────────────────────────────────────────────
2026-08-06 12:23:54,046 - INFO -      Tous ignorés (10 AO)
2026-08-06 12:23:54,047 - INFO -   ──────────────────────────────────────────────────────────────────────
2026-08-06 12:23:54,048 - INFO -   📊 Page 89: 10 lignes | 0 nouveaux | 10 ignorés
2026-08-06 12:23:54,048 - INFO -      ⏭️ Raisons: Non pertinent: 10
2026-08-06 12:23:54,049 - INFO -   ──────────────────────────────────────────────────────────────────────
2026-08-06 12:24:07,333 - INFO - 
──────────────────────────────────────────────────────────────────────────────────────────
2026-08-06 12:24:07,334 - INFO -   📄 PAGE 90/328
2026-08-06 12:24:07,334 - INFO - ──────────────────────────────────────────────────────────────────────────────────────────
2026-08-06 12:24:07,335 - INFO -      Tous ignorés (10 AO)
2026-08-06 12:24:07,336 - INFO -   ──────────────────────────────────────────────────────────────────────
2026-08-06 12:24:07,336 - INFO -   📊 Page 90: 10 lignes | 0 nouveaux | 10 ignorés
2026-08-06 12:24:07,337 - INFO -      ⏭️ Raisons: Déjà en base: 1, Non pertinent: 9
2026-08-06 12:24:07,338 - INFO -   ──────────────────────────────────────────────────────────────────────
2026-08-06 12:24:07,339 - INFO - 
  ⏱️  Progression: 90/328 pages | 3 AO | 3 DCE | 36 min

2026-08-06 12:24:20,247 - INFO - 
──────────────────────────────────────────────────────────────────────────────────────────
2026-08-06 12:24:20,248 - INFO -   📄 PAGE 91/328
2026-08-06 12:24:20,248 - INFO - ──────────────────────────────────────────────────────────────────────────────────────────
2026-08-06 12:24:20,249 - INFO -      Tous ignorés (10 AO)
2026-08-06 12:24:20,250 - INFO -   ──────────────────────────────────────────────────────────────────────
2026-08-06 12:24:20,250 - INFO -   📊 Page 91: 10 lignes | 0 nouveaux | 10 ignorés
2026-08-06 12:24:20,251 - INFO -      ⏭️ Raisons: Déjà en base: 4, Non pertinent: 6
2026-08-06 12:24:20,251 - INFO -   ──────────────────────────────────────────────────────────────────────
2026-08-06 12:24:33,061 - INFO - 
──────────────────────────────────────────────────────────────────────────────────────────
2026-08-06 12:24:33,062 - INFO -   📄 PAGE 92/328
2026-08-06 12:24:33,062 - INFO - ──────────────────────────────────────────────────────────────────────────────────────────
2026-08-06 12:24:33,063 - INFO -      Tous ignorés (10 AO)
2026-08-06 12:24:33,064 - INFO -   ──────────────────────────────────────────────────────────────────────
2026-08-06 12:24:33,064 - INFO -   📊 Page 92: 10 lignes | 0 nouveaux | 10 ignorés
2026-08-06 12:24:33,065 - INFO -      ⏭️ Raisons: Non pertinent: 10
2026-08-06 12:24:33,066 - INFO -   ──────────────────────────────────────────────────────────────────────
2026-08-06 12:24:46,181 - INFO - 
──────────────────────────────────────────────────────────────────────────────────────────
2026-08-06 12:24:46,182 - INFO -   📄 PAGE 93/328
2026-08-06 12:24:46,182 - INFO - ──────────────────────────────────────────────────────────────────────────────────────────
2026-08-06 12:24:46,183 - INFO -      Tous ignorés (10 AO)
2026-08-06 12:24:46,184 - INFO -   ──────────────────────────────────────────────────────────────────────
2026-08-06 12:24:46,184 - INFO -   📊 Page 93: 10 lignes | 0 nouveaux | 10 ignorés
2026-08-06 12:24:46,185 - INFO -      ⏭️ Raisons: Non pertinent: 10
2026-08-06 12:24:46,186 - INFO -   ──────────────────────────────────────────────────────────────────────
2026-08-06 12:24:59,436 - INFO - 
──────────────────────────────────────────────────────────────────────────────────────────
2026-08-06 12:24:59,437 - INFO -   📄 PAGE 94/328
2026-08-06 12:24:59,438 - INFO - ──────────────────────────────────────────────────────────────────────────────────────────
2026-08-06 12:24:59,439 - INFO -      Tous ignorés (10 AO)
2026-08-06 12:24:59,440 - INFO -   ──────────────────────────────────────────────────────────────────────
2026-08-06 12:24:59,440 - INFO -   📊 Page 94: 10 lignes | 0 nouveaux | 10 ignorés
2026-08-06 12:24:59,441 - INFO -      ⏭️ Raisons: Déjà en base: 1, Non pertinent: 9
2026-08-06 12:24:59,443 - INFO -   ──────────────────────────────────────────────────────────────────────
2026-08-06 12:25:12,992 - INFO - 
──────────────────────────────────────────────────────────────────────────────────────────
2026-08-06 12:25:12,993 - INFO -   📄 PAGE 95/328
2026-08-06 12:25:12,993 - INFO - ──────────────────────────────────────────────────────────────────────────────────────────
2026-08-06 12:25:12,994 - INFO -      Tous ignorés (10 AO)
2026-08-06 12:25:12,994 - INFO -   ──────────────────────────────────────────────────────────────────────
2026-08-06 12:25:12,995 - INFO -   📊 Page 95: 10 lignes | 0 nouveaux | 10 ignorés
2026-08-06 12:25:12,996 - INFO -      ⏭️ Raisons: Non pertinent: 10
2026-08-06 12:25:12,996 - INFO -   ──────────────────────────────────────────────────────────────────────
2026-08-06 12:25:26,506 - INFO - 
──────────────────────────────────────────────────────────────────────────────────────────
2026-08-06 12:25:26,506 - INFO -   📄 PAGE 96/328
2026-08-06 12:25:26,507 - INFO - ──────────────────────────────────────────────────────────────────────────────────────────
2026-08-06 12:25:26,508 - INFO -      Tous ignorés (10 AO)
2026-08-06 12:25:26,508 - INFO -   ──────────────────────────────────────────────────────────────────────
2026-08-06 12:25:26,509 - INFO -   📊 Page 96: 10 lignes | 0 nouveaux | 10 ignorés
2026-08-06 12:25:26,509 - INFO -      ⏭️ Raisons: Déjà en base: 1, Non pertinent: 9
2026-08-06 12:25:26,510 - INFO -   ──────────────────────────────────────────────────────────────────────
2026-08-06 12:25:40,003 - INFO - 
──────────────────────────────────────────────────────────────────────────────────────────
2026-08-06 12:25:40,003 - INFO -   📄 PAGE 97/328
2026-08-06 12:25:40,004 - INFO - ──────────────────────────────────────────────────────────────────────────────────────────
2026-08-06 12:25:40,005 - INFO -      Tous ignorés (10 AO)
2026-08-06 12:25:40,006 - INFO -   ──────────────────────────────────────────────────────────────────────
2026-08-06 12:25:40,006 - INFO -   📊 Page 97: 10 lignes | 0 nouveaux | 10 ignorés
2026-08-06 12:25:40,007 - INFO -      ⏭️ Raisons: Déjà en base: 1, Non pertinent: 9
2026-08-06 12:25:40,008 - INFO -   ──────────────────────────────────────────────────────────────────────
2026-08-06 12:25:53,453 - INFO - 
──────────────────────────────────────────────────────────────────────────────────────────
2026-08-06 12:25:53,457 - INFO -   📄 PAGE 98/328
2026-08-06 12:25:53,458 - INFO - ──────────────────────────────────────────────────────────────────────────────────────────
2026-08-06 12:25:53,461 - INFO -      Tous ignorés (10 AO)
2026-08-06 12:25:53,462 - INFO -   ──────────────────────────────────────────────────────────────────────
2026-08-06 12:25:53,463 - INFO -   📊 Page 98: 10 lignes | 0 nouveaux | 10 ignorés
2026-08-06 12:25:53,465 - INFO -      ⏭️ Raisons: Déjà en base: 1, Non pertinent: 9
2026-08-06 12:25:53,469 - INFO -   ──────────────────────────────────────────────────────────────────────
2026-08-06 12:26:06,712 - INFO - 
──────────────────────────────────────────────────────────────────────────────────────────
2026-08-06 12:26:06,713 - INFO -   📄 PAGE 99/328
2026-08-06 12:26:06,714 - INFO - ──────────────────────────────────────────────────────────────────────────────────────────
2026-08-06 12:26:06,715 - INFO -      Tous ignorés (10 AO)
2026-08-06 12:26:06,715 - INFO -   ──────────────────────────────────────────────────────────────────────
2026-08-06 12:26:06,716 - INFO -   📊 Page 99: 10 lignes | 0 nouveaux | 10 ignorés
2026-08-06 12:26:06,716 - INFO -      ⏭️ Raisons: Déjà en base: 2, Non pertinent: 8
2026-08-06 12:26:06,717 - INFO -   ──────────────────────────────────────────────────────────────────────
2026-08-06 12:26:20,134 - INFO - 
──────────────────────────────────────────────────────────────────────────────────────────
2026-08-06 12:26:20,135 - INFO -   📄 PAGE 100/328
2026-08-06 12:26:20,136 - INFO - ──────────────────────────────────────────────────────────────────────────────────────────
2026-08-06 12:26:20,137 - INFO -      Tous ignorés (10 AO)
2026-08-06 12:26:20,138 - INFO -   ──────────────────────────────────────────────────────────────────────
2026-08-06 12:26:20,139 - INFO -   📊 Page 100: 10 lignes | 0 nouveaux | 10 ignorés
2026-08-06 12:26:20,139 - INFO -      ⏭️ Raisons: Déjà en base: 3, Non pertinent: 7
2026-08-06 12:26:20,141 - INFO -   ──────────────────────────────────────────────────────────────────────
2026-08-06 12:26:20,142 - INFO - 
  ⏱️  Progression: 100/328 pages | 3 AO | 3 DCE | 38 min

2026-08-06 12:26:33,630 - INFO - 
──────────────────────────────────────────────────────────────────────────────────────────
2026-08-06 12:26:33,631 - INFO -   📄 PAGE 101/328
2026-08-06 12:26:33,632 - INFO - ──────────────────────────────────────────────────────────────────────────────────────────
2026-08-06 12:26:33,632 - INFO -      Tous ignorés (10 AO)
2026-08-06 12:26:33,633 - INFO -   ──────────────────────────────────────────────────────────────────────
2026-08-06 12:26:33,633 - INFO -   📊 Page 101: 10 lignes | 0 nouveaux | 10 ignorés
2026-08-06 12:26:33,634 - INFO -      ⏭️ Raisons: Non pertinent: 10
2026-08-06 12:26:33,635 - INFO -   ──────────────────────────────────────────────────────────────────────
2026-08-06 12:26:47,320 - INFO - 
──────────────────────────────────────────────────────────────────────────────────────────
2026-08-06 12:26:47,321 - INFO -   📄 PAGE 102/328
2026-08-06 12:26:47,321 - INFO - ──────────────────────────────────────────────────────────────────────────────────────────
2026-08-06 12:26:47,322 - INFO -      Tous ignorés (10 AO)
2026-08-06 12:26:47,322 - INFO -   ──────────────────────────────────────────────────────────────────────
2026-08-06 12:26:47,323 - INFO -   📊 Page 102: 10 lignes | 0 nouveaux | 10 ignorés
2026-08-06 12:26:47,324 - INFO -      ⏭️ Raisons: Déjà en base: 1, Non pertinent: 9
2026-08-06 12:26:47,325 - INFO -   ──────────────────────────────────────────────────────────────────────
2026-08-06 12:27:01,711 - INFO - 
──────────────────────────────────────────────────────────────────────────────────────────
2026-08-06 12:27:01,712 - INFO -   📄 PAGE 103/328
2026-08-06 12:27:01,713 - INFO - ──────────────────────────────────────────────────────────────────────────────────────────
2026-08-06 12:27:01,714 - INFO -      Tous ignorés (10 AO)
2026-08-06 12:27:01,714 - INFO -   ──────────────────────────────────────────────────────────────────────
2026-08-06 12:27:01,715 - INFO -   📊 Page 103: 10 lignes | 0 nouveaux | 10 ignorés
2026-08-06 12:27:01,716 - INFO -      ⏭️ Raisons: Déjà en base: 1, Non pertinent: 9
2026-08-06 12:27:01,716 - INFO -   ──────────────────────────────────────────────────────────────────────
2026-08-06 12:27:14,859 - INFO - 
──────────────────────────────────────────────────────────────────────────────────────────
2026-08-06 12:27:14,860 - INFO -   📄 PAGE 104/328
2026-08-06 12:27:14,861 - INFO - ──────────────────────────────────────────────────────────────────────────────────────────
2026-08-06 12:27:14,862 - INFO -      Tous ignorés (10 AO)
2026-08-06 12:27:14,862 - INFO -   ──────────────────────────────────────────────────────────────────────
2026-08-06 12:27:14,863 - INFO -   📊 Page 104: 10 lignes | 0 nouveaux | 10 ignorés
2026-08-06 12:27:14,864 - INFO -      ⏭️ Raisons: Déjà en base: 1, Non pertinent: 9
2026-08-06 12:27:14,865 - INFO -   ──────────────────────────────────────────────────────────────────────
2026-08-06 12:27:27,810 - INFO - 
──────────────────────────────────────────────────────────────────────────────────────────
2026-08-06 12:27:27,811 - INFO -   📄 PAGE 105/328
2026-08-06 12:27:27,812 - INFO - ──────────────────────────────────────────────────────────────────────────────────────────
2026-08-06 12:27:27,812 - INFO -      Tous ignorés (10 AO)
2026-08-06 12:27:27,813 - INFO -   ──────────────────────────────────────────────────────────────────────
2026-08-06 12:27:27,814 - INFO -   📊 Page 105: 10 lignes | 0 nouveaux | 10 ignorés
2026-08-06 12:27:27,814 - INFO -      ⏭️ Raisons: Déjà en base: 3, Non pertinent: 7
2026-08-06 12:27:27,815 - INFO -   ──────────────────────────────────────────────────────────────────────
2026-08-06 12:27:57,108 - INFO - 
──────────────────────────────────────────────────────────────────────────────────────────
2026-08-06 12:27:57,109 - INFO -   📄 PAGE 106/328
2026-08-06 12:27:57,110 - INFO - ──────────────────────────────────────────────────────────────────────────────────────────
2026-08-06 12:27:57,110 - INFO -      Tous ignorés (10 AO)
2026-08-06 12:27:57,111 - INFO -   ──────────────────────────────────────────────────────────────────────
2026-08-06 12:27:57,112 - INFO -   📊 Page 106: 10 lignes | 0 nouveaux | 10 ignorés
2026-08-06 12:27:57,112 - INFO -      ⏭️ Raisons: Déjà en base: 8, Non pertinent: 2
2026-08-06 12:27:57,113 - INFO -   ──────────────────────────────────────────────────────────────────────
2026-08-06 12:28:11,074 - INFO - 
──────────────────────────────────────────────────────────────────────────────────────────
2026-08-06 12:28:11,075 - INFO -   📄 PAGE 107/328
2026-08-06 12:28:11,075 - INFO - ──────────────────────────────────────────────────────────────────────────────────────────
2026-08-06 12:28:11,076 - INFO -      Tous ignorés (10 AO)
2026-08-06 12:28:11,077 - INFO -   ──────────────────────────────────────────────────────────────────────
2026-08-06 12:28:11,077 - INFO -   📊 Page 107: 10 lignes | 0 nouveaux | 10 ignorés
2026-08-06 12:28:11,078 - INFO -      ⏭️ Raisons: Déjà en base: 1, Non pertinent: 9
2026-08-06 12:28:11,079 - INFO -   ──────────────────────────────────────────────────────────────────────
2026-08-06 12:28:27,174 - INFO - 
──────────────────────────────────────────────────────────────────────────────────────────
2026-08-06 12:28:27,175 - INFO -   📄 PAGE 108/328
2026-08-06 12:28:27,175 - INFO - ──────────────────────────────────────────────────────────────────────────────────────────
2026-08-06 12:28:27,176 - INFO -      Tous ignorés (10 AO)
2026-08-06 12:28:27,177 - INFO -   ──────────────────────────────────────────────────────────────────────
2026-08-06 12:28:27,177 - INFO -   📊 Page 108: 10 lignes | 0 nouveaux | 10 ignorés
2026-08-06 12:28:27,178 - INFO -      ⏭️ Raisons: Déjà en base: 1, Non pertinent: 9
2026-08-06 12:28:27,179 - INFO -   ──────────────────────────────────────────────────────────────────────
2026-08-06 12:28:40,272 - INFO - 
──────────────────────────────────────────────────────────────────────────────────────────
2026-08-06 12:28:40,273 - INFO -   📄 PAGE 109/328
2026-08-06 12:28:40,274 - INFO - ──────────────────────────────────────────────────────────────────────────────────────────
2026-08-06 12:28:40,275 - INFO -      Tous ignorés (10 AO)
2026-08-06 12:28:40,275 - INFO -   ──────────────────────────────────────────────────────────────────────
2026-08-06 12:28:40,276 - INFO -   📊 Page 109: 10 lignes | 0 nouveaux | 10 ignorés
2026-08-06 12:28:40,277 - INFO -      ⏭️ Raisons: Déjà en base: 1, Non pertinent: 9
2026-08-06 12:28:40,277 - INFO -   ──────────────────────────────────────────────────────────────────────
2026-08-06 12:28:54,255 - INFO - 
──────────────────────────────────────────────────────────────────────────────────────────
2026-08-06 12:28:54,256 - INFO -   📄 PAGE 110/328
2026-08-06 12:28:54,257 - INFO - ──────────────────────────────────────────────────────────────────────────────────────────
2026-08-06 12:28:54,258 - INFO -      Tous ignorés (10 AO)
2026-08-06 12:28:54,258 - INFO -   ──────────────────────────────────────────────────────────────────────
2026-08-06 12:28:54,259 - INFO -   📊 Page 110: 10 lignes | 0 nouveaux | 10 ignorés
2026-08-06 12:28:54,260 - INFO -      ⏭️ Raisons: Déjà en base: 9, Non pertinent: 1
2026-08-06 12:28:54,260 - INFO -   ──────────────────────────────────────────────────────────────────────
2026-08-06 12:28:54,261 - INFO - 
  ⏱️  Progression: 110/328 pages | 3 AO | 3 DCE | 41 min

2026-08-06 12:29:07,211 - INFO - 
──────────────────────────────────────────────────────────────────────────────────────────
2026-08-06 12:29:07,212 - INFO -   📄 PAGE 111/328
2026-08-06 12:29:07,213 - INFO - ──────────────────────────────────────────────────────────────────────────────────────────
2026-08-06 12:29:07,214 - INFO -      Tous ignorés (10 AO)
2026-08-06 12:29:07,214 - INFO -   ──────────────────────────────────────────────────────────────────────
2026-08-06 12:29:07,215 - INFO -   📊 Page 111: 10 lignes | 0 nouveaux | 10 ignorés
2026-08-06 12:29:07,216 - INFO -      ⏭️ Raisons: Déjà en base: 3, Non pertinent: 7
2026-08-06 12:29:07,216 - INFO -   ──────────────────────────────────────────────────────────────────────
2026-08-06 12:29:25,451 - INFO - 
──────────────────────────────────────────────────────────────────────────────────────────
2026-08-06 12:29:25,452 - INFO -   📄 PAGE 112/328
2026-08-06 12:29:25,452 - INFO - ──────────────────────────────────────────────────────────────────────────────────────────
2026-08-06 12:29:25,453 - INFO -      Tous ignorés (10 AO)
2026-08-06 12:29:25,454 - INFO -   ──────────────────────────────────────────────────────────────────────
2026-08-06 12:29:25,455 - INFO -   📊 Page 112: 10 lignes | 0 nouveaux | 10 ignorés
2026-08-06 12:29:25,455 - INFO -      ⏭️ Raisons: Déjà en base: 1, Non pertinent: 9
2026-08-06 12:29:25,456 - INFO -   ──────────────────────────────────────────────────────────────────────
2026-08-06 12:29:39,626 - INFO - 
──────────────────────────────────────────────────────────────────────────────────────────
2026-08-06 12:29:39,627 - INFO -   📄 PAGE 113/328
2026-08-06 12:29:39,628 - INFO - ──────────────────────────────────────────────────────────────────────────────────────────
2026-08-06 12:29:39,629 - INFO -      Tous ignorés (10 AO)
2026-08-06 12:29:39,630 - INFO -   ──────────────────────────────────────────────────────────────────────
2026-08-06 12:29:39,631 - INFO -   📊 Page 113: 10 lignes | 0 nouveaux | 10 ignorés
2026-08-06 12:29:39,631 - INFO -      ⏭️ Raisons: Non pertinent: 10
2026-08-06 12:29:39,632 - INFO -   ──────────────────────────────────────────────────────────────────────
2026-08-06 12:30:03,762 - INFO - 
──────────────────────────────────────────────────────────────────────────────────────────
2026-08-06 12:30:03,763 - INFO -   📄 PAGE 114/328
2026-08-06 12:30:03,764 - INFO - ──────────────────────────────────────────────────────────────────────────────────────────
2026-08-06 12:30:03,764 - INFO -      Tous ignorés (10 AO)
2026-08-06 12:30:03,765 - INFO -   ──────────────────────────────────────────────────────────────────────
2026-08-06 12:30:03,766 - INFO -   📊 Page 114: 10 lignes | 0 nouveaux | 10 ignorés
2026-08-06 12:30:03,766 - INFO -      ⏭️ Raisons: Non pertinent: 10
2026-08-06 12:30:03,767 - INFO -   ──────────────────────────────────────────────────────────────────────
2026-08-06 12:30:17,668 - INFO - 
──────────────────────────────────────────────────────────────────────────────────────────
2026-08-06 12:30:17,669 - INFO -   📄 PAGE 115/328
2026-08-06 12:30:17,670 - INFO - ──────────────────────────────────────────────────────────────────────────────────────────
2026-08-06 12:30:17,671 - INFO -      Tous ignorés (10 AO)
2026-08-06 12:30:17,671 - INFO -   ──────────────────────────────────────────────────────────────────────
2026-08-06 12:30:17,672 - INFO -   📊 Page 115: 10 lignes | 0 nouveaux | 10 ignorés
2026-08-06 12:30:17,673 - INFO -      ⏭️ Raisons: Déjà en base: 1, Non pertinent: 9
2026-08-06 12:30:17,673 - INFO -   ──────────────────────────────────────────────────────────────────────
2026-08-06 12:30:31,198 - INFO - 
──────────────────────────────────────────────────────────────────────────────────────────
2026-08-06 12:30:31,199 - INFO -   📄 PAGE 116/328
2026-08-06 12:30:31,199 - INFO - ──────────────────────────────────────────────────────────────────────────────────────────
2026-08-06 12:30:31,200 - INFO -      Tous ignorés (10 AO)
2026-08-06 12:30:31,201 - INFO -   ──────────────────────────────────────────────────────────────────────
2026-08-06 12:30:31,201 - INFO -   📊 Page 116: 10 lignes | 0 nouveaux | 10 ignorés
2026-08-06 12:30:31,202 - INFO -      ⏭️ Raisons: Non pertinent: 10
2026-08-06 12:30:31,202 - INFO -   ──────────────────────────────────────────────────────────────────────
2026-08-06 12:30:44,649 - INFO - 
──────────────────────────────────────────────────────────────────────────────────────────
2026-08-06 12:30:44,650 - INFO -   📄 PAGE 117/328
2026-08-06 12:30:44,652 - INFO - ──────────────────────────────────────────────────────────────────────────────────────────
2026-08-06 12:30:44,652 - INFO -      Tous ignorés (10 AO)
2026-08-06 12:30:44,653 - INFO -   ──────────────────────────────────────────────────────────────────────
2026-08-06 12:30:44,653 - INFO -   📊 Page 117: 10 lignes | 0 nouveaux | 10 ignorés
2026-08-06 12:30:44,654 - INFO -      ⏭️ Raisons: Non pertinent: 10
2026-08-06 12:30:44,655 - INFO -   ──────────────────────────────────────────────────────────────────────
2026-08-06 12:30:58,159 - INFO - 
──────────────────────────────────────────────────────────────────────────────────────────
2026-08-06 12:30:58,160 - INFO -   📄 PAGE 118/328
2026-08-06 12:30:58,161 - INFO - ──────────────────────────────────────────────────────────────────────────────────────────
2026-08-06 12:30:58,161 - INFO -      Tous ignorés (10 AO)
2026-08-06 12:30:58,162 - INFO -   ──────────────────────────────────────────────────────────────────────
2026-08-06 12:30:58,163 - INFO -   📊 Page 118: 10 lignes | 0 nouveaux | 10 ignorés
2026-08-06 12:30:58,163 - INFO -      ⏭️ Raisons: Non pertinent: 10
2026-08-06 12:30:58,164 - INFO -   ──────────────────────────────────────────────────────────────────────
2026-08-06 12:31:11,281 - INFO - 
──────────────────────────────────────────────────────────────────────────────────────────
2026-08-06 12:31:11,282 - INFO -   📄 PAGE 119/328
2026-08-06 12:31:11,282 - INFO - ──────────────────────────────────────────────────────────────────────────────────────────
2026-08-06 12:31:11,283 - INFO -      Tous ignorés (10 AO)
2026-08-06 12:31:11,284 - INFO -   ──────────────────────────────────────────────────────────────────────
2026-08-06 12:31:11,285 - INFO -   📊 Page 119: 10 lignes | 0 nouveaux | 10 ignorés
2026-08-06 12:31:11,285 - INFO -      ⏭️ Raisons: Déjà en base: 1, Non pertinent: 9
2026-08-06 12:31:11,286 - INFO -   ──────────────────────────────────────────────────────────────────────
2026-08-06 12:31:24,834 - INFO - 
──────────────────────────────────────────────────────────────────────────────────────────
2026-08-06 12:31:24,835 - INFO -   📄 PAGE 120/328
2026-08-06 12:31:24,836 - INFO - ──────────────────────────────────────────────────────────────────────────────────────────
2026-08-06 12:31:24,836 - INFO -      Tous ignorés (10 AO)
2026-08-06 12:31:24,837 - INFO -   ──────────────────────────────────────────────────────────────────────
2026-08-06 12:31:24,838 - INFO -   📊 Page 120: 10 lignes | 0 nouveaux | 10 ignorés
2026-08-06 12:31:24,838 - INFO -      ⏭️ Raisons: Déjà en base: 1, Non pertinent: 9
2026-08-06 12:31:24,839 - INFO -   ──────────────────────────────────────────────────────────────────────
2026-08-06 12:31:24,840 - INFO - 
  ⏱️  Progression: 120/328 pages | 3 AO | 3 DCE | 43 min

2026-08-06 12:31:37,761 - INFO - 
──────────────────────────────────────────────────────────────────────────────────────────
2026-08-06 12:31:37,762 - INFO -   📄 PAGE 121/328
2026-08-06 12:31:37,763 - INFO - ──────────────────────────────────────────────────────────────────────────────────────────
2026-08-06 12:31:37,763 - INFO -      Tous ignorés (10 AO)
2026-08-06 12:31:37,764 - INFO -   ──────────────────────────────────────────────────────────────────────
2026-08-06 12:31:37,765 - INFO -   📊 Page 121: 10 lignes | 0 nouveaux | 10 ignorés
2026-08-06 12:31:37,765 - INFO -      ⏭️ Raisons: Non pertinent: 10
2026-08-06 12:31:37,766 - INFO -   ──────────────────────────────────────────────────────────────────────
2026-08-06 12:31:50,700 - INFO - 
──────────────────────────────────────────────────────────────────────────────────────────
2026-08-06 12:31:50,701 - INFO -   📄 PAGE 122/328
2026-08-06 12:31:50,701 - INFO - ──────────────────────────────────────────────────────────────────────────────────────────
2026-08-06 12:31:50,702 - INFO -      Tous ignorés (10 AO)
2026-08-06 12:31:50,702 - INFO -   ──────────────────────────────────────────────────────────────────────
2026-08-06 12:31:50,703 - INFO -   📊 Page 122: 10 lignes | 0 nouveaux | 10 ignorés
2026-08-06 12:31:50,704 - INFO -      ⏭️ Raisons: Déjà en base: 1, Non pertinent: 9
2026-08-06 12:31:50,705 - INFO -   ──────────────────────────────────────────────────────────────────────
2026-08-06 12:32:04,446 - INFO - 
──────────────────────────────────────────────────────────────────────────────────────────
2026-08-06 12:32:04,447 - INFO -   📄 PAGE 123/328
2026-08-06 12:32:04,447 - INFO - ──────────────────────────────────────────────────────────────────────────────────────────
2026-08-06 12:32:04,448 - INFO -      Tous ignorés (10 AO)
2026-08-06 12:32:04,449 - INFO -   ──────────────────────────────────────────────────────────────────────
2026-08-06 12:32:04,450 - INFO -   📊 Page 123: 10 lignes | 0 nouveaux | 10 ignorés
2026-08-06 12:32:04,450 - INFO -      ⏭️ Raisons: Déjà en base: 2, Non pertinent: 8
2026-08-06 12:32:04,451 - INFO -   ──────────────────────────────────────────────────────────────────────
2026-08-06 12:32:17,601 - INFO - 
──────────────────────────────────────────────────────────────────────────────────────────
2026-08-06 12:32:17,602 - INFO -   📄 PAGE 124/328
2026-08-06 12:32:17,603 - INFO - ──────────────────────────────────────────────────────────────────────────────────────────
2026-08-06 12:32:17,604 - INFO -      Tous ignorés (10 AO)
2026-08-06 12:32:17,604 - INFO -   ──────────────────────────────────────────────────────────────────────
2026-08-06 12:32:17,605 - INFO -   📊 Page 124: 10 lignes | 0 nouveaux | 10 ignorés
2026-08-06 12:32:17,606 - INFO -      ⏭️ Raisons: Non pertinent: 10
2026-08-06 12:32:17,606 - INFO -   ──────────────────────────────────────────────────────────────────────
2026-08-06 12:32:30,882 - INFO - 
──────────────────────────────────────────────────────────────────────────────────────────
2026-08-06 12:32:30,882 - INFO -   📄 PAGE 125/328
2026-08-06 12:32:30,883 - INFO - ──────────────────────────────────────────────────────────────────────────────────────────
2026-08-06 12:32:30,884 - INFO -      Tous ignorés (10 AO)
2026-08-06 12:32:30,885 - INFO -   ──────────────────────────────────────────────────────────────────────
2026-08-06 12:32:30,885 - INFO -   📊 Page 125: 10 lignes | 0 nouveaux | 10 ignorés
2026-08-06 12:32:30,887 - INFO -      ⏭️ Raisons: Non pertinent: 10
2026-08-06 12:32:30,888 - INFO -   ──────────────────────────────────────────────────────────────────────
2026-08-06 12:32:44,294 - INFO - 
──────────────────────────────────────────────────────────────────────────────────────────
2026-08-06 12:32:44,295 - INFO -   📄 PAGE 126/328
2026-08-06 12:32:44,295 - INFO - ──────────────────────────────────────────────────────────────────────────────────────────
2026-08-06 12:32:44,296 - INFO -      Tous ignorés (10 AO)
2026-08-06 12:32:44,296 - INFO -   ──────────────────────────────────────────────────────────────────────
2026-08-06 12:32:44,297 - INFO -   📊 Page 126: 10 lignes | 0 nouveaux | 10 ignorés
2026-08-06 12:32:44,297 - INFO -      ⏭️ Raisons: Déjà en base: 2, Non pertinent: 8
2026-08-06 12:32:44,298 - INFO -   ──────────────────────────────────────────────────────────────────────
2026-08-06 12:32:57,886 - INFO - 
──────────────────────────────────────────────────────────────────────────────────────────
2026-08-06 12:32:57,887 - INFO -   📄 PAGE 127/328
2026-08-06 12:32:57,888 - INFO - ──────────────────────────────────────────────────────────────────────────────────────────
2026-08-06 12:34:17,229 - INFO -   #4    📋 Fourniture, transport dépose et pose pour renouvellement des équipements de ⭐  28%  ⏰ 21j      📥 📦 Avis, RC, BP
2026-08-06 12:35:24,747 - INFO -   #5    📋 Travaux de renforcement du réseau d’assainissement liquide à la ville de Kh ⭐  28%  ⏰ 21j      📥 📦 Avis
2026-08-06 12:35:24,802 - INFO -   ──────────────────────────────────────────────────────────────────────
2026-08-06 12:35:24,803 - INFO -   📊 Page 127: 10 lignes | 2 nouveaux | 8 ignorés
2026-08-06 12:35:24,804 - INFO -      ⏭️ Raisons: Déjà en base: 1, Non pertinent: 7
2026-08-06 12:35:24,805 - INFO -   ──────────────────────────────────────────────────────────────────────
2026-08-06 12:35:37,980 - INFO - 
──────────────────────────────────────────────────────────────────────────────────────────
2026-08-06 12:35:37,981 - INFO -   📄 PAGE 128/328
2026-08-06 12:35:37,981 - INFO - ──────────────────────────────────────────────────────────────────────────────────────────
2026-08-06 12:35:37,982 - INFO -      Tous ignorés (10 AO)
2026-08-06 12:35:37,982 - INFO -   ──────────────────────────────────────────────────────────────────────
2026-08-06 12:35:37,983 - INFO -   📊 Page 128: 10 lignes | 0 nouveaux | 10 ignorés
2026-08-06 12:35:37,984 - INFO -      ⏭️ Raisons: Déjà en base: 1, Non pertinent: 9
2026-08-06 12:35:37,984 - INFO -   ──────────────────────────────────────────────────────────────────────
2026-08-06 12:35:51,028 - INFO - 
──────────────────────────────────────────────────────────────────────────────────────────
2026-08-06 12:35:51,030 - INFO -   📄 PAGE 129/328
2026-08-06 12:35:51,032 - INFO - ──────────────────────────────────────────────────────────────────────────────────────────
2026-08-06 12:35:51,033 - INFO -      Tous ignorés (10 AO)
2026-08-06 12:35:51,033 - INFO -   ──────────────────────────────────────────────────────────────────────
2026-08-06 12:35:51,035 - INFO -   📊 Page 129: 10 lignes | 0 nouveaux | 10 ignorés
2026-08-06 12:35:51,035 - INFO -      ⏭️ Raisons: Déjà en base: 2, Non pertinent: 8
2026-08-06 12:35:51,036 - INFO -   ──────────────────────────────────────────────────────────────────────
2026-08-06 12:36:04,298 - INFO - 
──────────────────────────────────────────────────────────────────────────────────────────
2026-08-06 12:36:04,299 - INFO -   📄 PAGE 130/328
2026-08-06 12:36:04,300 - INFO - ──────────────────────────────────────────────────────────────────────────────────────────
2026-08-06 12:36:04,300 - INFO -      Tous ignorés (10 AO)
2026-08-06 12:36:04,301 - INFO -   ──────────────────────────────────────────────────────────────────────
2026-08-06 12:36:04,301 - INFO -   📊 Page 130: 10 lignes | 0 nouveaux | 10 ignorés
2026-08-06 12:36:04,302 - INFO -      ⏭️ Raisons: Non pertinent: 10
2026-08-06 12:36:04,303 - INFO -   ──────────────────────────────────────────────────────────────────────
2026-08-06 12:36:04,303 - INFO - 
  ⏱️  Progression: 130/328 pages | 5 AO | 5 DCE | 48 min

2026-08-06 12:36:17,654 - INFO - 
──────────────────────────────────────────────────────────────────────────────────────────
2026-08-06 12:36:17,658 - INFO -   📄 PAGE 131/328
2026-08-06 12:36:17,660 - INFO - ──────────────────────────────────────────────────────────────────────────────────────────
2026-08-06 12:36:17,662 - INFO -      Tous ignorés (10 AO)
2026-08-06 12:36:17,662 - INFO -   ──────────────────────────────────────────────────────────────────────
2026-08-06 12:36:17,663 - INFO -   📊 Page 131: 10 lignes | 0 nouveaux | 10 ignorés
2026-08-06 12:36:17,664 - INFO -      ⏭️ Raisons: Non pertinent: 10
2026-08-06 12:36:17,664 - INFO -   ──────────────────────────────────────────────────────────────────────
2026-08-06 12:36:31,279 - INFO - 
──────────────────────────────────────────────────────────────────────────────────────────
2026-08-06 12:36:31,280 - INFO -   📄 PAGE 132/328
2026-08-06 12:36:31,281 - INFO - ──────────────────────────────────────────────────────────────────────────────────────────
2026-08-06 12:36:31,282 - INFO -      Tous ignorés (10 AO)
2026-08-06 12:36:31,282 - INFO -   ──────────────────────────────────────────────────────────────────────
2026-08-06 12:36:31,283 - INFO -   📊 Page 132: 10 lignes | 0 nouveaux | 10 ignorés
2026-08-06 12:36:31,284 - INFO -      ⏭️ Raisons: Non pertinent: 10
2026-08-06 12:36:31,285 - INFO -   ──────────────────────────────────────────────────────────────────────
2026-08-06 12:36:45,393 - INFO - 
──────────────────────────────────────────────────────────────────────────────────────────
2026-08-06 12:36:45,394 - INFO -   📄 PAGE 133/328
2026-08-06 12:36:45,395 - INFO - ──────────────────────────────────────────────────────────────────────────────────────────
2026-08-06 12:36:45,395 - INFO -      Tous ignorés (10 AO)
2026-08-06 12:36:45,396 - INFO -   ──────────────────────────────────────────────────────────────────────
2026-08-06 12:36:45,397 - INFO -   📊 Page 133: 10 lignes | 0 nouveaux | 10 ignorés
2026-08-06 12:36:45,397 - INFO -      ⏭️ Raisons: Non pertinent: 10
2026-08-06 12:36:45,398 - INFO -   ──────────────────────────────────────────────────────────────────────
2026-08-06 12:36:58,501 - INFO - 
──────────────────────────────────────────────────────────────────────────────────────────
2026-08-06 12:36:58,502 - INFO -   📄 PAGE 134/328
2026-08-06 12:36:58,502 - INFO - ──────────────────────────────────────────────────────────────────────────────────────────
2026-08-06 12:36:58,503 - INFO -      Tous ignorés (10 AO)
2026-08-06 12:36:58,504 - INFO -   ──────────────────────────────────────────────────────────────────────
2026-08-06 12:36:58,505 - INFO -   📊 Page 134: 10 lignes | 0 nouveaux | 10 ignorés
2026-08-06 12:36:58,505 - INFO -      ⏭️ Raisons: Déjà en base: 1, Non pertinent: 9
2026-08-06 12:36:58,506 - INFO -   ──────────────────────────────────────────────────────────────────────
2026-08-06 12:37:11,374 - INFO - 
──────────────────────────────────────────────────────────────────────────────────────────
2026-08-06 12:37:11,375 - INFO -   📄 PAGE 135/328
2026-08-06 12:37:11,376 - INFO - ──────────────────────────────────────────────────────────────────────────────────────────
2026-08-06 12:37:11,377 - INFO -      Tous ignorés (10 AO)
2026-08-06 12:37:11,377 - INFO -   ──────────────────────────────────────────────────────────────────────
2026-08-06 12:37:11,378 - INFO -   📊 Page 135: 10 lignes | 0 nouveaux | 10 ignorés
2026-08-06 12:37:11,379 - INFO -      ⏭️ Raisons: Non pertinent: 10
2026-08-06 12:37:11,380 - INFO -   ──────────────────────────────────────────────────────────────────────
2026-08-06 12:37:24,102 - INFO - 
──────────────────────────────────────────────────────────────────────────────────────────
2026-08-06 12:37:24,103 - INFO -   📄 PAGE 136/328
2026-08-06 12:37:24,104 - INFO - ──────────────────────────────────────────────────────────────────────────────────────────
2026-08-06 12:37:24,104 - INFO -      Tous ignorés (10 AO)
2026-08-06 12:37:24,105 - INFO -   ──────────────────────────────────────────────────────────────────────
2026-08-06 12:37:24,106 - INFO -   📊 Page 136: 10 lignes | 0 nouveaux | 10 ignorés
2026-08-06 12:37:24,107 - INFO -      ⏭️ Raisons: Déjà en base: 2, Non pertinent: 8
2026-08-06 12:37:24,107 - INFO -   ──────────────────────────────────────────────────────────────────────
2026-08-06 12:37:37,181 - INFO - 
──────────────────────────────────────────────────────────────────────────────────────────
2026-08-06 12:37:37,182 - INFO -   📄 PAGE 137/328
2026-08-06 12:37:37,182 - INFO - ──────────────────────────────────────────────────────────────────────────────────────────
2026-08-06 12:37:37,183 - INFO -      Tous ignorés (10 AO)
2026-08-06 12:37:37,184 - INFO -   ──────────────────────────────────────────────────────────────────────
2026-08-06 12:37:37,185 - INFO -   📊 Page 137: 10 lignes | 0 nouveaux | 10 ignorés
2026-08-06 12:37:37,185 - INFO -      ⏭️ Raisons: Déjà en base: 3, Non pertinent: 7
2026-08-06 12:37:37,186 - INFO -   ──────────────────────────────────────────────────────────────────────
2026-08-06 12:37:50,373 - INFO - 
──────────────────────────────────────────────────────────────────────────────────────────
2026-08-06 12:37:50,374 - INFO -   📄 PAGE 138/328
2026-08-06 12:37:50,375 - INFO - ──────────────────────────────────────────────────────────────────────────────────────────
2026-08-06 12:37:50,376 - INFO -      Tous ignorés (10 AO)
2026-08-06 12:37:50,376 - INFO -   ──────────────────────────────────────────────────────────────────────
2026-08-06 12:37:50,377 - INFO -   📊 Page 138: 10 lignes | 0 nouveaux | 10 ignorés
2026-08-06 12:37:50,378 - INFO -      ⏭️ Raisons: Non pertinent: 10
2026-08-06 12:37:50,378 - INFO -   ──────────────────────────────────────────────────────────────────────
2026-08-06 12:38:03,643 - INFO - 
──────────────────────────────────────────────────────────────────────────────────────────
2026-08-06 12:38:03,644 - INFO -   📄 PAGE 139/328
2026-08-06 12:38:03,645 - INFO - ──────────────────────────────────────────────────────────────────────────────────────────
2026-08-06 12:38:03,646 - INFO -      Tous ignorés (10 AO)
2026-08-06 12:38:03,646 - INFO -   ──────────────────────────────────────────────────────────────────────
2026-08-06 12:38:03,647 - INFO -   📊 Page 139: 10 lignes | 0 nouveaux | 10 ignorés
2026-08-06 12:38:03,648 - INFO -      ⏭️ Raisons: Non pertinent: 10
2026-08-06 12:38:03,648 - INFO -   ──────────────────────────────────────────────────────────────────────
2026-08-06 12:38:16,856 - INFO - 
──────────────────────────────────────────────────────────────────────────────────────────
2026-08-06 12:38:16,857 - INFO -   📄 PAGE 140/328
2026-08-06 12:38:16,858 - INFO - ──────────────────────────────────────────────────────────────────────────────────────────
2026-08-06 12:38:16,858 - INFO -      Tous ignorés (10 AO)
2026-08-06 12:38:16,859 - INFO -   ──────────────────────────────────────────────────────────────────────
2026-08-06 12:38:16,860 - INFO -   📊 Page 140: 10 lignes | 0 nouveaux | 10 ignorés
2026-08-06 12:38:16,860 - INFO -      ⏭️ Raisons: Déjà en base: 1, Non pertinent: 9
2026-08-06 12:38:16,861 - INFO -   ──────────────────────────────────────────────────────────────────────
2026-08-06 12:38:16,862 - INFO - 
  ⏱️  Progression: 140/328 pages | 5 AO | 5 DCE | 50 min

2026-08-06 12:38:30,792 - INFO - 
──────────────────────────────────────────────────────────────────────────────────────────
2026-08-06 12:38:30,794 - INFO -   📄 PAGE 141/328
2026-08-06 12:38:30,794 - INFO - ──────────────────────────────────────────────────────────────────────────────────────────
2026-08-06 12:38:30,795 - INFO -      Tous ignorés (10 AO)
2026-08-06 12:38:30,796 - INFO -   ──────────────────────────────────────────────────────────────────────
2026-08-06 12:38:30,797 - INFO -   📊 Page 141: 10 lignes | 0 nouveaux | 10 ignorés
2026-08-06 12:38:30,799 - INFO -      ⏭️ Raisons: Déjà en base: 1, Non pertinent: 9
2026-08-06 12:38:30,800 - INFO -   ──────────────────────────────────────────────────────────────────────
2026-08-06 12:38:43,875 - INFO - 
──────────────────────────────────────────────────────────────────────────────────────────
2026-08-06 12:38:43,876 - INFO -   📄 PAGE 142/328
2026-08-06 12:38:43,877 - INFO - ──────────────────────────────────────────────────────────────────────────────────────────
2026-08-06 12:38:43,878 - INFO -      Tous ignorés (10 AO)
2026-08-06 12:38:43,878 - INFO -   ──────────────────────────────────────────────────────────────────────
2026-08-06 12:38:43,879 - INFO -   📊 Page 142: 10 lignes | 0 nouveaux | 10 ignorés
2026-08-06 12:38:43,880 - INFO -      ⏭️ Raisons: Déjà en base: 1, Non pertinent: 9
2026-08-06 12:38:43,881 - INFO -   ──────────────────────────────────────────────────────────────────────
2026-08-06 12:38:57,377 - INFO - 
──────────────────────────────────────────────────────────────────────────────────────────
2026-08-06 12:38:57,379 - INFO -   📄 PAGE 143/328
2026-08-06 12:38:57,380 - INFO - ──────────────────────────────────────────────────────────────────────────────────────────
2026-08-06 12:38:57,381 - INFO -      Tous ignorés (10 AO)
2026-08-06 12:38:57,382 - INFO -   ──────────────────────────────────────────────────────────────────────
2026-08-06 12:38:57,383 - INFO -   📊 Page 143: 10 lignes | 0 nouveaux | 10 ignorés
2026-08-06 12:38:57,384 - INFO -      ⏭️ Raisons: Déjà en base: 1, Non pertinent: 9
2026-08-06 12:38:57,400 - INFO -   ──────────────────────────────────────────────────────────────────────
2026-08-06 12:39:10,436 - INFO - 
──────────────────────────────────────────────────────────────────────────────────────────
2026-08-06 12:39:10,437 - INFO -   📄 PAGE 144/328
2026-08-06 12:39:10,438 - INFO - ──────────────────────────────────────────────────────────────────────────────────────────
2026-08-06 12:39:10,439 - INFO -      Tous ignorés (10 AO)
2026-08-06 12:39:10,439 - INFO -   ──────────────────────────────────────────────────────────────────────
2026-08-06 12:39:10,440 - INFO -   📊 Page 144: 10 lignes | 0 nouveaux | 10 ignorés
2026-08-06 12:39:10,440 - INFO -      ⏭️ Raisons: Non pertinent: 10
2026-08-06 12:39:10,441 - INFO -   ──────────────────────────────────────────────────────────────────────
2026-08-06 12:39:23,711 - INFO - 
──────────────────────────────────────────────────────────────────────────────────────────
2026-08-06 12:39:23,712 - INFO -   📄 PAGE 145/328
2026-08-06 12:39:23,712 - INFO - ──────────────────────────────────────────────────────────────────────────────────────────
2026-08-06 12:39:23,713 - INFO -      Tous ignorés (10 AO)
2026-08-06 12:39:23,713 - INFO -   ──────────────────────────────────────────────────────────────────────
2026-08-06 12:39:23,714 - INFO -   📊 Page 145: 10 lignes | 0 nouveaux | 10 ignorés
2026-08-06 12:39:23,715 - INFO -      ⏭️ Raisons: Déjà en base: 1, Non pertinent: 9
2026-08-06 12:39:23,716 - INFO -   ──────────────────────────────────────────────────────────────────────
2026-08-06 12:39:36,666 - INFO - 
──────────────────────────────────────────────────────────────────────────────────────────
2026-08-06 12:39:36,667 - INFO -   📄 PAGE 146/328
2026-08-06 12:39:36,668 - INFO - ──────────────────────────────────────────────────────────────────────────────────────────
2026-08-06 12:39:36,668 - INFO -      Tous ignorés (10 AO)
2026-08-06 12:39:36,669 - INFO -   ──────────────────────────────────────────────────────────────────────
2026-08-06 12:39:36,670 - INFO -   📊 Page 146: 10 lignes | 0 nouveaux | 10 ignorés
2026-08-06 12:39:36,671 - INFO -      ⏭️ Raisons: Déjà en base: 1, Non pertinent: 9
2026-08-06 12:39:36,671 - INFO -   ──────────────────────────────────────────────────────────────────────
2026-08-06 12:39:49,671 - INFO - 
──────────────────────────────────────────────────────────────────────────────────────────
2026-08-06 12:39:49,672 - INFO -   📄 PAGE 147/328
2026-08-06 12:39:49,673 - INFO - ──────────────────────────────────────────────────────────────────────────────────────────
2026-08-06 12:39:49,674 - INFO -      Tous ignorés (10 AO)
2026-08-06 12:39:49,674 - INFO -   ──────────────────────────────────────────────────────────────────────
2026-08-06 12:39:49,675 - INFO -   📊 Page 147: 10 lignes | 0 nouveaux | 10 ignorés
2026-08-06 12:39:49,676 - INFO -      ⏭️ Raisons: Déjà en base: 1, Non pertinent: 9
2026-08-06 12:39:49,676 - INFO -   ──────────────────────────────────────────────────────────────────────
2026-08-06 12:40:02,540 - INFO - 
──────────────────────────────────────────────────────────────────────────────────────────
2026-08-06 12:40:02,541 - INFO -   📄 PAGE 148/328
2026-08-06 12:40:02,542 - INFO - ──────────────────────────────────────────────────────────────────────────────────────────
2026-08-06 12:40:02,542 - INFO -      Tous ignorés (10 AO)
2026-08-06 12:40:02,543 - INFO -   ──────────────────────────────────────────────────────────────────────
2026-08-06 12:40:02,543 - INFO -   📊 Page 148: 10 lignes | 0 nouveaux | 10 ignorés
2026-08-06 12:40:02,544 - INFO -      ⏭️ Raisons: Déjà en base: 1, Non pertinent: 9
2026-08-06 12:40:02,545 - INFO -   ──────────────────────────────────────────────────────────────────────
2026-08-06 12:40:17,672 - INFO - 
──────────────────────────────────────────────────────────────────────────────────────────
2026-08-06 12:40:17,673 - INFO -   📄 PAGE 149/328
2026-08-06 12:40:17,674 - INFO - ──────────────────────────────────────────────────────────────────────────────────────────
2026-08-06 12:40:17,675 - INFO -      Tous ignorés (10 AO)
2026-08-06 12:40:17,676 - INFO -   ──────────────────────────────────────────────────────────────────────
2026-08-06 12:40:17,677 - INFO -   📊 Page 149: 10 lignes | 0 nouveaux | 10 ignorés
2026-08-06 12:40:17,678 - INFO -      ⏭️ Raisons: Déjà en base: 4, Non pertinent: 6
2026-08-06 12:40:17,678 - INFO -   ──────────────────────────────────────────────────────────────────────
2026-08-06 12:40:30,537 - INFO - 
──────────────────────────────────────────────────────────────────────────────────────────
2026-08-06 12:40:30,538 - INFO -   📄 PAGE 150/328
2026-08-06 12:40:30,539 - INFO - ──────────────────────────────────────────────────────────────────────────────────────────
2026-08-06 12:40:30,540 - INFO -      Tous ignorés (10 AO)
2026-08-06 12:40:30,540 - INFO -   ──────────────────────────────────────────────────────────────────────
2026-08-06 12:40:30,541 - INFO -   📊 Page 150: 10 lignes | 0 nouveaux | 10 ignorés
2026-08-06 12:40:30,542 - INFO -      ⏭️ Raisons: Déjà en base: 1, Non pertinent: 9
2026-08-06 12:40:30,542 - INFO -   ──────────────────────────────────────────────────────────────────────
2026-08-06 12:40:30,543 - INFO - 
  ⏱️  Progression: 150/328 pages | 5 AO | 5 DCE | 53 min

2026-08-06 12:40:44,261 - INFO - 
──────────────────────────────────────────────────────────────────────────────────────────
2026-08-06 12:40:44,262 - INFO -   📄 PAGE 151/328
2026-08-06 12:40:44,263 - INFO - ──────────────────────────────────────────────────────────────────────────────────────────
2026-08-06 12:40:44,264 - INFO -      Tous ignorés (10 AO)
2026-08-06 12:40:44,266 - INFO -   ──────────────────────────────────────────────────────────────────────
2026-08-06 12:40:44,270 - INFO -   📊 Page 151: 10 lignes | 0 nouveaux | 10 ignorés
2026-08-06 12:40:44,272 - INFO -      ⏭️ Raisons: Déjà en base: 2, Non pertinent: 8
2026-08-06 12:40:44,273 - INFO -   ──────────────────────────────────────────────────────────────────────
2026-08-06 12:40:57,325 - INFO - 
──────────────────────────────────────────────────────────────────────────────────────────
2026-08-06 12:40:57,326 - INFO -   📄 PAGE 152/328
2026-08-06 12:40:57,327 - INFO - ──────────────────────────────────────────────────────────────────────────────────────────
2026-08-06 12:40:57,328 - INFO -      Tous ignorés (10 AO)
2026-08-06 12:40:57,328 - INFO -   ──────────────────────────────────────────────────────────────────────
2026-08-06 12:40:57,329 - INFO -   📊 Page 152: 10 lignes | 0 nouveaux | 10 ignorés
2026-08-06 12:40:57,330 - INFO -      ⏭️ Raisons: Déjà en base: 1, Non pertinent: 9
2026-08-06 12:40:57,330 - INFO -   ──────────────────────────────────────────────────────────────────────
2026-08-06 12:41:10,338 - INFO - 
──────────────────────────────────────────────────────────────────────────────────────────
2026-08-06 12:41:10,339 - INFO -   📄 PAGE 153/328
2026-08-06 12:41:10,340 - INFO - ──────────────────────────────────────────────────────────────────────────────────────────
2026-08-06 12:41:10,340 - INFO -      Tous ignorés (10 AO)
2026-08-06 12:41:10,341 - INFO -   ──────────────────────────────────────────────────────────────────────
2026-08-06 12:41:10,342 - INFO -   📊 Page 153: 10 lignes | 0 nouveaux | 10 ignorés
2026-08-06 12:41:10,343 - INFO -      ⏭️ Raisons: Déjà en base: 1, Non pertinent: 9
2026-08-06 12:41:10,343 - INFO -   ──────────────────────────────────────────────────────────────────────
2026-08-06 12:41:24,107 - INFO - 
──────────────────────────────────────────────────────────────────────────────────────────
2026-08-06 12:41:24,107 - INFO -   📄 PAGE 154/328
2026-08-06 12:41:24,108 - INFO - ──────────────────────────────────────────────────────────────────────────────────────────
2026-08-06 12:41:24,109 - INFO -      Tous ignorés (10 AO)
2026-08-06 12:41:24,109 - INFO -   ──────────────────────────────────────────────────────────────────────
2026-08-06 12:41:24,110 - INFO -   📊 Page 154: 10 lignes | 0 nouveaux | 10 ignorés
2026-08-06 12:41:24,111 - INFO -      ⏭️ Raisons: Déjà en base: 2, Non pertinent: 8
2026-08-06 12:41:24,111 - INFO -   ──────────────────────────────────────────────────────────────────────
2026-08-06 12:41:37,525 - INFO - 
──────────────────────────────────────────────────────────────────────────────────────────
2026-08-06 12:41:37,525 - INFO -   📄 PAGE 155/328
2026-08-06 12:41:37,526 - INFO - ──────────────────────────────────────────────────────────────────────────────────────────
2026-08-06 12:41:37,527 - INFO -      Tous ignorés (10 AO)
2026-08-06 12:41:37,527 - INFO -   ──────────────────────────────────────────────────────────────────────
2026-08-06 12:41:37,529 - INFO -   📊 Page 155: 10 lignes | 0 nouveaux | 10 ignorés
2026-08-06 12:41:37,530 - INFO -      ⏭️ Raisons: Déjà en base: 2, Non pertinent: 8
2026-08-06 12:41:37,531 - INFO -   ──────────────────────────────────────────────────────────────────────
2026-08-06 12:41:50,677 - INFO - 
──────────────────────────────────────────────────────────────────────────────────────────
2026-08-06 12:41:50,678 - INFO -   📄 PAGE 156/328
2026-08-06 12:41:50,678 - INFO - ──────────────────────────────────────────────────────────────────────────────────────────
2026-08-06 12:41:50,679 - INFO -      Tous ignorés (10 AO)
2026-08-06 12:41:50,680 - INFO -   ──────────────────────────────────────────────────────────────────────
2026-08-06 12:41:50,680 - INFO -   📊 Page 156: 10 lignes | 0 nouveaux | 10 ignorés
2026-08-06 12:41:50,681 - INFO -      ⏭️ Raisons: Non pertinent: 10
2026-08-06 12:41:50,682 - INFO -   ──────────────────────────────────────────────────────────────────────
2026-08-06 12:42:03,820 - INFO - 
──────────────────────────────────────────────────────────────────────────────────────────
2026-08-06 12:42:03,821 - INFO -   📄 PAGE 157/328
2026-08-06 12:42:03,822 - INFO - ──────────────────────────────────────────────────────────────────────────────────────────
2026-08-06 12:42:03,823 - INFO -      Tous ignorés (10 AO)
2026-08-06 12:42:03,824 - INFO -   ──────────────────────────────────────────────────────────────────────
2026-08-06 12:42:03,824 - INFO -   📊 Page 157: 10 lignes | 0 nouveaux | 10 ignorés
2026-08-06 12:42:03,825 - INFO -      ⏭️ Raisons: Non pertinent: 10
2026-08-06 12:42:03,826 - INFO -   ──────────────────────────────────────────────────────────────────────
2026-08-06 12:42:17,023 - INFO - 
──────────────────────────────────────────────────────────────────────────────────────────
2026-08-06 12:42:17,024 - INFO -   📄 PAGE 158/328
2026-08-06 12:42:17,025 - INFO - ──────────────────────────────────────────────────────────────────────────────────────────
2026-08-06 12:42:17,025 - INFO -      Tous ignorés (10 AO)
2026-08-06 12:42:17,026 - INFO -   ──────────────────────────────────────────────────────────────────────
2026-08-06 12:42:17,027 - INFO -   📊 Page 158: 10 lignes | 0 nouveaux | 10 ignorés
2026-08-06 12:42:17,028 - INFO -      ⏭️ Raisons: Non pertinent: 10
2026-08-06 12:42:17,028 - INFO -   ──────────────────────────────────────────────────────────────────────
2026-08-06 12:42:29,827 - INFO - 
──────────────────────────────────────────────────────────────────────────────────────────
2026-08-06 12:42:29,827 - INFO -   📄 PAGE 159/328
2026-08-06 12:42:29,828 - INFO - ──────────────────────────────────────────────────────────────────────────────────────────
2026-08-06 12:42:29,829 - INFO -      Tous ignorés (10 AO)
2026-08-06 12:42:29,830 - INFO -   ──────────────────────────────────────────────────────────────────────
2026-08-06 12:42:29,831 - INFO -   📊 Page 159: 10 lignes | 0 nouveaux | 10 ignorés
2026-08-06 12:42:29,832 - INFO -      ⏭️ Raisons: Non pertinent: 10
2026-08-06 12:42:29,833 - INFO -   ──────────────────────────────────────────────────────────────────────
2026-08-06 12:42:42,680 - INFO - 
──────────────────────────────────────────────────────────────────────────────────────────
2026-08-06 12:42:42,681 - INFO -   📄 PAGE 160/328
2026-08-06 12:42:42,682 - INFO - ──────────────────────────────────────────────────────────────────────────────────────────
2026-08-06 12:42:42,683 - INFO -      Tous ignorés (10 AO)
2026-08-06 12:42:42,684 - INFO -   ──────────────────────────────────────────────────────────────────────
2026-08-06 12:42:42,685 - INFO -   📊 Page 160: 10 lignes | 0 nouveaux | 10 ignorés
2026-08-06 12:42:42,685 - INFO -      ⏭️ Raisons: Non pertinent: 10
2026-08-06 12:42:42,686 - INFO -   ──────────────────────────────────────────────────────────────────────
2026-08-06 12:42:42,687 - INFO - 
  ⏱️  Progression: 160/328 pages | 5 AO | 5 DCE | 55 min

2026-08-06 12:42:55,802 - INFO - 
──────────────────────────────────────────────────────────────────────────────────────────
2026-08-06 12:42:55,803 - INFO -   📄 PAGE 161/328
2026-08-06 12:42:55,803 - INFO - ──────────────────────────────────────────────────────────────────────────────────────────
2026-08-06 12:42:55,804 - INFO -      Tous ignorés (10 AO)
2026-08-06 12:42:55,805 - INFO -   ──────────────────────────────────────────────────────────────────────
2026-08-06 12:42:55,805 - INFO -   📊 Page 161: 10 lignes | 0 nouveaux | 10 ignorés
2026-08-06 12:42:55,806 - INFO -      ⏭️ Raisons: Déjà en base: 3, Non pertinent: 7
2026-08-06 12:42:55,807 - INFO -   ──────────────────────────────────────────────────────────────────────
2026-08-06 12:43:08,921 - INFO - 
──────────────────────────────────────────────────────────────────────────────────────────
2026-08-06 12:43:08,922 - INFO -   📄 PAGE 162/328
2026-08-06 12:43:08,922 - INFO - ──────────────────────────────────────────────────────────────────────────────────────────
2026-08-06 13:13:11,002 - INFO -   #6    📋 Travaux de recherche et de réparation de fuites sur les réseaux de distribu ⭐  28%  ⏰ 17j      📥 📦 Avis, RC, BP
2026-08-06 13:49:32,762 - INFO -   #7    📋 Etude de réhabilitation des réservoirs d'eau potable (DP SAFI)...Etude de r ⭐  25%  ⏰ 17j      📥 📦 Avis, RC
