2026-08-05 23:23:13,972 - INFO - 
══════════════════════════════════════════════════════════════════════
  🔍 BACKFILL - 3 DERNIERS MOIS
  🕐 Début: 2026-08-05 23:23:13
══════════════════════════════════════════════════════════════════════
2026-08-05 23:23:14,507 - INFO -   🗄️ 31 AO déjà en base

2026-08-05 23:23:41,656 - INFO -   📄 Pages à scanner: 337

2026-08-05 23:29:01,004 - INFO - 
  ┌─ 📄 PAGE 22/337 ──────────────────────────────
2026-08-05 23:29:01,005 - INFO -   │  Lignes: 10  |  📋 Nouveaux AO: 1  |  Ignorés: 9
2026-08-05 23:29:01,006 - INFO -   └──────────────────────────────────────────────────
2026-08-05 23:29:01,006 - INFO - 
  ╔══════════════════════════════════════════════════════════════════════╗
2026-08-05 23:29:01,007 - INFO -   ║ 📋 AO #1  |  ⭐ 41/100 ⭐⭐  |  🔖 34DR1/CD/2026
2026-08-05 23:29:01,007 - INFO -   ╠══════════════════════════════════════════════════════════════════════╣
2026-08-05 23:29:01,008 - INFO -   ║ 📝 Renforcement de l'AEP du centre Ighrem à partir de deux nouveaux forages-Lot 02 : Equipement...Renfo
2026-08-05 23:29:01,009 - INFO -   ║ 🏢 OFFICE NATIONAL DE L'ELECTRICITE ET DE L'EAU POTABLE - BRANC
2026-08-05 23:29:01,011 - INFO -   ║ ⏰ 14/09/2026 (39j) 🟢
2026-08-05 23:29:01,012 - INFO -   ╚══════════════════════════════════════════════════════════════════════╝
2026-08-05 23:29:01,821 - INFO -      📥 Téléchargement DCE...
2026-08-05 23:30:00,337 - INFO -      ✅ DCE téléchargé (58.5s, 2030 KB)
2026-08-05 23:30:00,749 - INFO -   ┌─ EXTRACTION ─────────────────────────────
2026-08-05 23:30:00,758 - INFO -   │ 📢 Avis...
2026-08-05 23:30:01,255 - ERROR -   │ ❌ Erreur chargement avis_ext: No module named 'fitz'
2026-08-05 23:30:02,822 - INFO -   │   ✅ 2 champ(s) extrait(s)
2026-08-05 23:30:02,823 - INFO -   │     🔒 Caution: 12 000 DHS
2026-08-05 23:30:02,825 - INFO -   │     🏗️ Visite: 28-82-34
2026-08-05 23:30:02,826 - INFO -   │ 📜 RC...
2026-08-05 23:30:03,928 - INFO -   │   ✅ RC: 17 champs extraits
2026-08-05 23:30:03,930 - INFO -   │     attestations_demandees: OUI
2026-08-05 23:30:03,932 - INFO -   │     nombre_references: 2
2026-08-05 23:30:03,934 - INFO -   │     caution_provisoire: OUI
2026-08-05 23:30:03,938 - INFO -   │ 📊 BP...
2026-08-05 23:30:08,026 - INFO -   │   ✅ BP: 55 items extraits
2026-08-05 23:30:08,035 - INFO -   └──────────────────────────────────────────
2026-08-05 23:30:53,330 - INFO - 
  ┌─ 📄 PAGE 25/337 ──────────────────────────────
2026-08-05 23:30:53,364 - INFO -   │  Lignes: 10  |  📋 Nouveaux AO: 1  |  Ignorés: 9
2026-08-05 23:30:53,366 - INFO -   └──────────────────────────────────────────────────
2026-08-05 23:30:53,368 - INFO - 
  ╔══════════════════════════════════════════════════════════════════════╗
2026-08-05 23:30:53,369 - INFO -   ║ 📋 AO #2  |  ⭐ 25/100 ⭐  |  🔖 41/DAM/CE/2026
2026-08-05 23:30:53,369 - INFO -   ╠══════════════════════════════════════════════════════════════════════╣
2026-08-05 23:30:53,375 - INFO -   ║ 📝 Maintenance du chromatographe en phase gazeuse couplé au spectromètre de masse de marque Agilent...M
2026-08-05 23:30:53,376 - INFO -   ║ 🏢 OFFICE NATIONAL DE L'ELECTRICITE ET DE L'EAU POTABLE - BRANC
2026-08-05 23:30:53,379 - INFO -   ║ ⏰ 10/09/2026 (35j) 🟢
2026-08-05 23:30:53,379 - INFO -   ╚══════════════════════════════════════════════════════════════════════╝
2026-08-05 23:30:53,707 - INFO -      📥 Téléchargement DCE...
2026-08-05 23:31:32,426 - INFO -      ✅ DCE téléchargé (38.7s, 802 KB)
2026-08-05 23:31:32,990 - INFO -   ┌─ EXTRACTION ─────────────────────────────
2026-08-05 23:31:32,995 - INFO -   │ 📢 Avis...
2026-08-05 23:31:33,026 - ERROR -   │ ❌ Erreur chargement avis_ext: No module named 'fitz'
2026-08-05 23:31:33,888 - INFO -   │   ✅ 2 champ(s) extrait(s)
2026-08-05 23:31:33,888 - INFO -   │     🔒 Caution: 15 DHS
2026-08-05 23:31:33,889 - INFO -   │     🏗️ Visite: 01/01/2024
2026-08-05 23:31:33,889 - INFO -   │ 📜 RC...
2026-08-05 23:31:34,728 - INFO -   │   ✅ RC: 17 champs extraits
2026-08-05 23:31:34,729 - INFO -   │     attestations_demandees: OUI
2026-08-05 23:31:34,730 - INFO -   │     nombre_references: 1
2026-08-05 23:31:34,733 - INFO -   │     caution_provisoire: OUI
2026-08-05 23:31:34,734 - INFO -   │ 📊 BP...
2026-08-05 23:31:35,838 - INFO -   │   ✅ BP: 2 items extraits
2026-08-05 23:31:35,840 - INFO -   └──────────────────────────────────────────
2026-08-05 23:32:04,891 - INFO - 
  ┌─ 📄 PAGE 27/337 ──────────────────────────────
2026-08-05 23:32:04,892 - INFO -   │  Lignes: 10  |  📋 Nouveaux AO: 1  |  Ignorés: 9
2026-08-05 23:32:04,892 - INFO -   └──────────────────────────────────────────────────
2026-08-05 23:32:04,893 - INFO - 
  ╔══════════════════════════════════════════════════════════════════════╗
2026-08-05 23:32:04,893 - INFO -   ║ 📋 AO #3  |  ⭐ 25/100 ⭐  |  🔖 40/DAM/CE/2026
2026-08-05 23:32:04,894 - INFO -   ╠══════════════════════════════════════════════════════════════════════╣
2026-08-05 23:32:04,894 - INFO -   ║ 📝 La réalisation des analyses des micropolluants organiques...La réalisation des analyses des micropol
2026-08-05 23:32:04,895 - INFO -   ║ 🏢 OFFICE NATIONAL DE L'ELECTRICITE ET DE L'EAU POTABLE - BRANC
2026-08-05 23:32:04,896 - INFO -   ║ ⏰ 10/09/2026 (35j) 🟢
2026-08-05 23:32:04,896 - INFO -   ╚══════════════════════════════════════════════════════════════════════╝
2026-08-05 23:32:05,775 - INFO -      📥 Téléchargement DCE...
2026-08-05 23:32:44,892 - INFO -      ✅ DCE téléchargé (39.1s, 801 KB)
2026-08-05 23:32:45,209 - INFO -   ┌─ EXTRACTION ─────────────────────────────
2026-08-05 23:32:45,217 - INFO -   │ 📢 Avis...
2026-08-05 23:32:45,292 - ERROR -   │ ❌ Erreur chargement avis_ext: No module named 'fitz'
2026-08-05 23:32:46,327 - INFO -   │   ✅ 2 champ(s) extrait(s)
2026-08-05 23:32:46,328 - INFO -   │     🔒 Caution: 15 DHS
2026-08-05 23:32:46,330 - INFO -   │     🏗️ Visite: 01/01/2024
2026-08-05 23:32:46,331 - INFO -   │ 📜 RC...
2026-08-05 23:32:47,226 - INFO -   │   ✅ RC: 17 champs extraits
2026-08-05 23:32:47,228 - INFO -   │     attestations_demandees: OUI
2026-08-05 23:32:47,230 - INFO -   │     nombre_references: 1
2026-08-05 23:32:47,231 - INFO -   │     caution_provisoire: OUI
2026-08-05 23:32:47,233 - INFO -   │ 📊 BP...
2026-08-05 23:32:48,251 - INFO -   │   ✅ BP: 1 items extraits
2026-08-05 23:32:48,256 - INFO -   └──────────────────────────────────────────
2026-08-05 23:33:03,345 - INFO - 
  ┌─ 📄 PAGE 28/337 ──────────────────────────────
2026-08-05 23:33:03,345 - INFO -   │  Lignes: 10  |  📋 Nouveaux AO: 1  |  Ignorés: 9
2026-08-05 23:33:03,346 - INFO -   └──────────────────────────────────────────────────
2026-08-05 23:33:03,347 - INFO - 
  ╔══════════════════════════════════════════════════════════════════════╗
2026-08-05 23:33:03,347 - INFO -   ║ 📋 AO #4  |  ⭐ 28/100 ⭐  |  🔖 37/DAM/CE/2026
2026-08-05 23:33:03,348 - INFO -   ╠══════════════════════════════════════════════════════════════════════╣
2026-08-05 23:33:03,348 - INFO -   ║ 📝 Achat des acides pour la Direction Contrôle Qualité des Eaux...Achat des acides pour la Direction Co
2026-08-05 23:33:03,348 - INFO -   ║ 🏢 OFFICE NATIONAL DE L'ELECTRICITE ET DE L'EAU POTABLE - BRANC
2026-08-05 23:33:03,349 - INFO -   ║ ⏰ 10/09/2026 (35j) 🟢
2026-08-05 23:33:03,349 - INFO -   ╚══════════════════════════════════════════════════════════════════════╝
2026-08-05 23:33:03,930 - INFO -      📥 Téléchargement DCE...
2026-08-05 23:33:45,398 - INFO -      ✅ DCE téléchargé (41.5s, 818 KB)
2026-08-05 23:33:46,018 - INFO -   ┌─ EXTRACTION ─────────────────────────────
2026-08-05 23:33:46,025 - INFO -   │ 📢 Avis...
2026-08-05 23:33:46,114 - ERROR -   │ ❌ Erreur chargement avis_ext: No module named 'fitz'
2026-08-05 23:33:47,171 - INFO -   │   ✅ 2 champ(s) extrait(s)
2026-08-05 23:33:47,180 - INFO -   │     🔒 Caution: 17 DHS
2026-08-05 23:33:47,184 - INFO -   │     🏗️ Visite: 01/01/2024
2026-08-05 23:33:47,186 - INFO -   │ 📜 RC...
2026-08-05 23:33:48,015 - INFO -   │   ✅ RC: 16 champs extraits
2026-08-05 23:33:48,016 - INFO -   │     attestations_demandees: OUI
2026-08-05 23:33:48,017 - INFO -   │     caution_provisoire: OUI
2026-08-05 23:33:48,022 - INFO -   │ 📊 BP...
2026-08-05 23:33:49,745 - INFO -   │   ✅ BP: 13 items extraits
2026-08-05 23:33:49,746 - INFO -   └──────────────────────────────────────────
2026-08-05 23:34:21,158 - INFO - 
  ┌─ 📄 PAGE 30/337 ──────────────────────────────
2026-08-05 23:34:21,159 - INFO -   │  Lignes: 10  |  📋 Nouveaux AO: 1  |  Ignorés: 9
2026-08-05 23:34:21,161 - INFO -   └──────────────────────────────────────────────────
2026-08-05 23:34:21,165 - INFO - 
  ╔══════════════════════════════════════════════════════════════════════╗
2026-08-05 23:34:21,166 - INFO -   ║ 📋 AO #5  |  ⭐ 35/100 ⭐  |  🔖 35/2026/SER
2026-08-05 23:34:21,167 - INFO -   ╠══════════════════════════════════════════════════════════════════════╣
2026-08-05 23:34:21,168 - INFO -   ║ 📝 La réalisation d’une étude d’aménagement pour la sécurisation de l’alimentation du périmètre d’irrig
2026-08-05 23:34:21,168 - INFO -   ║ 🏢 OFFICE REGIONAL DE MISE EN VALEUR AGRICOLE DE MELOUIA
2026-08-05 23:34:21,169 - INFO -   ║ ⏰ 10/09/2026 (35j) 🟢
2026-08-05 23:34:21,170 - INFO -   ╚══════════════════════════════════════════════════════════════════════╝
2026-08-05 23:34:23,033 - INFO -      📥 Téléchargement DCE...
2026-08-05 23:35:46,738 - INFO -      ✅ DCE téléchargé (83.7s, 4997 KB)
2026-08-05 23:35:48,118 - INFO -   ┌─ EXTRACTION ─────────────────────────────
2026-08-05 23:35:48,124 - INFO -   │ 📢 Avis...
2026-08-05 23:35:48,173 - ERROR -   │ ❌ Erreur chargement avis_ext: No module named 'fitz'
2026-08-05 23:35:49,173 - INFO -   │   ✅ 1 champ(s) extrait(s)
2026-08-05 23:35:49,174 - INFO -   │     🔒 Caution: 2 DHS
2026-08-05 23:35:49,176 - INFO -   │ 📜 RC...
2026-08-05 23:35:50,281 - INFO -   │   ✅ RC: 15 champs extraits
2026-08-05 23:35:50,283 - INFO -   │     attestations_demandees: OUI
2026-08-05 23:35:50,284 - INFO -   │     caution_provisoire: OUI
2026-08-05 23:35:50,287 - INFO -   │ 📊 BP...
2026-08-05 23:35:52,220 - INFO -   │   ✅ BP: 37 items extraits
2026-08-05 23:35:52,238 - INFO -   └──────────────────────────────────────────
2026-08-05 23:36:21,641 - INFO - 
  ┌─ 📄 PAGE 32/337 ──────────────────────────────
2026-08-05 23:36:21,641 - INFO -   │  Lignes: 10  |  📋 Nouveaux AO: 5  |  Ignorés: 5
2026-08-05 23:36:21,642 - INFO -   └──────────────────────────────────────────────────
2026-08-05 23:36:21,643 - INFO - 
  ╔══════════════════════════════════════════════════════════════════════╗
2026-08-05 23:36:21,643 - INFO -   ║ 📋 AO #6  |  ⭐ 28/100 ⭐  |  🔖 33/DAM/CE/2026
2026-08-05 23:36:21,644 - INFO -   ╠══════════════════════════════════════════════════════════════════════╣
2026-08-05 23:36:21,644 - INFO -   ║ 📝 Achat des accessoires de laboratoire de microbiologie - Accessoires pour appareil de production d'ea
2026-08-05 23:36:21,645 - INFO -   ║ 🏢 OFFICE NATIONAL DE L'ELECTRICITE ET DE L'EAU POTABLE - BRANC
2026-08-05 23:36:21,646 - INFO -   ║ ⏰ 10/09/2026 (35j) 🟢
2026-08-05 23:36:21,646 - INFO -   ╚══════════════════════════════════════════════════════════════════════╝
2026-08-05 23:36:22,575 - INFO -      📥 Téléchargement DCE...
2026-08-05 23:37:02,311 - INFO -      ✅ DCE téléchargé (39.7s, 799 KB)
2026-08-05 23:37:02,628 - INFO -   ┌─ EXTRACTION ─────────────────────────────
2026-08-05 23:37:02,634 - INFO -   │ 📢 Avis...
2026-08-05 23:37:02,713 - ERROR -   │ ❌ Erreur chargement avis_ext: No module named 'fitz'
2026-08-05 23:37:03,484 - INFO -   │   ✅ 2 champ(s) extrait(s)
2026-08-05 23:37:03,486 - INFO -   │     🔒 Caution: 16 DHS
2026-08-05 23:37:03,487 - INFO -   │     🏗️ Visite: 01/01/2024
2026-08-05 23:37:03,489 - INFO -   │ 📜 RC...
2026-08-05 23:37:04,392 - INFO -   │   ✅ RC: 16 champs extraits
2026-08-05 23:37:04,394 - INFO -   │     attestations_demandees: OUI
2026-08-05 23:37:04,396 - INFO -   │     caution_provisoire: OUI
2026-08-05 23:37:04,397 - INFO -   │ 📊 BP...
2026-08-05 23:37:05,323 - INFO -   │   ✅ BP: 10 items extraits
2026-08-05 23:37:05,330 - INFO -   └──────────────────────────────────────────
2026-08-05 23:37:05,333 - INFO - 
  ╔══════════════════════════════════════════════════════════════════════╗
2026-08-05 23:37:05,336 - INFO -   ║ 📋 AO #7  |  ⭐ 28/100 ⭐  |  🔖 32/DR2/2026
2026-08-05 23:37:05,338 - INFO -   ╠══════════════════════════════════════════════════════════════════════╣
2026-08-05 23:37:05,341 - INFO -   ║ 📝 Travaux de maintenance de système de vidéosurveillance et d’anti-intrusion...Travaux de maintenance 
2026-08-05 23:37:05,343 - INFO -   ║ 🏢 OFFICE NATIONAL DE L'ELECTRICITE ET DE L'EAU POTABLE - BRANC
2026-08-05 23:37:05,345 - INFO -   ║ ⏰ 10/09/2026 (35j) 🟢
2026-08-05 23:37:05,347 - INFO -   ╚══════════════════════════════════════════════════════════════════════╝
2026-08-05 23:37:05,794 - INFO -      📥 Téléchargement DCE...
2026-08-05 23:38:12,431 - INFO -      ✅ DCE téléchargé (66.6s, 2143 KB)
2026-08-05 23:38:14,417 - INFO -   ┌─ EXTRACTION ─────────────────────────────
2026-08-05 23:38:14,425 - INFO -   │ 📢 Avis...
2026-08-05 23:38:14,505 - ERROR -   │ ❌ Erreur chargement avis_ext: No module named 'fitz'
2026-08-05 23:38:15,760 - INFO -   │   ✅ 2 champ(s) extrait(s)
2026-08-05 23:38:15,762 - INFO -   │     🔒 Caution: 3 000 DHS
2026-08-05 23:38:15,764 - INFO -   │     🏗️ Visite: 01/01/2024
2026-08-05 23:38:15,765 - INFO -   │ 📜 RC...
2026-08-05 23:38:16,735 - INFO -   │   ✅ RC: 17 champs extraits
2026-08-05 23:38:16,736 - INFO -   │     attestations_demandees: OUI
2026-08-05 23:38:16,738 - INFO -   │     nombre_references: 1
2026-08-05 23:38:16,739 - INFO -   │     caution_provisoire: OUI
2026-08-05 23:38:16,741 - INFO -   │ 📊 BP...
2026-08-05 23:38:17,523 - INFO -   │   ✅ BP: 2 items extraits
2026-08-05 23:38:17,527 - INFO -   └──────────────────────────────────────────
2026-08-05 23:38:17,529 - INFO - 
  ╔══════════════════════════════════════════════════════════════════════╗
2026-08-05 23:38:17,533 - INFO -   ║ 📋 AO #8  |  ⭐ 33/100 ⭐  |  🔖 AO33/DR2/2026
2026-08-05 23:38:17,534 - INFO -   ╠══════════════════════════════════════════════════════════════════════╣
2026-08-05 23:38:17,535 - INFO -   ║ 📝 Gestion des stations de pompage, de reprise, et surveillance de l'adduction et galerie d’eau potable
2026-08-05 23:38:17,536 - INFO -   ║ 🏢 OFFICE NATIONAL DE L'ELECTRICITE ET DE L'EAU POTABLE - BRANC
2026-08-05 23:38:17,549 - INFO -   ║ ⏰ 10/09/2026 (35j) 🟢
2026-08-05 23:38:17,550 - INFO -   ╚══════════════════════════════════════════════════════════════════════╝
2026-08-05 23:38:17,844 - INFO -      📥 Téléchargement DCE...
2026-08-05 23:39:18,705 - INFO -      ✅ DCE téléchargé (60.9s, 2373 KB)
2026-08-05 23:39:19,062 - INFO -   ┌─ EXTRACTION ─────────────────────────────
2026-08-05 23:39:19,071 - INFO -   │ 📢 Avis...
2026-08-05 23:39:19,148 - ERROR -   │ ❌ Erreur chargement avis_ext: No module named 'fitz'
2026-08-05 23:39:20,109 - INFO -   │   ✅ 2 champ(s) extrait(s)
2026-08-05 23:39:20,111 - INFO -   │     🔒 Caution: 8 900 DHS
2026-08-05 23:39:20,113 - INFO -   │     🏗️ Visite: 2-14-394
2026-08-05 23:39:20,115 - INFO -   │ 📜 RC...
2026-08-05 23:39:22,887 - INFO -   │   ✅ RC: 15 champs extraits
2026-08-05 23:39:22,889 - INFO -   │     attestations_demandees: NON
2026-08-05 23:39:22,890 - INFO -   │     nombre_references: 1
2026-08-05 23:39:22,892 - INFO -   │     caution_provisoire: NON
2026-08-05 23:39:22,894 - INFO -   │ 📊 BP...
2026-08-05 23:39:23,897 - INFO -   │   ✅ BP: 15 items extraits
2026-08-05 23:39:23,903 - INFO -   └──────────────────────────────────────────
2026-08-05 23:39:23,905 - INFO - 
  ╔══════════════════════════════════════════════════════════════════════╗
2026-08-05 23:39:23,907 - INFO -   ║ 📋 AO #9  |  ⭐ 28/100 ⭐  |  🔖 TC4130560/2026/ONEEBELEC
2026-08-05 23:39:23,909 - INFO -   ╠══════════════════════════════════════════════════════════════════════╣
2026-08-05 23:39:23,910 - INFO -   ║ 📝 Mise à niveau du système contrôle commande du poste 225/60 kV de la Centrale Thermique de Mohammedia
2026-08-05 23:39:23,912 - INFO -   ║ 🏢 OFFICE NATIONALE DE L'ELECTRICITE ET DE L'EAU POTABLE - BRAN
2026-08-05 23:39:23,914 - INFO -   ║ ⏰ 10/09/2026 (35j) 🟢
2026-08-05 23:39:23,916 - INFO -   ╚══════════════════════════════════════════════════════════════════════╝
2026-08-05 23:39:24,217 - INFO -      📥 Téléchargement DCE...
2026-08-05 23:41:19,531 - INFO -      ✅ DCE téléchargé (115.3s, 7957 KB)
2026-08-05 23:41:20,139 - INFO -   ┌─ EXTRACTION ─────────────────────────────
2026-08-05 23:41:20,155 - INFO -   │ 📢 Avis...
2026-08-05 23:41:20,233 - ERROR -   │ ❌ Erreur chargement avis_ext: No module named 'fitz'
2026-08-05 23:41:21,493 - INFO -   │   ⚠️ Aucune info Avis trouvée
2026-08-05 23:41:21,494 - INFO -   │ 📜 RC...
2026-08-05 23:41:21,554 - INFO -   │   ⚠️ Aucun fichier RC trouvé
2026-08-05 23:41:21,556 - INFO -   │ 📊 BP...
2026-08-05 23:41:21,625 - INFO -   │   ⚠️ Aucun fichier BP trouvé
2026-08-05 23:41:21,629 - INFO -   └──────────────────────────────────────────
2026-08-05 23:41:21,630 - INFO - 
  ╔══════════════════════════════════════════════════════════════════════╗
2026-08-05 23:41:21,631 - INFO -   ║ 📋 AO #10  |  ⭐ 28/100 ⭐  |  🔖 41DR3/2026
2026-08-05 23:41:21,632 - INFO -   ╠══════════════════════════════════════════════════════════════════════╣
2026-08-05 23:41:21,633 - INFO -   ║ 📝 Sécurisation des regards et ouvrages techniques au niveau des centres relevant du sp3/3....Sécurisat
2026-08-05 23:41:21,633 - INFO -   ║ 🏢 OFFICE NATIONAL DE L'ELECTRICITE ET DE L'EAU POTABLE - BRANC
2026-08-05 23:41:21,635 - INFO -   ║ ⏰ 10/09/2026 (35j) 🟢
2026-08-05 23:41:21,635 - INFO -   ╚══════════════════════════════════════════════════════════════════════╝
2026-08-05 23:41:22,090 - INFO -      📥 Téléchargement DCE...
2026-08-05 23:42:28,292 - INFO -      ✅ DCE téléchargé (66.2s, 3431 KB)
2026-08-05 23:42:29,150 - INFO -   ┌─ EXTRACTION ─────────────────────────────
2026-08-05 23:42:29,160 - INFO -   │ 📢 Avis...
2026-08-05 23:42:29,243 - ERROR -   │ ❌ Erreur chargement avis_ext: No module named 'fitz'
2026-08-05 23:42:29,676 - INFO -   │   ⚠️ Aucune info Avis trouvée
2026-08-05 23:42:29,677 - INFO -   │ 📜 RC...
2026-08-05 23:42:29,728 - INFO -   │   ⚠️ Aucun fichier RC trouvé
2026-08-05 23:42:29,729 - INFO -   │ 📊 BP...
2026-08-05 23:42:30,581 - INFO -   │   ✅ BP: 19 items extraits
2026-08-05 23:42:30,585 - INFO -   └──────────────────────────────────────────
2026-08-05 23:42:44,934 - INFO - 
  ┌─ 📄 PAGE 33/337 ──────────────────────────────
2026-08-05 23:42:44,935 - INFO -   │  Lignes: 10  |  📋 Nouveaux AO: 1  |  Ignorés: 9
2026-08-05 23:42:44,935 - INFO -   └──────────────────────────────────────────────────
2026-08-05 23:42:44,936 - INFO - 
  ╔══════════════════════════════════════════════════════════════════════╗
2026-08-05 23:42:44,937 - INFO -   ║ 📋 AO #11  |  ⭐ 25/100 ⭐  |  🔖 09/2026/DRHAG
2026-08-05 23:42:44,938 - INFO -   ╠══════════════════════════════════════════════════════════════════════╣
2026-08-05 23:42:44,938 - INFO -   ║ 📝 La passation d’un marché reconductible pour l’entretien, le nettoyage et la désinfection des bâtimen
2026-08-05 23:42:44,939 - INFO -   ║ 🏢 HAUT COMMISSARIAT AU PLAN
2026-08-05 23:42:44,940 - INFO -   ║ ⏰ 10/09/2026 (35j) 🟢
2026-08-05 23:42:44,941 - INFO -   ╚══════════════════════════════════════════════════════════════════════╝
2026-08-05 23:42:45,256 - INFO -      📥 Téléchargement DCE...
2026-08-05 23:45:35,328 - INFO -      ❌ Échec upload Supabase
2026-08-05 23:45:35,332 - INFO -      ⚠️ Pas de DCE disponible
2026-08-05 23:45:51,208 - INFO - 
  ┌─ 📄 PAGE 34/337 ──────────────────────────────
2026-08-05 23:45:51,208 - INFO -   │  Lignes: 10  |  📋 Nouveaux AO: 3  |  Ignorés: 7
2026-08-05 23:45:51,209 - INFO -   └──────────────────────────────────────────────────
2026-08-05 23:45:51,209 - INFO - 
  ╔══════════════════════════════════════════════════════════════════════╗
2026-08-05 23:45:51,210 - INFO -   ║ 📋 AO #12  |  ⭐ 31/100 ⭐  |  🔖 TS4130117/2026/09/ONEEBELEC
2026-08-05 23:45:51,210 - INFO -   ╠══════════════════════════════════════════════════════════════════════╣
2026-08-05 23:45:51,211 - INFO -   ║ 📝 CONSTRUCTION DU SIEGE ET BÂTIMENTS INDUSTRIELS DE LA DIRECTION TRANSPORT REGION SUD - AGADIR...CONST
2026-08-05 23:45:51,211 - INFO -   ║ 🏢 OFFICE NATIONALE DE L'ELECTRICITE ET DE L'EAU POTABLE - BRAN
2026-08-05 23:45:51,211 - INFO -   ║ ⏰ 10/09/2026 (35j) 🟢
2026-08-05 23:45:51,212 - INFO -   ╚══════════════════════════════════════════════════════════════════════╝
2026-08-05 23:45:52,119 - INFO -      📥 Téléchargement DCE...
2026-08-05 23:48:53,626 - INFO -      ❌ Échec upload Supabase
2026-08-05 23:48:53,628 - INFO -      ⚠️ Pas de DCE disponible
2026-08-05 23:48:53,630 - INFO - 
  ╔══════════════════════════════════════════════════════════════════════╗
2026-08-05 23:48:53,632 - INFO -   ║ 📋 AO #13  |  ⭐ 28/100 ⭐  |  🔖 TS4130670/2026/11/ONEEBELEC
2026-08-05 23:48:53,634 - INFO -   ╠══════════════════════════════════════════════════════════════════════╣
2026-08-05 23:48:53,636 - INFO -   ║ 📝 REMPLACEMENT ET PROTECTION DES PYLÔNES 225 KV AU NIVEAU DU OUED TENSIFT...REMPLACEMENT ET PROTECTION
2026-08-05 23:48:53,638 - INFO -   ║ 🏢 OFFICE NATIONALE DE L'ELECTRICITE ET DE L'EAU POTABLE - BRAN
2026-08-05 23:48:53,640 - INFO -   ║ ⏰ 10/09/2026 (35j) 🟢
2026-08-05 23:48:53,643 - INFO -   ╚══════════════════════════════════════════════════════════════════════╝
2026-08-05 23:48:56,277 - INFO -      📥 Téléchargement DCE...
2026-08-05 23:50:15,980 - INFO -      ✅ DCE téléchargé (79.7s, 4350 KB)
2026-08-05 23:50:16,393 - INFO -   ┌─ EXTRACTION ─────────────────────────────
2026-08-05 23:50:16,403 - INFO -   │ 📢 Avis...
2026-08-05 23:50:16,478 - ERROR -   │ ❌ Erreur chargement avis_ext: No module named 'fitz'
2026-08-05 23:50:17,009 - INFO -   │   ⚠️ Aucune info Avis trouvée
2026-08-05 23:50:17,010 - INFO -   │ 📜 RC...
2026-08-05 23:50:17,064 - INFO -   │   ⚠️ Aucun fichier RC trouvé
2026-08-05 23:50:17,065 - INFO -   │ 📊 BP...
2026-08-05 23:50:17,130 - INFO -   │   ⚠️ Aucun fichier BP trouvé
2026-08-05 23:50:17,133 - INFO -   └──────────────────────────────────────────
2026-08-05 23:50:17,134 - INFO - 
  ╔══════════════════════════════════════════════════════════════════════╗
2026-08-05 23:50:17,135 - INFO -   ║ 📋 AO #14  |  ⭐ 28/100 ⭐  |  🔖 TC4130724/2026/ONEEBELEC
2026-08-05 23:50:17,135 - INFO -   ╠══════════════════════════════════════════════════════════════════════╣
2026-08-05 23:50:17,136 - INFO -   ║ 📝 refonte des lignes 60kV du réseau Casablanca – Settat : 
-	N°266 DAOURAT – IMFOUT,
-	N°398 SIDI MAAR
2026-08-05 23:50:17,137 - INFO -   ║ 🏢 OFFICE NATIONALE DE L'ELECTRICITE ET DE L'EAU POTABLE - BRAN
2026-08-05 23:50:17,137 - INFO -   ║ ⏰ 10/09/2026 (35j) 🟢
2026-08-05 23:50:17,138 - INFO -   ╚══════════════════════════════════════════════════════════════════════╝
2026-08-05 23:50:17,538 - INFO -      📥 Téléchargement DCE...
2026-08-05 23:51:48,345 - INFO -      ✅ DCE téléchargé (90.8s, 5654 KB)
2026-08-05 23:51:50,400 - INFO -   ┌─ EXTRACTION ─────────────────────────────
2026-08-05 23:51:50,416 - INFO -   │ 📢 Avis...
2026-08-05 23:51:50,518 - ERROR -   │ ❌ Erreur chargement avis_ext: No module named 'fitz'
2026-08-05 23:51:52,124 - INFO -   │   ⚠️ Aucune info Avis trouvée
2026-08-05 23:51:52,125 - INFO -   │ 📜 RC...
2026-08-05 23:51:52,181 - INFO -   │   ⚠️ Aucun fichier RC trouvé
2026-08-05 23:51:52,183 - INFO -   │ 📊 BP...
2026-08-05 23:51:52,245 - INFO -   │   ⚠️ Aucun fichier BP trouvé
2026-08-05 23:51:52,249 - INFO -   └──────────────────────────────────────────
2026-08-05 23:53:04,643 - INFO - 
  ┌─ 📄 PAGE 39/337 ──────────────────────────────
2026-08-05 23:53:04,644 - INFO -   │  Lignes: 10  |  📋 Nouveaux AO: 1  |  Ignorés: 9
2026-08-05 23:53:04,644 - INFO -   └──────────────────────────────────────────────────
2026-08-05 23:53:04,645 - INFO - 
  ╔══════════════════════════════════════════════════════════════════════╗
2026-08-05 23:53:04,645 - INFO -   ║ 📋 AO #15  |  ⭐ 41/100 ⭐⭐  |  🔖 27/DAM/ET/2026
2026-08-05 23:53:04,646 - INFO -   ╠══════════════════════════════════════════════════════════════════════╣
2026-08-05 23:53:04,646 - INFO -   ║ 📝 AEP d’Agadir à partir du barrage Tamri - Lot n°1: Conduites - Equipements- Génie Civil...AEP d’Agadi
2026-08-05 23:53:04,647 - INFO -   ║ 🏢 OFFICE NATIONAL DE L'ELECTRICITE ET DE L'EAU POTABLE - BRANC
2026-08-05 23:53:04,647 - INFO -   ║ ⏰ 09/09/2026 (34j) 🟢
2026-08-05 23:53:04,648 - INFO -   ╚══════════════════════════════════════════════════════════════════════╝
2026-08-05 23:53:05,656 - INFO -      📥 Téléchargement DCE...
2026-08-05 23:56:36,414 - INFO -      ❌ Échec upload Supabase
2026-08-05 23:56:36,416 - INFO -      ⚠️ Pas de DCE disponible
2026-08-05 23:57:07,538 - INFO - 
  ┌─ 📄 PAGE 41/337 ──────────────────────────────
2026-08-05 23:57:07,539 - INFO -   │  Lignes: 10  |  📋 Nouveaux AO: 2  |  Ignorés: 8
2026-08-05 23:57:07,540 - INFO -   └──────────────────────────────────────────────────
2026-08-05 23:57:07,541 - INFO - 
  ╔══════════════════════════════════════════════════════════════════════╗
2026-08-05 23:57:07,541 - INFO -   ║ 📋 AO #16  |  ⭐ 30/100 ⭐  |  🔖 AS4130340
2026-08-05 23:57:07,542 - INFO -   ╠══════════════════════════════════════════════════════════════════════╣
2026-08-05 23:57:07,543 - INFO -   ║ 📝 Acquisition et mise en œuvre d’une solution de modélisation et de gestion du réseau télécom de l’ONE
2026-08-05 23:57:07,543 - INFO -   ║ 🏢 OFFICE NATIONALE DE L'ELECTRICITE ET DE L'EAU POTABLE - BRAN
2026-08-05 23:57:07,544 - INFO -   ║ ⏰ 09/09/2026 (34j) 🟢
2026-08-05 23:57:07,545 - INFO -   ╚══════════════════════════════════════════════════════════════════════╝
2026-08-05 23:57:08,654 - INFO -      📥 Téléchargement DCE...
2026-08-05 23:58:33,492 - INFO -      ✅ DCE téléchargé (84.8s, 3571 KB)
2026-08-05 23:58:33,810 - INFO -   ┌─ EXTRACTION ─────────────────────────────
2026-08-05 23:58:33,816 - INFO -   │ 📢 Avis...
2026-08-05 23:58:33,862 - ERROR -   │ ❌ Erreur chargement avis_ext: No module named 'fitz'
2026-08-05 23:58:34,613 - INFO -   │   ⚠️ Aucune info Avis trouvée
2026-08-05 23:58:34,613 - INFO -   │ 📜 RC...
2026-08-05 23:58:34,675 - INFO -   │   ⚠️ Aucun fichier RC trouvé
2026-08-05 23:58:34,676 - INFO -   │ 📊 BP...
2026-08-05 23:58:34,807 - INFO -   │   ⚠️ Aucun fichier BP trouvé
2026-08-05 23:58:34,810 - INFO -   └──────────────────────────────────────────
2026-08-05 23:58:34,812 - INFO - 
  ╔══════════════════════════════════════════════════════════════════════╗
2026-08-05 23:58:34,813 - INFO -   ║ 📋 AO #17  |  ⭐ 31/100 ⭐  |  🔖 09/FSTT/2026
2026-08-05 23:58:34,815 - INFO -   ╠══════════════════════════════════════════════════════════════════════╣
2026-08-05 23:58:34,816 - INFO -   ║ 📝 Fourniture, L’installation, La Configuration Et Le Test De Matériels Scientifiques Et Techniques Pou
2026-08-05 23:58:34,818 - INFO -   ║ 🏢 FACULTE DES SCIENCES ET TECHNIQUES TANGER
2026-08-05 23:58:34,819 - INFO -   ║ ⏰ 08/09/2026 (33j) 🟢
2026-08-05 23:58:34,820 - INFO -   ╚══════════════════════════════════════════════════════════════════════╝
2026-08-05 23:58:35,177 - INFO -      📥 Téléchargement DCE...
2026-08-06 00:01:26,773 - INFO -      ❌ Échec upload Supabase
2026-08-06 00:01:26,776 - INFO -      ⚠️ Pas de DCE disponible
2026-08-06 00:02:51,361 - INFO - 
  ┌─ 📄 PAGE 47/337 ──────────────────────────────
2026-08-06 00:02:51,361 - INFO -   │  Lignes: 10  |  📋 Nouveaux AO: 2  |  Ignorés: 8
2026-08-06 00:02:51,362 - INFO -   └──────────────────────────────────────────────────
2026-08-06 00:02:51,362 - INFO - 
  ╔══════════════════════════════════════════════════════════════════════╗
2026-08-06 00:02:51,363 - INFO -   ║ 📋 AO #18  |  ⭐ 28/100 ⭐  |  🔖 39DR3/2026
2026-08-06 00:02:51,363 - INFO -   ╠══════════════════════════════════════════════════════════════════════╣
2026-08-06 00:02:51,363 - INFO -   ║ 📝 Travaux de maintenance des équipements hydromécaniques au niveau des centres relevant du SP3/3...Tra
2026-08-06 00:02:51,364 - INFO -   ║ 🏢 OFFICE NATIONAL DE L'ELECTRICITE ET DE L'EAU POTABLE - BRANC
2026-08-06 00:02:51,364 - INFO -   ║ ⏰ 08/09/2026 (33j) 🟢
2026-08-06 00:02:51,365 - INFO -   ╚══════════════════════════════════════════════════════════════════════╝
2026-08-06 00:02:53,607 - INFO -      📥 Téléchargement DCE...
2026-08-06 00:04:04,655 - INFO -      ✅ DCE téléchargé (71.0s, 3270 KB)
2026-08-06 00:04:06,849 - INFO -   ┌─ EXTRACTION ─────────────────────────────
2026-08-06 00:04:06,856 - INFO -   │ 📢 Avis...
2026-08-06 00:04:06,875 - ERROR -   │ ❌ Erreur chargement avis_ext: No module named 'fitz'
2026-08-06 00:04:07,170 - INFO -   │   ⚠️ Aucune info Avis trouvée
2026-08-06 00:04:07,171 - INFO -   │ 📜 RC...
2026-08-06 00:04:07,207 - INFO -   │   ⚠️ Aucun fichier RC trouvé
2026-08-06 00:04:07,209 - INFO -   │ 📊 BP...
2026-08-06 00:04:09,400 - INFO -   │   ✅ BP: 203 items extraits
2026-08-06 00:04:09,402 - INFO -   └──────────────────────────────────────────
2026-08-06 00:04:09,402 - INFO - 
  ╔══════════════════════════════════════════════════════════════════════╗
2026-08-06 00:04:09,403 - INFO -   ║ 📋 AO #19  |  ⭐ 36/100 ⭐  |  🔖 10009289
2026-08-06 00:04:09,403 - INFO -   ╠══════════════════════════════════════════════════════════════════════╣
2026-08-06 00:04:09,404 - INFO -   ║ 📝 Réhabilitation du réseau d'assainissement liquide aux centres relevant de la province Jerada – Tranc
2026-08-06 00:04:09,405 - INFO -   ║ 🏢 SOCIETE REGIONALE MULTISERVICES DE L'ORIENTAL S.A
2026-08-06 00:04:09,405 - INFO -   ║ ⏰ 08/09/2026 (33j) 🟢
2026-08-06 00:04:09,405 - INFO -   ╚══════════════════════════════════════════════════════════════════════╝
2026-08-06 00:04:09,763 - INFO -      📥 Téléchargement DCE...
2026-08-06 00:06:56,492 - INFO -      ❌ Échec upload Supabase
2026-08-06 00:06:56,495 - INFO -      ⚠️ Pas de DCE disponible
2026-08-06 00:07:12,212 - INFO - 
  ┌─ 📄 PAGE 48/337 ──────────────────────────────
2026-08-06 00:07:12,213 - INFO -   │  Lignes: 10  |  📋 Nouveaux AO: 1  |  Ignorés: 9
2026-08-06 00:07:12,213 - INFO -   └──────────────────────────────────────────────────
2026-08-06 00:07:12,213 - INFO - 
  ╔══════════════════════════════════════════════════════════════════════╗
2026-08-06 00:07:12,214 - INFO -   ║ 📋 AO #20  |  ⭐ 38/100 ⭐  |  🔖 38DR3/2026
2026-08-06 00:07:12,214 - INFO -   ╠══════════════════════════════════════════════════════════════════════╣
2026-08-06 00:07:12,215 - INFO -   ║ 📝 Manutention et préparation des réactifs de la station de traitement Khénifra...Manutention et prépar
2026-08-06 00:07:12,215 - INFO -   ║ 🏢 OFFICE NATIONAL DE L'ELECTRICITE ET DE L'EAU POTABLE - BRANC
2026-08-06 00:07:12,215 - INFO -   ║ ⏰ 08/09/2026 (33j) 🟢
2026-08-06 00:07:12,216 - INFO -   ╚══════════════════════════════════════════════════════════════════════╝
2026-08-06 00:07:13,224 - INFO -      📥 Téléchargement DCE...
2026-08-06 00:08:18,408 - INFO -      ✅ DCE téléchargé (65.2s, 3344 KB)
2026-08-06 00:08:19,755 - INFO -   ┌─ EXTRACTION ─────────────────────────────
2026-08-06 00:08:19,758 - INFO -   │ 📢 Avis...
2026-08-06 00:08:19,773 - ERROR -   │ ❌ Erreur chargement avis_ext: No module named 'fitz'
2026-08-06 00:08:20,073 - INFO -   │   ⚠️ Aucune info Avis trouvée
2026-08-06 00:08:20,073 - INFO -   │ 📜 RC...
2026-08-06 00:08:20,102 - INFO -   │   ⚠️ Aucun fichier RC trouvé
2026-08-06 00:08:20,103 - INFO -   │ 📊 BP...
2026-08-06 00:08:20,886 - INFO -   │   ✅ BP: 4 items extraits
2026-08-06 00:08:20,888 - INFO -   └──────────────────────────────────────────
2026-08-06 00:08:48,102 - INFO - 
  ┌─ 📄 PAGE 50/337 ──────────────────────────────
2026-08-06 00:08:48,103 - INFO -   │  Lignes: 10  |  📋 Nouveaux AO: 1  |  Ignorés: 9
2026-08-06 00:08:48,103 - INFO -   └──────────────────────────────────────────────────
2026-08-06 00:08:48,104 - INFO - 
  ╔══════════════════════════════════════════════════════════════════════╗
2026-08-06 00:08:48,104 - INFO -   ║ 📋 AO #21  |  ⭐ 28/100 ⭐  |  🔖 13/2026
2026-08-06 00:08:48,105 - INFO -   ╠══════════════════════════════════════════════════════════════════════╣
2026-08-06 00:08:48,106 - INFO -   ║ 📝 LES TRAVAUX D’ASSAINISSEMENT ET CURAGE DES REGARDS ET CONDUITES D’ASSAINISSEMENT DU MARCHE DE GROS D
2026-08-06 00:08:48,106 - INFO -   ║ 🏢 CASABLANCA PRESTATIONS
2026-08-06 00:08:48,107 - INFO -   ║ ⏰ 08/09/2026 (33j) 🟢
2026-08-06 00:08:48,107 - INFO -   ╚══════════════════════════════════════════════════════════════════════╝
2026-08-06 00:08:48,913 - INFO -      📥 Téléchargement DCE...
2026-08-06 00:10:10,868 - INFO -      ✅ DCE téléchargé (82.0s, 5154 KB)
2026-08-06 00:10:13,026 - INFO -   ┌─ EXTRACTION ─────────────────────────────
2026-08-06 00:10:13,030 - INFO -   │ 📢 Avis...
2026-08-06 00:10:13,058 - ERROR -   │ ❌ Erreur chargement avis_ext: No module named 'fitz'
2026-08-06 00:10:13,558 - INFO -   │   ⚠️ Aucune info Avis trouvée
2026-08-06 00:10:13,559 - INFO -   │ 📜 RC...
2026-08-06 00:10:13,611 - INFO -   │   ⚠️ Aucune info RC extraite
2026-08-06 00:10:13,613 - INFO -   │ 📊 BP...
2026-08-06 00:10:13,653 - INFO -   │   ⚠️ Aucun fichier BP trouvé
2026-08-06 00:10:13,655 - INFO -   └──────────────────────────────────────────
2026-08-06 00:10:13,656 - INFO - 
  📈 Page 50/337 | 21 AO | 16 DCE | 46min

2026-08-06 00:10:41,346 - INFO - 
  ┌─ 📄 PAGE 52/337 ──────────────────────────────
2026-08-06 00:10:41,347 - INFO -   │  Lignes: 10  |  📋 Nouveaux AO: 4  |  Ignorés: 6
2026-08-06 00:10:41,347 - INFO -   └──────────────────────────────────────────────────
2026-08-06 00:10:41,348 - INFO - 
  ╔══════════════════════════════════════════════════════════════════════╗
2026-08-06 00:10:41,348 - INFO -   ║ 📋 AO #22  |  ⭐ 25/100 ⭐  |  🔖 31/DAM/S/2026
2026-08-06 00:10:41,349 - INFO -   ╠══════════════════════════════════════════════════════════════════════╣
2026-08-06 00:10:41,349 - INFO -   ║ 📝 Etalonnage et entretien des appareils de mesures...Etalonnage et entretien des appareils de mesures
2026-08-06 00:10:41,350 - INFO -   ║ 🏢 OFFICE NATIONAL DE L'ELECTRICITE ET DE L'EAU POTABLE - BRANC
2026-08-06 00:10:41,350 - INFO -   ║ ⏰ 08/09/2026 (33j) 🟢
2026-08-06 00:10:41,350 - INFO -   ╚══════════════════════════════════════════════════════════════════════╝
2026-08-06 00:10:42,171 - INFO -      📥 Téléchargement DCE...
2026-08-06 00:11:30,751 - INFO -      ✅ DCE téléchargé (48.6s, 1661 KB)
2026-08-06 00:11:31,196 - INFO -   ┌─ EXTRACTION ─────────────────────────────
2026-08-06 00:11:31,198 - INFO -   │ 📢 Avis...
2026-08-06 00:11:31,217 - ERROR -   │ ❌ Erreur chargement avis_ext: No module named 'fitz'
2026-08-06 00:11:31,408 - INFO -   │   ⚠️ Aucune info Avis trouvée
2026-08-06 00:11:31,408 - INFO -   │ 📜 RC...
2026-08-06 00:11:31,455 - INFO -   │   ⚠️ Aucune info RC extraite
2026-08-06 00:11:31,456 - INFO -   │ 📊 BP...
2026-08-06 00:11:32,336 - INFO -   │   ✅ BP: 44 items extraits
2026-08-06 00:11:32,337 - INFO -   └──────────────────────────────────────────
2026-08-06 00:11:32,338 - INFO - 
  ╔══════════════════════════════════════════════════════════════════════╗
2026-08-06 00:11:32,338 - INFO -   ║ 📋 AO #23  |  ⭐ 25/100 ⭐  |  🔖 GN1130263/2026/DXG
2026-08-06 00:11:32,339 - INFO -   ╠══════════════════════════════════════════════════════════════════════╣
2026-08-06 00:11:32,339 - INFO -   ║ 📝 Prestation de caractérisation des eaux chargées de la centrale TAG de Tétouan...Prestation de caract
2026-08-06 00:11:32,340 - INFO -   ║ 🏢 OFFICE NATIONALE DE L'ELECTRICITE ET DE L'EAU POTABLE - BRAN
2026-08-06 00:11:32,340 - INFO -   ║ ⏰ 08/09/2026 (33j) 🟢
2026-08-06 00:11:32,341 - INFO -   ╚══════════════════════════════════════════════════════════════════════╝
2026-08-06 00:11:32,648 - INFO -      📥 Téléchargement DCE...
2026-08-06 00:12:23,051 - INFO -      ✅ DCE téléchargé (50.4s, 1936 KB)
2026-08-06 00:12:23,404 - INFO -   ┌─ EXTRACTION ─────────────────────────────
2026-08-06 00:12:23,410 - INFO -   │ 📢 Avis...
2026-08-06 00:12:23,429 - ERROR -   │ ❌ Erreur chargement avis_ext: No module named 'fitz'
2026-08-06 00:12:23,626 - INFO -   │   ⚠️ Aucune info Avis trouvée
2026-08-06 00:12:23,627 - INFO -   │ 📜 RC...
2026-08-06 00:12:23,661 - INFO -   │   ⚠️ Aucun fichier RC trouvé
2026-08-06 00:12:23,661 - INFO -   │ 📊 BP...
2026-08-06 00:12:23,700 - INFO -   │   ⚠️ Aucun fichier BP trouvé
2026-08-06 00:12:23,701 - INFO -   └──────────────────────────────────────────
2026-08-06 00:12:23,702 - INFO - 
  ╔══════════════════════════════════════════════════════════════════════╗
2026-08-06 00:12:23,702 - INFO -   ║ 📋 AO #24  |  ⭐ 25/100 ⭐  |  🔖 GN1130823/2026/DXG
2026-08-06 00:12:23,703 - INFO -   ╠══════════════════════════════════════════════════════════════════════╣
2026-08-06 00:12:23,703 - INFO -   ║ 📝 Prestation de réalisation des campagnes de mesures pour la caractérisation des émissions atmosphériq
2026-08-06 00:12:23,704 - INFO -   ║ 🏢 OFFICE NATIONALE DE L'ELECTRICITE ET DE L'EAU POTABLE - BRAN
2026-08-06 00:12:23,704 - INFO -   ║ ⏰ 08/09/2026 (33j) 🟢
2026-08-06 00:12:23,705 - INFO -   ╚══════════════════════════════════════════════════════════════════════╝
2026-08-06 00:12:24,007 - INFO -      📥 Téléchargement DCE...
2026-08-06 00:13:11,875 - INFO -      ✅ DCE téléchargé (47.9s, 1789 KB)
2026-08-06 00:13:12,157 - INFO -   ┌─ EXTRACTION ─────────────────────────────
2026-08-06 00:13:12,166 - INFO -   │ 📢 Avis...
2026-08-06 00:13:12,203 - ERROR -   │ ❌ Erreur chargement avis_ext: No module named 'fitz'
2026-08-06 00:13:12,384 - INFO -   │   ⚠️ Aucune info Avis trouvée
2026-08-06 00:13:12,384 - INFO -   │ 📜 RC...
2026-08-06 00:13:12,419 - INFO -   │   ⚠️ Aucun fichier RC trouvé
2026-08-06 00:13:12,419 - INFO -   │ 📊 BP...
2026-08-06 00:13:12,458 - INFO -   │   ⚠️ Aucun fichier BP trouvé
2026-08-06 00:13:12,459 - INFO -   └──────────────────────────────────────────
2026-08-06 00:13:12,460 - INFO - 
  ╔══════════════════════════════════════════════════════════════════════╗
2026-08-06 00:13:12,460 - INFO -   ║ 📋 AO #25  |  ⭐ 28/100 ⭐  |  🔖 37DR3/2026
2026-08-06 00:13:12,461 - INFO -   ╠══════════════════════════════════════════════════════════════════════╣
2026-08-06 00:13:12,461 - INFO -   ║ 📝 Entretien et réparation des conduites en AC et PVC de diamètres supérieurs ou égal à 400 mm aux cent
2026-08-06 00:13:12,462 - INFO -   ║ 🏢 OFFICE NATIONAL DE L'ELECTRICITE ET DE L'EAU POTABLE - BRANC
2026-08-06 00:13:12,462 - INFO -   ║ ⏰ 08/09/2026 (33j) 🟢
2026-08-06 00:13:12,464 - INFO -   ╚══════════════════════════════════════════════════════════════════════╝
2026-08-06 00:13:12,780 - INFO -      📥 Téléchargement DCE...
2026-08-06 00:14:19,492 - INFO -      ✅ DCE téléchargé (66.7s, 3352 KB)
2026-08-06 00:14:21,614 - INFO -   ┌─ EXTRACTION ─────────────────────────────
2026-08-06 00:14:21,617 - INFO -   │ 📢 Avis...
2026-08-06 00:14:21,635 - ERROR -   │ ❌ Erreur chargement avis_ext: No module named 'fitz'
2026-08-06 00:14:21,948 - INFO -   │   ⚠️ Aucune info Avis trouvée
2026-08-06 00:14:21,949 - INFO -   │ 📜 RC...
2026-08-06 00:14:21,982 - INFO -   │   ⚠️ Aucun fichier RC trouvé
2026-08-06 00:14:21,984 - INFO -   │ 📊 BP...
2026-08-06 00:14:23,175 - INFO -   │   ✅ BP: 33 items extraits
2026-08-06 00:14:23,181 - INFO -   └──────────────────────────────────────────
2026-08-06 00:14:51,242 - INFO - 
  ┌─ 📄 PAGE 54/337 ──────────────────────────────
2026-08-06 00:14:51,243 - INFO -   │  Lignes: 10  |  📋 Nouveaux AO: 7  |  Ignorés: 3
2026-08-06 00:14:51,243 - INFO -   └──────────────────────────────────────────────────
2026-08-06 00:14:51,243 - INFO - 
  ╔══════════════════════════════════════════════════════════════════════╗
2026-08-06 00:14:51,244 - INFO -   ║ 📋 AO #26  |  ⭐ 44/100 ⭐⭐  |  🔖 10007806
2026-08-06 00:14:51,245 - INFO -   ╠══════════════════════════════════════════════════════════════════════╣
2026-08-06 00:14:51,245 - INFO -   ║ 📝 Fourniture et installation des échantillonneurs automatiques et d’un débitmètre pour les STEP de la 
2026-08-06 00:14:51,245 - INFO -   ║ 🏢 SOCIETE REGIONALE MULTISERVICES DE L'ORIENTAL S.A
2026-08-06 00:14:51,246 - INFO -   ║ ⏰ 08/09/2026 (33j) 🟢
2026-08-06 00:14:51,246 - INFO -   ╚══════════════════════════════════════════════════════════════════════╝
2026-08-06 00:14:53,163 - INFO -      📥 Téléchargement DCE...
2026-08-06 00:15:49,512 - INFO -      ✅ DCE téléchargé (56.3s, 2552 KB)
2026-08-06 00:15:50,085 - INFO -   ┌─ EXTRACTION ─────────────────────────────
2026-08-06 00:15:50,088 - INFO -   │ 📢 Avis...
2026-08-06 00:15:50,109 - ERROR -   │ ❌ Erreur chargement avis_ext: No module named 'fitz'
2026-08-06 00:15:50,486 - INFO -   │   ⚠️ Aucune info Avis trouvée
2026-08-06 00:15:50,487 - INFO -   │ 📜 RC...
2026-08-06 00:15:50,533 - INFO -   │   ⚠️ Aucune info RC extraite
2026-08-06 00:15:50,534 - INFO -   │ 📊 BP...
2026-08-06 00:15:50,574 - INFO -   │   ⚠️ Aucun item BP extrait
2026-08-06 00:15:50,575 - INFO -   └──────────────────────────────────────────
2026-08-06 00:15:50,576 - INFO - 
  ╔══════════════════════════════════════════════════════════════════════╗
2026-08-06 00:15:50,576 - INFO -   ║ 📋 AO #27  |  ⭐ 28/100 ⭐  |  🔖 10010170
2026-08-06 00:15:50,577 - INFO -   ╠══════════════════════════════════════════════════════════════════════╣
2026-08-06 00:15:50,578 - INFO -   ║ 📝 Travaux d’entretien du réseau d’assainissement liquide dans la préfecture Oujda – Angad...Travaux d’
2026-08-06 00:15:50,578 - INFO -   ║ 🏢 SOCIETE REGIONALE MULTISERVICES DE L'ORIENTAL S.A
2026-08-06 00:15:50,579 - INFO -   ║ ⏰ 08/09/2026 (33j) 🟢
2026-08-06 00:15:50,579 - INFO -   ╚══════════════════════════════════════════════════════════════════════╝
2026-08-06 00:15:50,890 - INFO -      📥 Téléchargement DCE...
2026-08-06 00:17:04,512 - INFO -      ✅ DCE téléchargé (73.6s, 3373 KB)
2026-08-06 00:17:05,361 - INFO -   ┌─ EXTRACTION ─────────────────────────────
2026-08-06 00:17:05,363 - INFO -   │ 📢 Avis...
2026-08-06 00:17:05,383 - ERROR -   │ ❌ Erreur chargement avis_ext: No module named 'fitz'
2026-08-06 00:17:05,853 - INFO -   │   ⚠️ Aucune info Avis trouvée
2026-08-06 00:17:05,853 - INFO -   │ 📜 RC...
2026-08-06 00:17:05,895 - INFO -   │   ⚠️ Aucune info RC extraite
2026-08-06 00:17:05,896 - INFO -   │ 📊 BP...
2026-08-06 00:17:05,937 - INFO -   │   ⚠️ Aucun item BP extrait
2026-08-06 00:17:05,938 - INFO -   └──────────────────────────────────────────
2026-08-06 00:17:05,939 - INFO - 
  ╔══════════════════════════════════════════════════════════════════════╗
2026-08-06 00:17:05,940 - INFO -   ║ 📋 AO #28  |  ⭐ 28/100 ⭐  |  🔖 14/2026/DR4
2026-08-06 00:17:05,940 - INFO -   ╠══════════════════════════════════════════════════════════════════════╣
2026-08-06 00:17:05,940 - INFO -   ║ 📝 Acquisition des effets spéciaux de protection individuels pour les centres de la Direction régionale
2026-08-06 00:17:05,941 - INFO -   ║ 🏢 OFFICE NATIONAL DE L'ELECTRICITE ET DE L'EAU POTABLE - BRANC
2026-08-06 00:17:05,941 - INFO -   ║ ⏰ 08/09/2026 (33j) 🟢
2026-08-06 00:17:05,942 - INFO -   ╚══════════════════════════════════════════════════════════════════════╝
2026-08-06 00:17:06,260 - INFO -      📥 Téléchargement DCE...
2026-08-06 00:17:45,350 - INFO -      ✅ DCE téléchargé (39.1s, 984 KB)
2026-08-06 00:17:45,670 - INFO -   ┌─ EXTRACTION ─────────────────────────────
2026-08-06 00:17:45,677 - INFO -   │ 📢 Avis...
2026-08-06 00:17:45,702 - ERROR -   │ ❌ Erreur chargement avis_ext: No module named 'fitz'
2026-08-06 00:17:46,272 - INFO -   │   ✅ 1 champ(s) extrait(s)
2026-08-06 00:17:46,274 - INFO -   │     🏗️ Visite: 01/01/2024
2026-08-06 00:17:46,276 - INFO -   │ 📜 RC...
2026-08-06 00:17:46,921 - INFO -   │   ✅ RC: 17 champs extraits
2026-08-06 00:17:46,922 - INFO -   │     attestations_demandees: OUI
2026-08-06 00:17:46,925 - INFO -   │     nombre_references: 1
2026-08-06 00:17:46,927 - INFO -   │     caution_provisoire: OUI
2026-08-06 00:17:46,928 - INFO -   │ 📊 BP...
2026-08-06 00:17:47,794 - INFO -   │   ✅ BP: 22 items extraits
2026-08-06 00:17:47,796 - INFO -   └──────────────────────────────────────────
2026-08-06 00:17:47,796 - INFO - 
  ╔══════════════════════════════════════════════════════════════════════╗
2026-08-06 00:17:47,797 - INFO -   ║ 📋 AO #29  |  ⭐ 28/100 ⭐  |  🔖 16/2026/DR4
2026-08-06 00:17:47,797 - INFO -   ╠══════════════════════════════════════════════════════════════════════╣
2026-08-06 00:17:47,798 - INFO -   ║ 📝 Protection physique des regards des adductions relevant du Secteur de Production Kénitra/Khemisset (
2026-08-06 00:17:47,798 - INFO -   ║ 🏢 OFFICE NATIONAL DE L'ELECTRICITE ET DE L'EAU POTABLE - BRANC
2026-08-06 00:17:47,798 - INFO -   ║ ⏰ 08/09/2026 (33j) 🟢
2026-08-06 00:17:47,799 - INFO -   ╚══════════════════════════════════════════════════════════════════════╝
2026-08-06 00:17:48,110 - INFO -      📥 Téléchargement DCE...
2026-08-06 00:18:38,303 - INFO -      ✅ DCE téléchargé (50.2s, 1741 KB)
2026-08-06 00:18:38,966 - INFO -   ┌─ EXTRACTION ─────────────────────────────
2026-08-06 00:18:38,971 - INFO -   │ 📢 Avis...
2026-08-06 00:18:39,012 - ERROR -   │ ❌ Erreur chargement avis_ext: No module named 'fitz'
2026-08-06 00:18:39,741 - INFO -   │   ✅ 1 champ(s) extrait(s)
2026-08-06 00:18:39,743 - INFO -   │     🏗️ Visite: 01/01/2024
2026-08-06 00:18:39,745 - INFO -   │ 📜 RC...
2026-08-06 00:18:40,444 - INFO -   │   ✅ RC: 17 champs extraits
2026-08-06 00:18:40,445 - INFO -   │     attestations_demandees: OUI
2026-08-06 00:18:40,445 - INFO -   │     nombre_references: 1
2026-08-06 00:18:40,446 - INFO -   │     caution_provisoire: OUI
2026-08-06 00:18:40,446 - INFO -   │ 📊 BP...
2026-08-06 00:18:41,367 - INFO -   │   ✅ BP: 10 items extraits
2026-08-06 00:18:41,369 - INFO -   └──────────────────────────────────────────
2026-08-06 00:18:41,369 - INFO - 
  ╔══════════════════════════════════════════════════════════════════════╗
2026-08-06 00:18:41,370 - INFO -   ║ 📋 AO #30  |  ⭐ 28/100 ⭐  |  🔖 15/2026/DR4
2026-08-06 00:18:41,370 - INFO -   ╠══════════════════════════════════════════════════════════════════════╣
2026-08-06 00:18:41,370 - INFO -   ║ 📝 Maintenance et réparation des équipements électriques des postes MT/BT et des groupes électrogènes d
2026-08-06 00:18:41,371 - INFO -   ║ 🏢 OFFICE NATIONAL DE L'ELECTRICITE ET DE L'EAU POTABLE - BRANC
2026-08-06 00:18:41,371 - INFO -   ║ ⏰ 08/09/2026 (33j) 🟢
2026-08-06 00:18:41,372 - INFO -   ╚══════════════════════════════════════════════════════════════════════╝
2026-08-06 00:18:41,712 - INFO -      📥 Téléchargement DCE...
2026-08-06 00:19:34,417 - INFO -      ✅ DCE téléchargé (52.7s, 2149 KB)
2026-08-06 00:19:35,764 - INFO -   ┌─ EXTRACTION ─────────────────────────────
2026-08-06 00:19:35,772 - INFO -   │ 📢 Avis...
2026-08-06 00:19:35,810 - ERROR -   │ ❌ Erreur chargement avis_ext: No module named 'fitz'
2026-08-06 00:19:36,750 - INFO -   │   ✅ 2 champ(s) extrait(s)
2026-08-06 00:19:36,750 - INFO -   │     🔒 Caution: 10 DHS
2026-08-06 00:19:36,751 - INFO -   │     🏗️ Visite: 01/01/2024
2026-08-06 00:19:36,751 - INFO -   │ 📜 RC...
2026-08-06 00:19:37,526 - INFO -   │   ✅ RC: 17 champs extraits
2026-08-06 00:19:37,527 - INFO -   │     attestations_demandees: OUI
2026-08-06 00:19:37,530 - INFO -   │     nombre_references: 1
2026-08-06 00:19:37,531 - INFO -   │     caution_provisoire: OUI
2026-08-06 00:19:37,532 - INFO -   │ 📊 BP...
2026-08-06 00:19:40,124 - INFO -   │   ✅ BP: 316 items extraits
2026-08-06 00:19:40,131 - INFO -   └──────────────────────────────────────────
2026-08-06 00:19:40,134 - INFO - 
  ╔══════════════════════════════════════════════════════════════════════╗
2026-08-06 00:19:40,137 - INFO -   ║ 📋 AO #31  |  ⭐ 28/100 ⭐  |  🔖 PM2130638/2026/DXM
2026-08-06 00:19:40,139 - INFO -   ╠══════════════════════════════════════════════════════════════════════╣
2026-08-06 00:19:40,140 - INFO -   ║ 📝 Fourniture des transformateurs de 400 KVA et 100 KVA pour la DXM....Fourniture des transformateurs d
2026-08-06 00:19:40,141 - INFO -   ║ 🏢 OFFICE NATIONALE DE L'ELECTRICITE ET DE L'EAU POTABLE - BRAN
2026-08-06 00:19:40,147 - INFO -   ║ ⏰ 08/09/2026 (33j) 🟢
2026-08-06 00:19:40,148 - INFO -   ╚══════════════════════════════════════════════════════════════════════╝
2026-08-06 00:19:40,488 - INFO -      📥 Téléchargement DCE...
2026-08-06 00:22:22,796 - INFO -      ❌ Échec upload Supabase
2026-08-06 00:22:22,797 - INFO -      ⚠️ Pas de DCE disponible
2026-08-06 00:22:22,800 - INFO - 
  ╔══════════════════════════════════════════════════════════════════════╗
2026-08-06 00:22:22,802 - INFO -   ║ 📋 AO #32  |  ⭐ 28/100 ⭐  |  🔖 PM3130776/2026/DXM
2026-08-06 00:22:22,802 - INFO -   ╠══════════════════════════════════════════════════════════════════════╣
2026-08-06 00:22:22,803 - INFO -   ║ 📝 Fourniture des pièces de rechange et consommables pour équipements contrôle commande de la DXM...Fou
2026-08-06 00:22:22,803 - INFO -   ║ 🏢 OFFICE NATIONALE DE L'ELECTRICITE ET DE L'EAU POTABLE - BRAN
2026-08-06 00:22:22,804 - INFO -   ║ ⏰ 08/09/2026 (33j) 🟢
2026-08-06 00:22:22,804 - INFO -   ╚══════════════════════════════════════════════════════════════════════╝
2026-08-06 00:22:27,620 - INFO -      📥 Téléchargement DCE...
2026-08-06 00:23:40,713 - INFO -      ✅ DCE téléchargé (73.1s, 3918 KB)
2026-08-06 00:23:42,599 - INFO -   ┌─ EXTRACTION ─────────────────────────────
2026-08-06 00:23:42,602 - INFO -   │ 📢 Avis...
2026-08-06 00:23:42,625 - ERROR -   │ ❌ Erreur chargement avis_ext: No module named 'fitz'
2026-08-06 00:23:42,910 - INFO -   │   ⚠️ Aucune info Avis trouvée
2026-08-06 00:23:42,911 - INFO -   │ 📜 RC...
2026-08-06 00:23:42,944 - INFO -   │   ⚠️ Aucun fichier RC trouvé
2026-08-06 00:23:42,945 - INFO -   │ 📊 BP...
2026-08-06 00:23:42,983 - INFO -   │   ⚠️ Aucun fichier BP trouvé
2026-08-06 00:23:42,985 - INFO -   └──────────────────────────────────────────
2026-08-06 00:23:56,663 - INFO - 
  ┌─ 📄 PAGE 55/337 ──────────────────────────────
2026-08-06 00:23:56,664 - INFO -   │  Lignes: 10  |  📋 Nouveaux AO: 3  |  Ignorés: 7
2026-08-06 00:23:56,664 - INFO -   └──────────────────────────────────────────────────
2026-08-06 00:23:56,665 - INFO - 
  ╔══════════════════════════════════════════════════════════════════════╗
2026-08-06 00:23:56,665 - INFO -   ║ 📋 AO #33  |  ⭐ 28/100 ⭐  |  🔖 PM2130874/2026/DXM
2026-08-06 00:23:56,665 - INFO -   ╠══════════════════════════════════════════════════════════════════════╣
2026-08-06 00:23:56,666 - INFO -   ║ 📝 Fourniture des pièces de rechange pour filtre autonettoyant TAPROGGE de la Direction Exploitation Mo
2026-08-06 00:23:56,666 - INFO -   ║ 🏢 OFFICE NATIONALE DE L'ELECTRICITE ET DE L'EAU POTABLE - BRAN
2026-08-06 00:23:56,667 - INFO -   ║ ⏰ 08/09/2026 (33j) 🟢
2026-08-06 00:23:56,667 - INFO -   ╚══════════════════════════════════════════════════════════════════════╝
2026-08-06 00:23:57,071 - INFO -      📥 Téléchargement DCE...
2026-08-06 00:24:56,963 - INFO -      ✅ DCE téléchargé (59.9s, 2656 KB)
2026-08-06 00:24:59,035 - INFO -   ┌─ EXTRACTION ─────────────────────────────
2026-08-06 00:24:59,037 - INFO -   │ 📢 Avis...
2026-08-06 00:24:59,053 - ERROR -   │ ❌ Erreur chargement avis_ext: No module named 'fitz'
2026-08-06 00:24:59,295 - INFO -   │   ⚠️ Aucune info Avis trouvée
2026-08-06 00:24:59,296 - INFO -   │ 📜 RC...
2026-08-06 00:24:59,330 - INFO -   │   ⚠️ Aucun fichier RC trouvé
2026-08-06 00:24:59,331 - INFO -   │ 📊 BP...
2026-08-06 00:24:59,370 - INFO -   │   ⚠️ Aucun fichier BP trouvé
2026-08-06 00:24:59,372 - INFO -   └──────────────────────────────────────────
2026-08-06 00:24:59,373 - INFO - 
  ╔══════════════════════════════════════════════════════════════════════╗
2026-08-06 00:24:59,373 - INFO -   ║ 📋 AO #34  |  ⭐ 25/100 ⭐  |  🔖 PM1130584/2026/DXM
2026-08-06 00:24:59,374 - INFO -   ╠══════════════════════════════════════════════════════════════════════╣
2026-08-06 00:24:59,374 - INFO -   ║ 📝 Réparation du détecteur d’entrées d’air par injection d’hélium de la Direction Exploitation Mohammed
2026-08-06 00:24:59,375 - INFO -   ║ 🏢 OFFICE NATIONALE DE L'ELECTRICITE ET DE L'EAU POTABLE - BRAN
2026-08-06 00:24:59,375 - INFO -   ║ ⏰ 08/09/2026 (33j) 🟢
2026-08-06 00:24:59,375 - INFO -   ╚══════════════════════════════════════════════════════════════════════╝
2026-08-06 00:24:59,718 - INFO -      📥 Téléchargement DCE...
2026-08-06 00:26:01,278 - INFO -      ✅ DCE téléchargé (61.6s, 2593 KB)
2026-08-06 00:26:02,430 - INFO -   ┌─ EXTRACTION ─────────────────────────────
2026-08-06 00:26:02,432 - INFO -   │ 📢 Avis...
2026-08-06 00:26:02,466 - ERROR -   │ ❌ Erreur chargement avis_ext: No module named 'fitz'
2026-08-06 00:26:02,800 - INFO -   │   ⚠️ Aucune info Avis trouvée
2026-08-06 00:26:02,800 - INFO -   │ 📜 RC...
2026-08-06 00:26:02,842 - INFO -   │   ⚠️ Aucun fichier RC trouvé
2026-08-06 00:26:02,844 - INFO -   │ 📊 BP...
2026-08-06 00:26:02,896 - INFO -   │   ⚠️ Aucun fichier BP trouvé
2026-08-06 00:26:02,898 - INFO -   └──────────────────────────────────────────
2026-08-06 00:26:02,898 - INFO - 
  ╔══════════════════════════════════════════════════════════════════════╗
2026-08-06 00:26:02,899 - INFO -   ║ 📋 AO #35  |  ⭐ 33/100 ⭐  |  🔖 09/2026
2026-08-06 00:26:02,899 - INFO -   ╠══════════════════════════════════════════════════════════════════════╣
2026-08-06 00:26:02,900 - INFO -   ║ 📝 ACHAT DE TUYAUX ET PIECES POUR ADDUCTION EAU POTABLE A LA COMMUNE SIDI ABDELLAH PROVINCE RHAMNA...AC
2026-08-06 00:26:02,900 - INFO -   ║ 🏢 Commune SIDI ABDELLAH
2026-08-06 00:26:02,901 - INFO -   ║ ⏰ 07/09/2026 (32j) 🟢
2026-08-06 00:26:02,901 - INFO -   ╚══════════════════════════════════════════════════════════════════════╝
2026-08-06 00:26:03,199 - INFO -      📥 Téléchargement DCE...
2026-08-06 00:27:06,153 - INFO -      ✅ DCE téléchargé (63.0s, 3042 KB)
2026-08-06 00:27:07,092 - INFO -   ┌─ EXTRACTION ─────────────────────────────
2026-08-06 00:27:07,095 - INFO -   │ 📢 Avis...
2026-08-06 00:27:07,119 - ERROR -   │ ❌ Erreur chargement avis_ext: No module named 'fitz'
2026-08-06 00:27:07,483 - INFO -   │   ⚠️ Aucune info Avis trouvée
2026-08-06 00:27:07,483 - INFO -   │ 📜 RC...
2026-08-06 00:27:07,529 - INFO -   │   ⚠️ Aucune info RC extraite
2026-08-06 00:27:07,530 - INFO -   │ 📊 BP...
2026-08-06 00:27:08,350 - INFO -   │   ✅ BP: 25 items extraits
2026-08-06 00:27:08,351 - INFO -   └──────────────────────────────────────────
2026-08-06 00:27:36,684 - INFO - 
  ┌─ 📄 PAGE 57/337 ──────────────────────────────
2026-08-06 00:27:36,684 - INFO -   │  Lignes: 10  |  📋 Nouveaux AO: 1  |  Ignorés: 9
2026-08-06 00:27:36,684 - INFO -   └──────────────────────────────────────────────────
2026-08-06 00:27:36,685 - INFO - 
  ╔══════════════════════════════════════════════════════════════════════╗
2026-08-06 00:27:36,685 - INFO -   ║ 📋 AO #36  |  ⭐ 33/100 ⭐  |  🔖 02/2026
2026-08-06 00:27:36,686 - INFO -   ╠══════════════════════════════════════════════════════════════════════╣
2026-08-06 00:27:36,686 - INFO -   ║ 📝 OBJET : CREUSEMENT ET CUVELAGE DE DEUX PUITS AU DOUAR TAQSABT ET SAREG ET TRAVAUX D’APPROFONDISSEMEN
2026-08-06 00:27:36,686 - INFO -   ║ 🏢 Commune rurale de ASSEBBAB
2026-08-06 00:27:36,687 - INFO -   ║ ⏰ 07/09/2026 (32j) 🟢
2026-08-06 00:27:36,688 - INFO -   ╚══════════════════════════════════════════════════════════════════════╝
2026-08-06 00:27:38,718 - INFO -      📥 Téléchargement DCE...
2026-08-06 00:28:09,879 - INFO -      ✅ DCE téléchargé (31.2s, 364 KB)
2026-08-06 00:28:11,993 - INFO -   ┌─ EXTRACTION ─────────────────────────────
2026-08-06 00:28:11,994 - INFO -   │ 📢 Avis...
2026-08-06 00:28:12,016 - ERROR -   │ ❌ Erreur chargement avis_ext: No module named 'fitz'
2026-08-06 00:28:12,456 - INFO -   │   ✅ 1 champ(s) extrait(s)
2026-08-06 00:28:12,458 - INFO -   │     🔒 Caution: 16 DHS
2026-08-06 00:28:12,460 - INFO -   │ 📜 RC...
2026-08-06 00:28:13,036 - INFO -   │   ✅ RC: 14 champs extraits
2026-08-06 00:28:13,037 - INFO -   │     attestations_demandees: OUI
2026-08-06 00:28:13,038 - INFO -   │     caution_provisoire: OUI
2026-08-06 00:28:13,040 - INFO -   │ 📊 BP...
2026-08-06 00:28:13,262 - INFO -   │   ⚠️ Aucun item BP extrait
2026-08-06 00:28:13,263 - INFO -   └──────────────────────────────────────────
2026-08-06 00:28:41,928 - INFO - 
  ┌─ 📄 PAGE 59/337 ──────────────────────────────
2026-08-06 00:28:41,929 - INFO -   │  Lignes: 10  |  📋 Nouveaux AO: 2  |  Ignorés: 8
2026-08-06 00:28:41,929 - INFO -   └──────────────────────────────────────────────────
2026-08-06 00:28:41,930 - INFO - 
  ╔══════════════════════════════════════════════════════════════════════╗
2026-08-06 00:28:41,930 - INFO -   ║ 📋 AO #37  |  ⭐ 28/100 ⭐  |  🔖 31DR1/CI/2026
2026-08-06 00:28:41,930 - INFO -   ╠══════════════════════════════════════════════════════════════════════╣
2026-08-06 00:28:41,931 - INFO -   ║ 📝 Travaux de dépose des équipements électriques MT/BT des stations de pompage SP0 et SP1 du complexe d
2026-08-06 00:28:41,931 - INFO -   ║ 🏢 OFFICE NATIONAL DE L'ELECTRICITE ET DE L'EAU POTABLE - BRANC
2026-08-06 00:28:41,931 - INFO -   ║ ⏰ 07/09/2026 (32j) 🟢
2026-08-06 00:28:41,932 - INFO -   ╚══════════════════════════════════════════════════════════════════════╝
2026-08-06 00:28:42,929 - INFO -      📥 Téléchargement DCE...
2026-08-06 00:29:35,042 - INFO -      ✅ DCE téléchargé (52.1s, 2121 KB)
2026-08-06 00:29:35,876 - INFO -   ┌─ EXTRACTION ─────────────────────────────
2026-08-06 00:29:35,878 - INFO -   │ 📢 Avis...
2026-08-06 00:29:35,898 - ERROR -   │ ❌ Erreur chargement avis_ext: No module named 'fitz'
2026-08-06 00:29:36,555 - INFO -   │   ✅ 2 champ(s) extrait(s)
2026-08-06 00:29:36,557 - INFO -   │     🔒 Caution: 3 000 DHS
2026-08-06 00:29:36,558 - INFO -   │     🏗️ Visite: 08/07/2026
2026-08-06 00:29:36,560 - INFO -   │ 📜 RC...
2026-08-06 00:29:37,393 - INFO -   │   ✅ RC: 14 champs extraits
2026-08-06 00:29:37,394 - INFO -   │     attestations_demandees: NON
2026-08-06 00:29:37,395 - INFO -   │     caution_provisoire: OUI
2026-08-06 00:29:37,396 - INFO -   │ 📊 BP...
2026-08-06 00:29:38,162 - INFO -   │   ✅ BP: 7 items extraits
2026-08-06 00:29:38,168 - INFO -   └──────────────────────────────────────────
2026-08-06 00:29:38,171 - INFO - 
  ╔══════════════════════════════════════════════════════════════════════╗
2026-08-06 00:29:38,174 - INFO -   ║ 📋 AO #38  |  ⭐ 33/100 ⭐  |  🔖 36DR1/CI/2026
2026-08-06 00:29:38,176 - INFO -   ╠══════════════════════════════════════════════════════════════════════╣
2026-08-06 00:29:38,177 - INFO -   ║ 📝 Travaux de bornage des parcelles ONEE objets des demandes d'immatriculation...Travaux de bornage des
2026-08-06 00:29:38,178 - INFO -   ║ 🏢 OFFICE NATIONAL DE L'ELECTRICITE ET DE L'EAU POTABLE - BRANC
2026-08-06 00:29:38,184 - INFO -   ║ ⏰ 07/09/2026 (32j) 🟢
2026-08-06 00:29:38,185 - INFO -   ╚══════════════════════════════════════════════════════════════════════╝
2026-08-06 00:29:38,484 - INFO -      📥 Téléchargement DCE...
2026-08-06 00:30:31,812 - INFO -      ✅ DCE téléchargé (53.3s, 2127 KB)
2026-08-06 00:30:33,966 - INFO -   ┌─ EXTRACTION ─────────────────────────────
2026-08-06 00:30:33,969 - INFO -   │ 📢 Avis...
2026-08-06 00:30:33,987 - ERROR -   │ ❌ Erreur chargement avis_ext: No module named 'fitz'
2026-08-06 00:30:34,717 - INFO -   │   ✅ 1 champ(s) extrait(s)
2026-08-06 00:30:34,717 - INFO -   │     🏗️ Visite: 2.13.18
2026-08-06 00:30:34,718 - INFO -   │ 📜 RC...
2026-08-06 00:30:35,461 - INFO -   │   ✅ RC: 17 champs extraits
2026-08-06 00:30:35,463 - INFO -   │     attestations_demandees: OUI
2026-08-06 00:30:35,465 - INFO -   │     nombre_references: 2
2026-08-06 00:30:35,467 - INFO -   │     caution_provisoire: OUI
2026-08-06 00:30:35,469 - INFO -   │ 📊 BP...
2026-08-06 00:30:36,177 - INFO -   │   ✅ BP: 8 items extraits
2026-08-06 00:30:36,180 - INFO -   └──────────────────────────────────────────
2026-08-06 00:30:50,090 - INFO - 
  ┌─ 📄 PAGE 60/337 ──────────────────────────────
2026-08-06 00:30:50,091 - INFO -   │  Lignes: 10  |  📋 Nouveaux AO: 3  |  Ignorés: 7
2026-08-06 00:30:50,091 - INFO -   └──────────────────────────────────────────────────
2026-08-06 00:30:50,092 - INFO - 
  ╔══════════════════════════════════════════════════════════════════════╗
2026-08-06 00:30:50,092 - INFO -   ║ 📋 AO #39  |  ⭐ 25/100 ⭐  |  🔖 38DR1/CI/2026
2026-08-06 00:30:50,092 - INFO -   ╠══════════════════════════════════════════════════════════════════════╣
2026-08-06 00:30:50,093 - INFO -   ║ 📝 Edition de documents : Photocopies, Impression et tirage des plans pour la Direction Régionale de Pr
2026-08-06 00:30:50,093 - INFO -   ║ 🏢 OFFICE NATIONAL DE L'ELECTRICITE ET DE L'EAU POTABLE - BRANC
2026-08-06 00:30:50,093 - INFO -   ║ ⏰ 07/09/2026 (32j) 🟢
2026-08-06 00:30:50,094 - INFO -   ╚══════════════════════════════════════════════════════════════════════╝
2026-08-06 00:30:52,026 - INFO -      📥 Téléchargement DCE...
2026-08-06 00:31:33,331 - INFO -      ✅ DCE téléchargé (41.3s, 991 KB)
2026-08-06 00:31:33,632 - INFO -   ┌─ EXTRACTION ─────────────────────────────
2026-08-06 00:31:33,634 - INFO -   │ 📢 Avis...
2026-08-06 00:31:33,657 - ERROR -   │ ❌ Erreur chargement avis_ext: No module named 'fitz'
2026-08-06 00:31:33,913 - INFO -   │   ⚠️ Aucune info Avis trouvée
2026-08-06 00:31:33,913 - INFO -   │ 📜 RC...
2026-08-06 00:31:34,577 - INFO -   │   ✅ RC: 16 champs extraits
2026-08-06 00:31:34,579 - INFO -   │     attestations_demandees: OUI
2026-08-06 00:31:34,582 - INFO -   │     nombre_references: 1
2026-08-06 00:31:34,583 - INFO -   │     caution_provisoire: OUI
2026-08-06 00:31:34,586 - INFO -   │ 📊 BP...
2026-08-06 00:31:35,266 - INFO -   │   ✅ BP: 4 items extraits
2026-08-06 00:31:35,267 - INFO -   └──────────────────────────────────────────
2026-08-06 00:31:35,268 - INFO - 
  ╔══════════════════════════════════════════════════════════════════════╗
2026-08-06 00:31:35,268 - INFO -   ║ 📋 AO #40  |  ⭐ 28/100 ⭐  |  🔖 37DR1/CI/2026
2026-08-06 00:31:35,269 - INFO -   ╠══════════════════════════════════════════════════════════════════════╣
2026-08-06 00:31:35,269 - INFO -   ║ 📝 Travaux de mise en place de circuits de dégazage des tanks à chlore au niveau de la station Aoulouz.
2026-08-06 00:31:35,270 - INFO -   ║ 🏢 OFFICE NATIONAL DE L'ELECTRICITE ET DE L'EAU POTABLE - BRANC
2026-08-06 00:31:35,270 - INFO -   ║ ⏰ 07/09/2026 (32j) 🟢
2026-08-06 00:31:35,271 - INFO -   ╚══════════════════════════════════════════════════════════════════════╝
2026-08-06 00:31:35,616 - INFO -      📥 Téléchargement DCE...
2026-08-06 00:32:33,399 - INFO -      ✅ DCE téléchargé (57.8s, 2454 KB)
2026-08-06 00:32:33,769 - INFO -   ┌─ EXTRACTION ─────────────────────────────
2026-08-06 00:32:33,774 - INFO -   │ 📢 Avis...
2026-08-06 00:32:33,802 - ERROR -   │ ❌ Erreur chargement avis_ext: No module named 'fitz'
2026-08-06 00:32:34,483 - INFO -   │   ✅ 1 champ(s) extrait(s)
2026-08-06 00:32:34,484 - INFO -   │     🏗️ Visite: 01/01/2024
2026-08-06 00:32:34,484 - INFO -   │ 📜 RC...
2026-08-06 00:32:35,179 - INFO -   │   ✅ RC: 17 champs extraits
2026-08-06 00:32:35,182 - INFO -   │     attestations_demandees: OUI
2026-08-06 00:32:35,184 - INFO -   │     nombre_references: 1
2026-08-06 00:32:35,185 - INFO -   │     caution_provisoire: OUI
2026-08-06 00:32:35,186 - INFO -   │ 📊 BP...
2026-08-06 00:32:37,667 - INFO -   │   ✅ BP: 19 items extraits
2026-08-06 00:32:37,674 - INFO -   └──────────────────────────────────────────
2026-08-06 00:32:37,676 - INFO - 
  ╔══════════════════════════════════════════════════════════════════════╗
2026-08-06 00:32:37,679 - INFO -   ║ 📋 AO #41  |  ⭐ 28/100 ⭐  |  🔖 40DR1/CI/2026
2026-08-06 00:32:37,681 - INFO -   ╠══════════════════════════════════════════════════════════════════════╣
2026-08-06 00:32:37,684 - INFO -   ║ 📝 Recherche et localisation des fuites par technique innovante sur les conduites d’adduction au niveau
2026-08-06 00:32:37,687 - INFO -   ║ 🏢 OFFICE NATIONAL DE L'ELECTRICITE ET DE L'EAU POTABLE - BRANC
2026-08-06 00:32:37,689 - INFO -   ║ ⏰ 07/09/2026 (32j) 🟢
2026-08-06 00:32:37,693 - INFO -   ╚══════════════════════════════════════════════════════════════════════╝
2026-08-06 00:32:38,033 - INFO -      📥 Téléchargement DCE...
2026-08-06 00:33:28,095 - INFO -      ✅ DCE téléchargé (50.1s, 1947 KB)
2026-08-06 00:33:30,363 - INFO -   ┌─ EXTRACTION ─────────────────────────────
2026-08-06 00:33:30,365 - INFO -   │ 📢 Avis...
2026-08-06 00:33:30,388 - ERROR -   │ ❌ Erreur chargement avis_ext: No module named 'fitz'
2026-08-06 00:33:31,066 - INFO -   │   ✅ 2 champ(s) extrait(s)
2026-08-06 00:33:31,066 - INFO -   │     🔒 Caution: 10 000 DHS
2026-08-06 00:33:31,067 - INFO -   │     🏗️ Visite: 01/01/2024
2026-08-06 00:33:31,067 - INFO -   │ 📜 RC...
2026-08-06 00:33:31,735 - INFO -   │   ✅ RC: 17 champs extraits
2026-08-06 00:33:31,736 - INFO -   │     attestations_demandees: OUI
2026-08-06 00:33:31,736 - INFO -   │     nombre_references: 1
2026-08-06 00:33:31,737 - INFO -   │     caution_provisoire: OUI
2026-08-06 00:33:31,737 - INFO -   │ 📊 BP...
2026-08-06 00:33:32,432 - INFO -   │   ✅ BP: 1 items extraits
2026-08-06 00:33:32,440 - INFO -   └──────────────────────────────────────────
2026-08-06 00:33:46,274 - INFO - 
  ┌─ 📄 PAGE 61/337 ──────────────────────────────
2026-08-06 00:33:46,275 - INFO -   │  Lignes: 10  |  📋 Nouveaux AO: 1  |  Ignorés: 9
2026-08-06 00:33:46,275 - INFO -   └──────────────────────────────────────────────────
2026-08-06 00:33:46,276 - INFO - 
  ╔══════════════════════════════════════════════════════════════════════╗
2026-08-06 00:33:46,276 - INFO -   ║ 📋 AO #42  |  ⭐ 38/100 ⭐  |  🔖 156/2026/SRMCS
2026-08-06 00:33:46,277 - INFO -   ╠══════════════════════════════════════════════════════════════════════╣
2026-08-06 00:33:46,277 - INFO -   ║ 📝 Programme d’assainissement prioritaire pluviale (PAPP), galerie Hay Hassani et antennes principales

2026-08-06 00:33:46,277 - INFO -   ║ 🏢 SOCIETE REGIONALE MULTISERVICES CASABLANCA - SETTAT SA
2026-08-06 00:33:46,278 - INFO -   ║ ⏰ 07/09/2026 (32j) 🟢
2026-08-06 00:33:46,278 - INFO -   ╚══════════════════════════════════════════════════════════════════════╝
2026-08-06 00:33:46,585 - INFO -      📥 Téléchargement DCE...
2026-08-06 00:38:11,749 - INFO -      ❌ Échec upload Supabase
2026-08-06 00:38:11,750 - INFO -      ⚠️ Pas de DCE disponible
2026-08-06 00:39:07,271 - INFO - 
  ┌─ 📄 PAGE 65/337 ──────────────────────────────
2026-08-06 00:39:07,271 - INFO -   │  Lignes: 10  |  📋 Nouveaux AO: 2  |  Ignorés: 8
2026-08-06 00:39:07,271 - INFO -   └──────────────────────────────────────────────────
2026-08-06 00:39:07,272 - INFO - 
  ╔══════════════════════════════════════════════════════════════════════╗
2026-08-06 00:39:07,273 - INFO -   ║ 📋 AO #43  |  ⭐ 30/100 ⭐  |  🔖 04/2026
2026-08-06 00:39:07,273 - INFO -   ╠══════════════════════════════════════════════════════════════════════╣
2026-08-06 00:39:07,274 - INFO -   ║ 📝 TRAVAUX D’AMENAGEMENT DES VOIES ET ASSAINISSEMENT LIQUIDE AUX QUARTIERS : AMIMI, CHERGUI, BOULEVARD 
2026-08-06 00:39:07,274 - INFO -   ║ 🏢 Commune urbaine de AGOURAI
2026-08-06 00:39:07,275 - INFO -   ║ ⏰ 03/09/2026 (28j) 🟡
2026-08-06 00:39:07,275 - INFO -   ╚══════════════════════════════════════════════════════════════════════╝
2026-08-06 00:39:10,004 - INFO -      📥 Téléchargement DCE...
2026-08-06 00:40:06,710 - INFO -      ✅ DCE téléchargé (56.7s, 2371 KB)
2026-08-06 00:40:07,286 - INFO -   ┌─ EXTRACTION ─────────────────────────────
2026-08-06 00:40:07,289 - INFO -   │ 📢 Avis...
2026-08-06 00:40:07,316 - ERROR -   │ ❌ Erreur chargement avis_ext: No module named 'fitz'
2026-08-06 00:40:07,581 - INFO -   │   ⚠️ Aucune info Avis trouvée
2026-08-06 00:40:07,582 - INFO -   │ 📜 RC...
2026-08-06 00:40:07,626 - INFO -   │   ⚠️ Aucune info RC extraite
2026-08-06 00:40:07,627 - INFO -   │ 📊 BP...
2026-08-06 00:40:08,458 - INFO -   │   ✅ BP: 20 items extraits
2026-08-06 00:40:08,467 - INFO -   └──────────────────────────────────────────
2026-08-06 00:40:08,476 - INFO - 
  ╔══════════════════════════════════════════════════════════════════════╗
2026-08-06 00:40:08,512 - INFO -   ║ 📋 AO #44  |  ⭐ 30/100 ⭐  |  🔖 24/2026/dpetdezagora
2026-08-06 00:40:08,513 - INFO -   ╠══════════════════════════════════════════════════════════════════════╣
2026-08-06 00:40:08,514 - INFO -   ║ 📝 Travaux de réalisation des forages de reconnaissance et leur transformation en forage d'exploitation
2026-08-06 00:40:08,515 - INFO -   ║ 🏢 CHARGE DE LA DIRECTION PROVINCIALE D'EQUIPEMENT DE ZAGORA
2026-08-06 00:40:08,516 - INFO -   ║ ⏰ 03/09/2026 (28j) 🟡
2026-08-06 00:40:08,517 - INFO -   ╚══════════════════════════════════════════════════════════════════════╝
2026-08-06 00:40:08,840 - INFO -      📥 Téléchargement DCE...
2026-08-06 00:40:50,852 - INFO -      ✅ DCE téléchargé (42.0s, 1064 KB)
2026-08-06 00:40:51,180 - INFO -   ┌─ EXTRACTION ─────────────────────────────
2026-08-06 00:40:51,181 - INFO -   │ 📢 Avis...
2026-08-06 00:40:51,205 - ERROR -   │ ❌ Erreur chargement avis_ext: No module named 'fitz'
2026-08-06 00:40:51,813 - INFO -   │   ✅ 1 champ(s) extrait(s)
2026-08-06 00:40:51,815 - INFO -   │     🔒 Caution: 8 DHS
2026-08-06 00:40:51,817 - INFO -   │ 📜 RC...
2026-08-06 00:40:52,475 - INFO -   │   ✅ RC: 14 champs extraits
2026-08-06 00:40:52,476 - INFO -   │     attestations_demandees: NON
2026-08-06 00:40:52,476 - INFO -   │     caution_provisoire: OUI
2026-08-06 00:40:52,477 - INFO -   │ 📊 BP...
2026-08-06 00:40:53,479 - INFO -   │   ✅ BP: 8 items extraits
2026-08-06 00:40:53,481 - INFO -   └──────────────────────────────────────────
2026-08-06 00:41:07,420 - INFO - 
  ┌─ 📄 PAGE 66/337 ──────────────────────────────
2026-08-06 00:41:07,421 - INFO -   │  Lignes: 10  |  📋 Nouveaux AO: 1  |  Ignorés: 9
2026-08-06 00:41:07,421 - INFO -   └──────────────────────────────────────────────────
2026-08-06 00:41:07,422 - INFO - 
  ╔══════════════════════════════════════════════════════════════════════╗
2026-08-06 00:41:07,422 - INFO -   ║ 📋 AO #45  |  ⭐ 22/100 ⭐  |  🔖 38/2026/DAM/CM
2026-08-06 00:41:07,423 - INFO -   ╠══════════════════════════════════════════════════════════════════════╣
2026-08-06 00:41:07,423 - INFO -   ║ 📝 Formation d'habilitation à la conduite, reconversion et recrutement à l'emploi chauffeur ou technici
2026-08-06 00:41:07,424 - INFO -   ║ 🏢 OFFICE NATIONAL DE L'ELECTRICITE ET DE L'EAU POTABLE - BRANC
2026-08-06 00:41:07,424 - INFO -   ║ ⏰ 03/09/2026 (28j) 🟡
2026-08-06 00:41:07,425 - INFO -   ╚══════════════════════════════════════════════════════════════════════╝
2026-08-06 00:41:07,828 - INFO -      📥 Téléchargement DCE...
2026-08-06 00:41:43,322 - INFO -      ✅ DCE téléchargé (35.5s, 618 KB)
2026-08-06 00:41:43,715 - INFO -   ┌─ EXTRACTION ─────────────────────────────
2026-08-06 00:41:43,717 - INFO -   │ 📢 Avis...
2026-08-06 00:41:43,741 - ERROR -   │ ❌ Erreur chargement avis_ext: No module named 'fitz'
2026-08-06 00:41:43,970 - INFO -   │   ⚠️ Aucune info Avis trouvée
2026-08-06 00:41:43,970 - INFO -   │ 📜 RC...
2026-08-06 00:41:44,701 - INFO -   │   ✅ RC: 17 champs extraits
2026-08-06 00:41:44,702 - INFO -   │     attestations_demandees: OUI
2026-08-06 00:41:44,702 - INFO -   │     nombre_references: 1
2026-08-06 00:41:44,702 - INFO -   │     caution_provisoire: OUI
2026-08-06 00:41:44,703 - INFO -   │ 📊 BP...
2026-08-06 00:41:44,978 - INFO -   │   ⚠️ Aucun item BP extrait
2026-08-06 00:41:44,979 - INFO -   └──────────────────────────────────────────
2026-08-06 00:42:12,462 - INFO - 
  ┌─ 📄 PAGE 68/337 ──────────────────────────────
2026-08-06 00:42:12,463 - INFO -   │  Lignes: 10  |  📋 Nouveaux AO: 1  |  Ignorés: 9
2026-08-06 00:42:12,463 - INFO -   └──────────────────────────────────────────────────
2026-08-06 00:42:12,464 - INFO - 
  ╔══════════════════════════════════════════════════════════════════════╗
2026-08-06 00:42:12,464 - INFO -   ║ 📋 AO #46  |  ⭐ 22/100 ⭐  |  🔖 35/DAM/CE/2026
2026-08-06 00:42:12,464 - INFO -   ╠══════════════════════════════════════════════════════════════════════╣
2026-08-06 00:42:12,465 - INFO -   ║ 📝 Réalisation de prélèvements et d'analyses d'échantillons...Réalisation de prélèvements et d'analyses
2026-08-06 00:42:12,465 - INFO -   ║ 🏢 OFFICE NATIONAL DE L'ELECTRICITE ET DE L'EAU POTABLE - BRANC
2026-08-06 00:42:12,466 - INFO -   ║ ⏰ 03/09/2026 (28j) 🟡
2026-08-06 00:42:12,466 - INFO -   ╚══════════════════════════════════════════════════════════════════════╝
2026-08-06 00:42:13,691 - INFO -      📥 Téléchargement DCE...
2026-08-06 00:42:50,038 - INFO -      ✅ DCE téléchargé (36.3s, 819 KB)
2026-08-06 00:42:51,072 - INFO -   ┌─ EXTRACTION ─────────────────────────────
2026-08-06 00:42:51,077 - INFO -   │ 📢 Avis...
2026-08-06 00:42:51,103 - ERROR -   │ ❌ Erreur chargement avis_ext: No module named 'fitz'
2026-08-06 00:42:51,825 - INFO -   │   ✅ 2 champ(s) extrait(s)
2026-08-06 00:42:51,827 - INFO -   │     🔒 Caution: 20 DHS
2026-08-06 00:42:51,829 - INFO -   │     🏗️ Visite: 01/01/2024
2026-08-06 00:42:51,831 - INFO -   │ 📜 RC...
2026-08-06 00:42:52,512 - INFO -   │   ✅ RC: 17 champs extraits
2026-08-06 00:42:52,515 - INFO -   │     attestations_demandees: OUI
2026-08-06 00:42:52,517 - INFO -   │     nombre_references: 1
2026-08-06 00:42:52,519 - INFO -   │     caution_provisoire: OUI
2026-08-06 00:42:52,520 - INFO -   │ 📊 BP...
2026-08-06 00:42:54,026 - INFO -   │   ✅ BP: 153 items extraits
2026-08-06 00:42:54,031 - INFO -   └──────────────────────────────────────────
2026-08-06 00:43:22,148 - INFO - 
  ┌─ 📄 PAGE 70/337 ──────────────────────────────
2026-08-06 00:43:22,149 - INFO -   │  Lignes: 10  |  📋 Nouveaux AO: 1  |  Ignorés: 9
2026-08-06 00:43:22,149 - INFO -   └──────────────────────────────────────────────────
2026-08-06 00:43:22,150 - INFO - 
  ╔══════════════════════════════════════════════════════════════════════╗
2026-08-06 00:43:22,151 - INFO -   ║ 📋 AO #47  |  ⭐ 25/100 ⭐  |  🔖 36/DAM/CE/2026
2026-08-06 00:43:22,151 - INFO -   ╠══════════════════════════════════════════════════════════════════════╣
2026-08-06 00:43:22,151 - INFO -   ║ 📝 Acquisition des accessoires pour appareils scientifiques : Accessoires pour chromatographe ionique d
2026-08-06 00:43:22,152 - INFO -   ║ 🏢 OFFICE NATIONAL DE L'ELECTRICITE ET DE L'EAU POTABLE - BRANC
2026-08-06 00:43:22,152 - INFO -   ║ ⏰ 03/09/2026 (28j) 🟡
2026-08-06 00:43:22,153 - INFO -   ╚══════════════════════════════════════════════════════════════════════╝
2026-08-06 00:43:24,119 - INFO -      📥 Téléchargement DCE...
2026-08-06 00:44:05,874 - INFO -      ✅ DCE téléchargé (41.8s, 801 KB)
2026-08-06 00:44:06,507 - INFO -   ┌─ EXTRACTION ─────────────────────────────
2026-08-06 00:44:06,509 - INFO -   │ 📢 Avis...
2026-08-06 00:44:06,531 - ERROR -   │ ❌ Erreur chargement avis_ext: No module named 'fitz'
2026-08-06 00:44:08,747 - INFO -   │   ✅ 2 champ(s) extrait(s)
2026-08-06 00:44:08,748 - INFO -   │     🔒 Caution: 16 DHS
2026-08-06 00:44:08,749 - INFO -   │     🏗️ Visite: 01/01/2024
2026-08-06 00:44:08,750 - INFO -   │ 📜 RC...
2026-08-06 00:44:10,023 - INFO -   │   ✅ RC: 16 champs extraits
2026-08-06 00:44:10,024 - INFO -   │     attestations_demandees: OUI
2026-08-06 00:44:10,024 - INFO -   │     caution_provisoire: OUI
2026-08-06 00:44:10,024 - INFO -   │ 📊 BP...
2026-08-06 00:44:11,562 - INFO -   │   ✅ BP: 11 items extraits
2026-08-06 00:44:11,563 - INFO -   └──────────────────────────────────────────
2026-08-06 00:44:26,476 - INFO - 
  ┌─ 📄 PAGE 71/337 ──────────────────────────────
2026-08-06 00:44:26,477 - INFO -   │  Lignes: 10  |  📋 Nouveaux AO: 2  |  Ignorés: 8
2026-08-06 00:44:26,477 - INFO -   └──────────────────────────────────────────────────
2026-08-06 00:44:26,478 - INFO - 
  ╔══════════════════════════════════════════════════════════════════════╗
2026-08-06 00:44:26,478 - INFO -   ║ 📋 AO #48  |  ⭐ 22/100 ⭐  |  🔖 33DR3/2026
2026-08-06 00:44:26,479 - INFO -   ╠══════════════════════════════════════════════════════════════════════╣
2026-08-06 00:44:26,479 - INFO -   ║ 📝 Contrôle et maintenance des équipements des postes de transformation électrique MT/BT du secteur de 
2026-08-06 00:44:26,480 - INFO -   ║ 🏢 OFFICE NATIONAL DE L'ELECTRICITE ET DE L'EAU POTABLE - BRANC
2026-08-06 00:44:26,480 - INFO -   ║ ⏰ 03/09/2026 (28j) 🟡
2026-08-06 00:44:26,480 - INFO -   ╚══════════════════════════════════════════════════════════════════════╝
2026-08-06 00:44:28,517 - INFO -      📥 Téléchargement DCE...
2026-08-06 00:45:41,712 - INFO -      ✅ DCE téléchargé (73.2s, 3998 KB)
2026-08-06 00:45:43,735 - INFO -   ┌─ EXTRACTION ─────────────────────────────
2026-08-06 00:45:43,738 - INFO -   │ 📢 Avis...
2026-08-06 00:45:43,759 - ERROR -   │ ❌ Erreur chargement avis_ext: No module named 'fitz'
2026-08-06 00:45:44,098 - INFO -   │   ⚠️ Aucune info Avis trouvée
2026-08-06 00:45:44,099 - INFO -   │ 📜 RC...
2026-08-06 00:45:44,133 - INFO -   │   ⚠️ Aucun fichier RC trouvé
2026-08-06 00:45:44,134 - INFO -   │ 📊 BP...
2026-08-06 00:45:45,254 - INFO -   │   ✅ BP: 70 items extraits
2026-08-06 00:45:45,262 - INFO -   └──────────────────────────────────────────
2026-08-06 00:45:45,264 - INFO - 
  ╔══════════════════════════════════════════════════════════════════════╗
2026-08-06 00:45:45,266 - INFO -   ║ 📋 AO #49  |  ⭐ 31/100 ⭐  |  🔖 32DR3/2026
2026-08-06 00:45:45,267 - INFO -   ╠══════════════════════════════════════════════════════════════════════╣
2026-08-06 00:45:45,268 - INFO -   ║ 📝 Réhabilitation du génie civil des ouvrages techniques de production relevant de SP3/3...Réhabilitati
2026-08-06 00:45:45,272 - INFO -   ║ 🏢 OFFICE NATIONAL DE L'ELECTRICITE ET DE L'EAU POTABLE - BRANC
2026-08-06 00:45:45,274 - INFO -   ║ ⏰ 03/09/2026 (28j) 🟡
2026-08-06 00:45:45,275 - INFO -   ╚══════════════════════════════════════════════════════════════════════╝
2026-08-06 00:45:45,593 - INFO -      📥 Téléchargement DCE...
2026-08-06 00:46:53,276 - INFO -      ✅ DCE téléchargé (67.7s, 3438 KB)
2026-08-06 00:46:55,491 - INFO -   ┌─ EXTRACTION ─────────────────────────────
2026-08-06 00:46:55,494 - INFO -   │ 📢 Avis...
2026-08-06 00:46:55,518 - ERROR -   │ ❌ Erreur chargement avis_ext: No module named 'fitz'
2026-08-06 00:46:55,837 - INFO -   │   ⚠️ Aucune info Avis trouvée
2026-08-06 00:46:55,838 - INFO -   │ 📜 RC...
2026-08-06 00:46:55,873 - INFO -   │   ⚠️ Aucun fichier RC trouvé
2026-08-06 00:46:55,874 - INFO -   │ 📊 BP...
2026-08-06 00:46:56,834 - INFO -   │   ✅ BP: 32 items extraits
2026-08-06 00:46:56,837 - INFO -   └──────────────────────────────────────────
2026-08-06 00:47:51,651 - INFO - 
  ┌─ 📄 PAGE 75/337 ──────────────────────────────
2026-08-06 00:47:51,652 - INFO -   │  Lignes: 10  |  📋 Nouveaux AO: 1  |  Ignorés: 9
2026-08-06 00:47:51,652 - INFO -   └──────────────────────────────────────────────────
2026-08-06 00:47:51,653 - INFO - 
  ╔══════════════════════════════════════════════════════════════════════╗
2026-08-06 00:47:51,653 - INFO -   ║ 📋 AO #50  |  ⭐ 27/100 ⭐  |  🔖 34/2026/DAM/CM
2026-08-06 00:47:51,653 - INFO -   ╠══════════════════════════════════════════════════════════════════════╣
2026-08-06 00:47:51,654 - INFO -   ║ 📝 Acquisition des Vêtements de travail pour le personnel des entités centrales de l’ONEE Branche Eau à
2026-08-06 00:47:51,655 - INFO -   ║ 🏢 OFFICE NATIONAL DE L'ELECTRICITE ET DE L'EAU POTABLE - BRANC
2026-08-06 00:47:51,655 - INFO -   ║ ⏰ 03/09/2026 (28j) 🟡
2026-08-06 00:47:51,655 - INFO -   ╚══════════════════════════════════════════════════════════════════════╝
2026-08-06 00:47:53,821 - INFO -      📥 Téléchargement DCE...
2026-08-06 00:48:30,038 - INFO -      ✅ DCE téléchargé (36.2s, 692 KB)
2026-08-06 00:48:31,795 - INFO -   ┌─ EXTRACTION ─────────────────────────────
2026-08-06 00:48:31,797 - INFO -   │ 📢 Avis...
2026-08-06 00:48:31,822 - ERROR -   │ ❌ Erreur chargement avis_ext: No module named 'fitz'
2026-08-06 00:48:32,030 - INFO -   │   ⚠️ Aucune info Avis trouvée
2026-08-06 00:48:32,031 - INFO -   │ 📜 RC...
2026-08-06 00:48:32,692 - INFO -   │   ✅ RC: 17 champs extraits
2026-08-06 00:48:32,692 - INFO -   │     attestations_demandees: OUI
2026-08-06 00:48:32,693 - INFO -   │     nombre_references: 2
2026-08-06 00:48:32,693 - INFO -   │     caution_provisoire: OUI
2026-08-06 00:48:32,694 - INFO -   │ 📊 BP...
2026-08-06 00:48:33,705 - INFO -   │   ✅ BP: 12 items extraits
2026-08-06 00:48:33,706 - INFO -   └──────────────────────────────────────────
2026-08-06 00:48:47,403 - INFO - 
  ┌─ 📄 PAGE 76/337 ──────────────────────────────
2026-08-06 00:48:47,403 - INFO -   │  Lignes: 10  |  📋 Nouveaux AO: 1  |  Ignorés: 9
2026-08-06 00:48:47,404 - INFO -   └──────────────────────────────────────────────────
2026-08-06 00:48:47,404 - INFO - 
  ╔══════════════════════════════════════════════════════════════════════╗
2026-08-06 00:48:47,404 - INFO -   ║ 📋 AO #51  |  ⭐ 25/100 ⭐  |  🔖 31DR3/2026
2026-08-06 00:48:47,405 - INFO -   ╠══════════════════════════════════════════════════════════════════════╣
2026-08-06 00:48:47,405 - INFO -   ║ 📝 Acquisition des équipements du laboratoire de DR3...Acquisition des équipements du laboratoire de DR
2026-08-06 00:48:47,406 - INFO -   ║ 🏢 OFFICE NATIONAL DE L'ELECTRICITE ET DE L'EAU POTABLE - BRANC
2026-08-06 00:48:47,406 - INFO -   ║ ⏰ 03/09/2026 (28j) 🟡
2026-08-06 00:48:47,407 - INFO -   ╚══════════════════════════════════════════════════════════════════════╝
2026-08-06 00:48:47,745 - INFO -      📥 Téléchargement DCE...
2026-08-06 00:49:58,029 - INFO -      ✅ DCE téléchargé (70.3s, 3247 KB)
2026-08-06 00:50:00,037 - INFO -   ┌─ EXTRACTION ─────────────────────────────
2026-08-06 00:50:00,049 - INFO -   │ 📢 Avis...
2026-08-06 00:50:00,090 - ERROR -   │ ❌ Erreur chargement avis_ext: No module named 'fitz'
2026-08-06 00:50:00,368 - INFO -   │   ⚠️ Aucune info Avis trouvée
2026-08-06 00:50:00,368 - INFO -   │ 📜 RC...
2026-08-06 00:50:00,405 - INFO -   │   ⚠️ Aucun fichier RC trouvé
2026-08-06 00:50:00,405 - INFO -   │ 📊 BP...
2026-08-06 00:50:01,218 - INFO -   │   ✅ BP: 27 items extraits
2026-08-06 00:50:01,220 - INFO -   └──────────────────────────────────────────
2026-08-06 00:50:29,481 - INFO - 
  ┌─ 📄 PAGE 78/337 ──────────────────────────────
2026-08-06 00:50:29,482 - INFO -   │  Lignes: 10  |  📋 Nouveaux AO: 4  |  Ignorés: 6
2026-08-06 00:50:29,482 - INFO -   └──────────────────────────────────────────────────
2026-08-06 00:50:29,483 - INFO - 
  ╔══════════════════════════════════════════════════════════════════════╗
2026-08-06 00:50:29,483 - INFO -   ║ 📋 AO #52  |  ⭐ 31/100 ⭐  |  🔖 363/2026/SRMCS
2026-08-06 00:50:29,484 - INFO -   ╠══════════════════════════════════════════════════════════════════════╣
2026-08-06 00:50:29,484 - INFO -   ║ 📝 Travaux de renouvellement des réseaux d’assainissement 

Lot n°1 : Travaux de renouvellement du rése
2026-08-06 00:50:29,484 - INFO -   ║ 🏢 SOCIETE REGIONALE MULTISERVICES CASABLANCA - SETTAT SA
2026-08-06 00:50:29,485 - INFO -   ║ ⏰ 03/09/2026 (28j) 🟡
2026-08-06 00:50:29,485 - INFO -   ╚══════════════════════════════════════════════════════════════════════╝
2026-08-06 00:50:30,338 - INFO -      📥 Téléchargement DCE...
2026-08-06 00:53:27,785 - INFO -      ❌ Échec upload Supabase
2026-08-06 00:53:27,789 - INFO -      ⚠️ Pas de DCE disponible
2026-08-06 00:53:27,791 - INFO - 
  ╔══════════════════════════════════════════════════════════════════════╗
2026-08-06 00:53:27,793 - INFO -   ║ 📋 AO #53  |  ⭐ 30/100 ⭐  |  🔖 38/2026/CP
2026-08-06 00:53:27,795 - INFO -   ╠══════════════════════════════════════════════════════════════════════╣
2026-08-06 00:53:27,798 - INFO -   ║ 📝 TRAVAUX D’ALIMENTATION EN EAU POTABLE DES DIFFÉRENTS DOUARS DE LA COMMUNE TERRITORIALE DE BLEIDA PRO
2026-08-06 00:53:27,801 - INFO -   ║ 🏢 Province de  ZAGORA
2026-08-06 00:53:27,805 - INFO -   ║ ⏰ 03/09/2026 (28j) 🟡
2026-08-06 00:53:27,808 - INFO -   ╚══════════════════════════════════════════════════════════════════════╝
2026-08-06 00:53:31,344 - INFO -      📥 Téléchargement DCE...
2026-08-06 00:54:18,201 - INFO -      ✅ DCE téléchargé (46.9s, 1312 KB)
2026-08-06 00:54:20,665 - INFO -   ┌─ EXTRACTION ─────────────────────────────
2026-08-06 00:54:20,667 - INFO -   │ 📢 Avis...
2026-08-06 00:54:20,716 - ERROR -   │ ❌ Erreur chargement avis_ext: No module named 'fitz'
2026-08-06 00:54:22,154 - INFO -   │   ✅ 2 champ(s) extrait(s)
2026-08-06 00:54:22,155 - INFO -   │     🔒 Caution: 15 DHS
2026-08-06 00:54:22,157 - INFO -   │     🏗️ Visite: 2-22-431
2026-08-06 00:54:22,158 - INFO -   │ 📜 RC...
2026-08-06 00:54:23,910 - INFO -   │   ✅ RC: 13 champs extraits
2026-08-06 00:54:23,912 - INFO -   │     attestations_demandees: NON
2026-08-06 00:54:23,913 - INFO -   │     caution_provisoire: OUI
2026-08-06 00:54:23,916 - INFO -   │ 📊 BP...
2026-08-06 00:54:26,497 - INFO -   │   ✅ BP: 26 items extraits
2026-08-06 00:54:26,499 - INFO -   └──────────────────────────────────────────
2026-08-06 00:54:26,500 - INFO - 
  ╔══════════════════════════════════════════════════════════════════════╗
2026-08-06 00:54:26,501 - INFO -   ║ 📋 AO #54  |  ⭐ 25/100 ⭐  |  🔖 GN4130182/2026/DXG
2026-08-06 00:54:26,502 - INFO -   ╠══════════════════════════════════════════════════════════════════════╣
2026-08-06 00:54:26,503 - INFO -   ║ 📝 Prestation des travaux d’entretien et de contrôle des ponts roulants installes aux centrales relevan
2026-08-06 00:54:26,504 - INFO -   ║ 🏢 OFFICE NATIONALE DE L'ELECTRICITE ET DE L'EAU POTABLE - BRAN
2026-08-06 00:54:26,504 - INFO -   ║ ⏰ 03/09/2026 (28j) 🟡
2026-08-06 00:54:26,505 - INFO -   ╚══════════════════════════════════════════════════════════════════════╝
2026-08-06 00:54:26,774 - INFO -      📥 Téléchargement DCE...
2026-08-06 00:55:40,122 - INFO -      ✅ DCE téléchargé (73.3s, 3907 KB)
2026-08-06 00:55:42,007 - INFO -   ┌─ EXTRACTION ─────────────────────────────
2026-08-06 00:55:42,017 - INFO -   │ 📢 Avis...
2026-08-06 00:55:42,161 - ERROR -   │ ❌ Erreur chargement avis_ext: No module named 'fitz'
2026-08-06 00:55:42,854 - INFO -   │   ⚠️ Aucune info Avis trouvée
2026-08-06 00:55:42,854 - INFO -   │ 📜 RC...
2026-08-06 00:55:42,897 - INFO -   │   ⚠️ Aucun fichier RC trouvé
2026-08-06 00:55:42,899 - INFO -   │ 📊 BP...
2026-08-06 00:55:42,970 - INFO -   │   ⚠️ Aucun fichier BP trouvé
2026-08-06 00:55:42,974 - INFO -   └──────────────────────────────────────────
2026-08-06 00:55:42,975 - INFO - 
  ╔══════════════════════════════════════════════════════════════════════╗
2026-08-06 00:55:42,976 - INFO -   ║ 📋 AO #55  |  ⭐ 31/100 ⭐  |  🔖 PM4130102/2026/DXM
2026-08-06 00:55:42,977 - INFO -   ╠══════════════════════════════════════════════════════════════════════╣
2026-08-06 00:55:42,985 - INFO -   ║ 📝 Fourniture et installation d’un système de commutation rapide pour la tranche 3 de la Direction Expl
2026-08-06 00:55:42,987 - INFO -   ║ 🏢 OFFICE NATIONALE DE L'ELECTRICITE ET DE L'EAU POTABLE - BRAN
2026-08-06 00:55:42,988 - INFO -   ║ ⏰ 03/09/2026 (28j) 🟡
2026-08-06 00:55:42,989 - INFO -   ╚══════════════════════════════════════════════════════════════════════╝
2026-08-06 00:55:43,311 - INFO -      📥 Téléchargement DCE...
2026-08-06 00:56:57,099 - INFO -      ✅ DCE téléchargé (73.8s, 3958 KB)
2026-08-06 00:56:58,147 - INFO -   ┌─ EXTRACTION ─────────────────────────────
2026-08-06 00:56:58,158 - INFO -   │ 📢 Avis...
2026-08-06 00:56:58,307 - ERROR -   │ ❌ Erreur chargement avis_ext: No module named 'fitz'
2026-08-06 00:56:58,835 - INFO -   │   ⚠️ Aucune info Avis trouvée
2026-08-06 00:56:58,836 - INFO -   │ 📜 RC...
2026-08-06 00:56:58,896 - INFO -   │   ⚠️ Aucun fichier RC trouvé
2026-08-06 00:56:58,898 - INFO -   │ 📊 BP...
2026-08-06 00:56:58,977 - INFO -   │   ⚠️ Aucun fichier BP trouvé
2026-08-06 00:56:58,980 - INFO -   └──────────────────────────────────────────
2026-08-06 00:58:11,728 - INFO - 
  ┌─ 📄 PAGE 83/337 ──────────────────────────────
2026-08-06 00:58:11,729 - INFO -   │  Lignes: 10  |  📋 Nouveaux AO: 2  |  Ignorés: 8
2026-08-06 00:58:11,730 - INFO -   └──────────────────────────────────────────────────
2026-08-06 00:58:11,731 - INFO - 
  ╔══════════════════════════════════════════════════════════════════════╗
2026-08-06 00:58:11,731 - INFO -   ║ 📋 AO #56  |  ⭐ 25/100 ⭐  |  🔖 072/2026/AS
2026-08-06 00:58:11,732 - INFO -   ╠══════════════════════════════════════════════════════════════════════╣
2026-08-06 00:58:11,733 - INFO -   ║ 📝 Réalisation de la STEP de la ville de BAB TAZA (AO OUVERT INTERNATIONAL)...Réalisation de la STEP de
2026-08-06 00:58:11,734 - INFO -   ║ 🏢 SOCIETE REGIONALE MULTISERVICES TANGER- TETOUAN-AL HOCEIMA S
2026-08-06 00:58:11,734 - INFO -   ║ ⏰ 02/09/2026 (27j) 🟡
2026-08-06 00:58:11,736 - INFO -   ╚══════════════════════════════════════════════════════════════════════╝
2026-08-06 00:58:12,996 - INFO -      📥 Téléchargement DCE...
2026-08-06 00:59:45,305 - INFO -      ❌ Échec upload Supabase
2026-08-06 00:59:45,306 - INFO -      ⚠️ Pas de DCE disponible
2026-08-06 00:59:45,306 - INFO - 
  ╔══════════════════════════════════════════════════════════════════════╗
2026-08-06 00:59:45,307 - INFO -   ║ 📋 AO #57  |  ⭐ 25/100 ⭐  |  🔖 073/2026/AS
2026-08-06 00:59:45,307 - INFO -   ╠══════════════════════════════════════════════════════════════════════╣
2026-08-06 00:59:45,308 - INFO -   ║ 📝 Réalisation de la STEP de la ville de BAB BERRED (AO OUVERT INTERNATIONAL)...Réalisation de la STEP 
2026-08-06 00:59:45,309 - INFO -   ║ 🏢 SOCIETE REGIONALE MULTISERVICES TANGER- TETOUAN-AL HOCEIMA S
2026-08-06 00:59:45,309 - INFO -   ║ ⏰ 02/09/2026 (27j) 🟡
2026-08-06 00:59:45,310 - INFO -   ╚══════════════════════════════════════════════════════════════════════╝
2026-08-06 00:59:47,139 - INFO -      📥 Téléchargement DCE...
2026-08-06 01:01:13,117 - INFO -      ❌ Échec upload Supabase
2026-08-06 01:01:13,118 - INFO -      ⚠️ Pas de DCE disponible
2026-08-06 01:01:41,910 - INFO - 
  ┌─ 📄 PAGE 85/337 ──────────────────────────────
2026-08-06 01:01:41,911 - INFO -   │  Lignes: 10  |  📋 Nouveaux AO: 5  |  Ignorés: 5
2026-08-06 01:01:41,911 - INFO -   └──────────────────────────────────────────────────
2026-08-06 01:01:41,912 - INFO - 
  ╔══════════════════════════════════════════════════════════════════════╗
2026-08-06 01:01:41,912 - INFO -   ║ 📋 AO #58  |  ⭐ 25/100 ⭐  |  🔖 53/2026/DR9/C
2026-08-06 01:01:41,913 - INFO -   ╠══════════════════════════════════════════════════════════════════════╣
2026-08-06 01:01:41,913 - INFO -   ║ 📝 Acquisition des GEP de secours pour les centres de production relevant de DRP-TTA...Acquisition des 
2026-08-06 01:01:41,914 - INFO -   ║ 🏢 OFFICE NATIONAL DE L'ELECTRICITE ET DE L'EAU POTABLE - BRANC
2026-08-06 01:01:41,914 - INFO -   ║ ⏰ 02/09/2026 (27j) 🟡
2026-08-06 01:01:41,915 - INFO -   ╚══════════════════════════════════════════════════════════════════════╝
2026-08-06 01:01:44,021 - INFO -      📥 Téléchargement DCE...
2026-08-06 01:02:32,472 - INFO -      ✅ DCE téléchargé (48.5s, 1676 KB)
2026-08-06 01:02:33,288 - INFO -   ┌─ EXTRACTION ─────────────────────────────
2026-08-06 01:02:33,297 - INFO -   │ 📢 Avis...
2026-08-06 01:02:33,462 - ERROR -   │ ❌ Erreur chargement avis_ext: No module named 'fitz'
2026-08-06 01:02:34,325 - INFO -   │   ✅ 1 champ(s) extrait(s)
2026-08-06 01:02:34,329 - INFO -   │     🔒 Caution: 36 000 DHS
2026-08-06 01:02:34,332 - INFO -   │ 📜 RC...
2026-08-06 01:02:34,470 - INFO -   │   ⚠️ Aucun fichier RC trouvé
2026-08-06 01:02:34,471 - INFO -   │ 📊 BP...
2026-08-06 01:02:36,490 - INFO -   │   ⚠️ Aucun item BP extrait
2026-08-06 01:02:36,492 - INFO -   └──────────────────────────────────────────
2026-08-06 01:02:36,493 - INFO - 
  ╔══════════════════════════════════════════════════════════════════════╗
2026-08-06 01:02:36,494 - INFO -   ║ 📋 AO #59  |  ⭐ 41/100 ⭐⭐  |  🔖 55/DR9/2026
2026-08-06 01:02:36,495 - INFO -   ╠══════════════════════════════════════════════════════════════════════╣
2026-08-06 01:02:36,495 - INFO -   ║ 📝 Réhabilitation de génie civil des ouvrages de production de la station de traitement Oued Martil à T
2026-08-06 01:02:36,496 - INFO -   ║ 🏢 OFFICE NATIONAL DE L'ELECTRICITE ET DE L'EAU POTABLE - BRANC
2026-08-06 01:02:36,497 - INFO -   ║ ⏰ 02/09/2026 (27j) 🟡
2026-08-06 01:02:36,498 - INFO -   ╚══════════════════════════════════════════════════════════════════════╝
2026-08-06 01:02:36,798 - INFO -      📥 Téléchargement DCE...
2026-08-06 01:03:23,155 - INFO -      ✅ DCE téléchargé (46.4s, 1260 KB)
2026-08-06 01:03:23,527 - INFO -   ┌─ EXTRACTION ─────────────────────────────
2026-08-06 01:03:23,535 - INFO -   │ 📢 Avis...
2026-08-06 01:03:23,671 - ERROR -   │ ❌ Erreur chargement avis_ext: No module named 'fitz'
2026-08-06 01:03:24,365 - INFO -   │   ✅ 1 champ(s) extrait(s)
2026-08-06 01:03:24,367 - INFO -   │     🔒 Caution: 6 000 DHS
2026-08-06 01:03:24,369 - INFO -   │ 📜 RC...
2026-08-06 01:03:24,537 - INFO -   │   ⚠️ Aucun fichier RC trouvé
2026-08-06 01:03:24,539 - INFO -   │ 📊 BP...
2026-08-06 01:03:24,788 - INFO -   │   ⚠️ Aucun item BP extrait
2026-08-06 01:03:24,791 - INFO -   └──────────────────────────────────────────
2026-08-06 01:03:24,792 - INFO - 
  ╔══════════════════════════════════════════════════════════════════════╗
2026-08-06 01:03:24,793 - INFO -   ║ 📋 AO #60  |  ⭐ 25/100 ⭐  |  🔖 56/2026/DR9/C
2026-08-06 01:03:24,794 - INFO -   ╠══════════════════════════════════════════════════════════════════════╣
2026-08-06 01:03:24,796 - INFO -   ║ 📝 ENTRETIEN DES BÂTIMENTS TECHNIQUES DES INSTALLATIONS DE PRODUCTION RELEVANT DU SECTEUR DE PRODUCTION
2026-08-06 01:03:24,798 - INFO -   ║ 🏢 OFFICE NATIONAL DE L'ELECTRICITE ET DE L'EAU POTABLE - BRANC
2026-08-06 01:03:24,799 - INFO -   ║ ⏰ 02/09/2026 (27j) 🟡
2026-08-06 01:03:24,800 - INFO -   ╚══════════════════════════════════════════════════════════════════════╝
2026-08-06 01:03:25,102 - INFO -      📥 Téléchargement DCE...
2026-08-06 01:04:15,993 - INFO -      ✅ DCE téléchargé (50.9s, 1468 KB)
2026-08-06 01:04:16,710 - INFO -   ┌─ EXTRACTION ─────────────────────────────
2026-08-06 01:04:16,717 - INFO -   │ 📢 Avis...
2026-08-06 01:04:16,874 - ERROR -   │ ❌ Erreur chargement avis_ext: No module named 'fitz'
2026-08-06 01:04:17,401 - INFO -   │   ✅ 1 champ(s) extrait(s)
2026-08-06 01:04:17,404 - INFO -   │     🔒 Caution: 8 000 DHS
2026-08-06 01:04:17,406 - INFO -   │ 📜 RC...
2026-08-06 01:04:17,574 - INFO -   │   ⚠️ Aucun fichier RC trouvé
2026-08-06 01:04:17,576 - INFO -   │ 📊 BP...
2026-08-06 01:04:17,707 - INFO -   │   ⚠️ Aucun item BP extrait
2026-08-06 01:04:17,709 - INFO -   └──────────────────────────────────────────
2026-08-06 01:04:17,710 - INFO - 
  ╔══════════════════════════════════════════════════════════════════════╗
2026-08-06 01:04:17,711 - INFO -   ║ 📋 AO #61  |  ⭐ 35/100 ⭐  |  🔖 58/2026/DR9/C
2026-08-06 01:04:17,712 - INFO -   ╠══════════════════════════════════════════════════════════════════════╣
2026-08-06 01:04:17,713 - INFO -   ║ 📝 Acquisition des pièces de rechange pour les équipements d’automatisme de la station de dessalement A
2026-08-06 01:04:17,715 - INFO -   ║ 🏢 OFFICE NATIONAL DE L'ELECTRICITE ET DE L'EAU POTABLE - BRANC
2026-08-06 01:04:17,719 - INFO -   ║ ⏰ 02/09/2026 (27j) 🟡
2026-08-06 01:04:17,721 - INFO -   ╚══════════════════════════════════════════════════════════════════════╝
2026-08-06 01:04:18,049 - INFO -      📥 Téléchargement DCE...
2026-08-06 01:04:59,713 - INFO -      ✅ DCE téléchargé (41.7s, 913 KB)
2026-08-06 01:05:00,081 - INFO -   ┌─ EXTRACTION ─────────────────────────────
2026-08-06 01:05:00,088 - INFO -   │ 📢 Avis...
2026-08-06 01:05:00,231 - ERROR -   │ ❌ Erreur chargement avis_ext: No module named 'fitz'
2026-08-06 01:05:01,129 - INFO -   │   ✅ 2 champ(s) extrait(s)
2026-08-06 01:05:01,130 - INFO -   │     🔒 Caution: 24 000 DHS
2026-08-06 01:05:01,132 - INFO -   │     🏗️ Visite: 13/08/2026
2026-08-06 01:05:01,134 - INFO -   │ 📜 RC...
2026-08-06 01:05:02,157 - INFO -   │   ✅ RC: 17 champs extraits
2026-08-06 01:05:02,160 - INFO -   │     attestations_demandees: OUI
2026-08-06 01:05:02,162 - INFO -   │     nombre_references: 1
2026-08-06 01:05:02,164 - INFO -   │     caution_provisoire: OUI
2026-08-06 01:05:02,165 - INFO -   │ 📊 BP...
2026-08-06 01:05:03,124 - INFO -   │   ✅ BP: 15 items extraits
2026-08-06 01:05:03,128 - INFO -   └──────────────────────────────────────────
2026-08-06 01:05:03,130 - INFO - 
  ╔══════════════════════════════════════════════════════════════════════╗
2026-08-06 01:05:03,133 - INFO -   ║ 📋 AO #62  |  ⭐ 25/100 ⭐  |  🔖 57/2026/DR9/C
2026-08-06 01:05:03,136 - INFO -   ╠══════════════════════════════════════════════════════════════════════╣
2026-08-06 01:05:03,138 - INFO -   ║ 📝 Travaux d'entretien et réparation des fuites sur conduites au niveau de l'unité de production d'AL H
2026-08-06 01:05:03,140 - INFO -   ║ 🏢 OFFICE NATIONAL DE L'ELECTRICITE ET DE L'EAU POTABLE - BRANC
2026-08-06 01:05:03,143 - INFO -   ║ ⏰ 02/09/2026 (27j) 🟡
2026-08-06 01:05:03,153 - INFO -   ╚══════════════════════════════════════════════════════════════════════╝
2026-08-06 01:05:03,473 - INFO -      📥 Téléchargement DCE...
2026-08-06 01:05:56,338 - INFO -      ✅ DCE téléchargé (52.9s, 1947 KB)
2026-08-06 01:05:56,951 - INFO -   ┌─ EXTRACTION ─────────────────────────────
2026-08-06 01:05:56,960 - INFO -   │ 📢 Avis...
2026-08-06 01:05:57,106 - ERROR -   │ ❌ Erreur chargement avis_ext: No module named 'fitz'
2026-08-06 01:05:57,675 - INFO -   │   ✅ 1 champ(s) extrait(s)
2026-08-06 01:05:57,677 - INFO -   │     🔒 Caution: 31 100 DHS
2026-08-06 01:05:57,679 - INFO -   │ 📜 RC...
2026-08-06 01:05:57,830 - INFO -   │   ⚠️ Aucun fichier RC trouvé
2026-08-06 01:05:57,831 - INFO -   │ 📊 BP...
2026-08-06 01:05:57,940 - INFO -   │   ⚠️ Aucun item BP extrait
2026-08-06 01:05:57,942 - INFO -   └──────────────────────────────────────────
2026-08-06 01:06:41,382 - INFO - 
  ┌─ 📄 PAGE 88/337 ──────────────────────────────
2026-08-06 01:06:41,383 - INFO -   │  Lignes: 10  |  📋 Nouveaux AO: 1  |  Ignorés: 9
2026-08-06 01:06:41,384 - INFO -   └──────────────────────────────────────────────────
2026-08-06 01:06:41,385 - INFO - 
  ╔══════════════════════════════════════════════════════════════════════╗
2026-08-06 01:06:41,385 - INFO -   ║ 📋 AO #63  |  ⭐ 31/100 ⭐  |  🔖 A/251/26
2026-08-06 01:06:41,386 - INFO -   ╠══════════════════════════════════════════════════════════════════════╣
2026-08-06 01:06:41,386 - INFO -   ║ 📝 ETUDE DE REHABILITATION ET RENFORCEMENT DES RESEAUX D'ASSAINISSEMENT RELEVANT DE LA DIRECTION PROVIN
2026-08-06 01:06:41,387 - INFO -   ║ 🏢 SOCIETE REGIONALE MULTISERVICES RABAT - SALE - KENITRA SA
2026-08-06 01:06:41,388 - INFO -   ║ ⏰ 01/09/2026 (26j) 🟡
2026-08-06 01:06:41,389 - INFO -   ╚══════════════════════════════════════════════════════════════════════╝
2026-08-06 01:06:43,234 - INFO -      📥 Téléchargement DCE...
2026-08-06 01:09:33,438 - INFO -      ❌ Échec upload Supabase
2026-08-06 01:09:33,440 - INFO -      ⚠️ Pas de DCE disponible
2026-08-06 01:10:03,713 - INFO - 
  ┌─ 📄 PAGE 90/337 ──────────────────────────────
2026-08-06 01:10:03,714 - INFO -   │  Lignes: 10  |  📋 Nouveaux AO: 1  |  Ignorés: 9
2026-08-06 01:10:03,715 - INFO -   └──────────────────────────────────────────────────
2026-08-06 01:10:03,715 - INFO - 
  ╔══════════════════════════════════════════════════════════════════════╗
2026-08-06 01:10:03,716 - INFO -   ║ 📋 AO #64  |  ⭐ 22/100 ⭐  |  🔖 10008968
2026-08-06 01:10:03,716 - INFO -   ╠══════════════════════════════════════════════════════════════════════╣
2026-08-06 01:10:03,717 - INFO -   ║ 📝 Entretien et réparation des fuites sur le réseau de distribution d'eau potable au niveau de la Préfe
2026-08-06 01:10:03,717 - INFO -   ║ 🏢 SOCIETE REGIONALE MULTISERVICES SOUSS - MASSA SA
2026-08-06 01:10:03,718 - INFO -   ║ ⏰ 01/09/2026 (26j) 🟡
2026-08-06 01:10:03,718 - INFO -   ╚══════════════════════════════════════════════════════════════════════╝
2026-08-06 01:10:06,052 - INFO -      📥 Téléchargement DCE...
2026-08-06 01:11:32,710 - INFO -      ✅ DCE téléchargé (86.7s, 4331 KB)
2026-08-06 01:11:34,612 - INFO -   ┌─ EXTRACTION ─────────────────────────────
2026-08-06 01:11:34,624 - INFO -   │ 📢 Avis...
2026-08-06 01:11:34,769 - ERROR -   │ ❌ Erreur chargement avis_ext: No module named 'fitz'
2026-08-06 01:11:35,442 - INFO -   │   ⚠️ Aucune info Avis trouvée
2026-08-06 01:11:35,442 - INFO -   │ 📜 RC...
2026-08-06 01:11:35,511 - INFO -   │   ⚠️ Aucune info RC extraite
2026-08-06 01:11:35,513 - INFO -   │ 📊 BP...
2026-08-06 01:11:35,680 - INFO -   │   ⚠️ Aucun item BP extrait
2026-08-06 01:11:35,683 - INFO -   └──────────────────────────────────────────
2026-08-06 01:11:50,147 - INFO - 
  ┌─ 📄 PAGE 91/337 ──────────────────────────────
2026-08-06 01:11:50,147 - INFO -   │  Lignes: 10  |  📋 Nouveaux AO: 1  |  Ignorés: 9
2026-08-06 01:11:50,148 - INFO -   └──────────────────────────────────────────────────
2026-08-06 01:11:50,148 - INFO - 
  ╔══════════════════════════════════════════════════════════════════════╗
2026-08-06 01:11:50,149 - INFO -   ║ 📋 AO #65  |  ⭐ 35/100 ⭐  |  🔖 26/DAM/S/2026
2026-08-06 01:11:50,149 - INFO -   ╠══════════════════════════════════════════════════════════════════════╣
2026-08-06 01:11:50,150 - INFO -   ║ 📝 Fourniture des débitmètres électromagnétiques...Fourniture des débitmètres électromagnétiques
2026-08-06 01:11:50,150 - INFO -   ║ 🏢 OFFICE NATIONAL DE L'ELECTRICITE ET DE L'EAU POTABLE - BRANC
2026-08-06 01:11:50,151 - INFO -   ║ ⏰ 01/09/2026 (26j) 🟡
2026-08-06 01:11:50,151 - INFO -   ╚══════════════════════════════════════════════════════════════════════╝
2026-08-06 01:11:50,485 - INFO -      📥 Téléchargement DCE...
2026-08-06 01:12:46,026 - INFO -      ✅ DCE téléchargé (55.5s, 2198 KB)
2026-08-06 01:12:46,549 - INFO -   ┌─ EXTRACTION ─────────────────────────────
2026-08-06 01:12:46,571 - INFO -   │ 📢 Avis...
2026-08-06 01:12:46,733 - ERROR -   │ ❌ Erreur chargement avis_ext: No module named 'fitz'
2026-08-06 01:12:47,402 - INFO -   │   ⚠️ Aucune info Avis trouvée
2026-08-06 01:12:47,404 - INFO -   │ 📜 RC...
2026-08-06 01:12:47,516 - INFO -   │   ⚠️ Aucune info RC extraite
2026-08-06 01:12:47,517 - INFO -   │ 📊 BP...
2026-08-06 01:12:48,460 - INFO -   │   ✅ BP: 34 items extraits
2026-08-06 01:12:48,462 - INFO -   └──────────────────────────────────────────
2026-08-06 01:13:17,551 - INFO - 
  ┌─ 📄 PAGE 93/337 ──────────────────────────────
2026-08-06 01:13:17,552 - INFO -   │  Lignes: 10  |  📋 Nouveaux AO: 3  |  Ignorés: 7
2026-08-06 01:13:17,552 - INFO -   └──────────────────────────────────────────────────
2026-08-06 01:13:17,553 - INFO - 
  ╔══════════════════════════════════════════════════════════════════════╗
2026-08-06 01:13:17,554 - INFO -   ║ 📋 AO #66  |  ⭐ 28/100 ⭐  |  🔖 10010067
2026-08-06 01:13:17,554 - INFO -   ╠══════════════════════════════════════════════════════════════════════╣
2026-08-06 01:13:17,555 - INFO -   ║ 📝 Travaux de Réhabilitation du réseau d’Assainissement Liquide Préfecture Agadir Ida Outanane...Travau
2026-08-06 01:13:17,556 - INFO -   ║ 🏢 SOCIETE REGIONALE MULTISERVICES SOUSS - MASSA SA
2026-08-06 01:13:17,556 - INFO -   ║ ⏰ 01/09/2026 (26j) 🟡
2026-08-06 01:13:17,557 - INFO -   ╚══════════════════════════════════════════════════════════════════════╝
2026-08-06 01:13:19,521 - INFO -      📥 Téléchargement DCE...
2026-08-06 01:14:29,959 - INFO -      ✅ DCE téléchargé (70.4s, 3606 KB)
2026-08-06 01:14:30,830 - INFO -   ┌─ EXTRACTION ─────────────────────────────
2026-08-06 01:14:30,843 - INFO -   │ 📢 Avis...
2026-08-06 01:14:31,000 - ERROR -   │ ❌ Erreur chargement avis_ext: No module named 'fitz'
2026-08-06 01:14:31,878 - INFO -   │   ✅ 1 champ(s) extrait(s)
2026-08-06 01:14:31,879 - INFO -   │     🏗️ Visite: 06/08/2026
2026-08-06 01:14:31,880 - INFO -   │ 📜 RC...
2026-08-06 01:14:32,031 - INFO -   │   ⚠️ Aucune info RC extraite
2026-08-06 01:14:32,033 - INFO -   │ 📊 BP...
2026-08-06 01:14:32,114 - INFO -   │   ⚠️ Aucun item BP extrait
2026-08-06 01:14:32,117 - INFO -   └──────────────────────────────────────────
2026-08-06 01:14:32,118 - INFO - 
  ╔══════════════════════════════════════════════════════════════════════╗
2026-08-06 01:14:32,119 - INFO -   ║ 📋 AO #67  |  ⭐ 28/100 ⭐  |  🔖 10009636/2026/SRMDT
2026-08-06 01:14:32,119 - INFO -   ╠══════════════════════════════════════════════════════════════════════╣
2026-08-06 01:14:32,120 - INFO -   ║ 📝 TRAVAUX de REHABILITATION DU RESEAU D’EAU POTABLE DE LA VILLE DE TINGHIR...TRAVAUX de REHABILITATION
2026-08-06 01:14:32,123 - INFO -   ║ 🏢 SOCIETE REGIONALE MULTISERVICES DARAA - TAFILALET S.A
2026-08-06 01:14:32,128 - INFO -   ║ ⏰ 01/09/2026 (26j) 🟡
2026-08-06 01:14:32,128 - INFO -   ╚══════════════════════════════════════════════════════════════════════╝
2026-08-06 01:14:32,427 - INFO -      📥 Téléchargement DCE...
2026-08-06 01:16:10,923 - INFO -      ✅ DCE téléchargé (98.5s, 5925 KB)
2026-08-06 01:16:13,583 - INFO -   ┌─ EXTRACTION ─────────────────────────────
2026-08-06 01:16:13,595 - INFO -   │ 📢 Avis...
2026-08-06 01:16:13,808 - ERROR -   │ ❌ Erreur chargement avis_ext: No module named 'fitz'
2026-08-06 01:16:14,823 - INFO -   │   ⚠️ Aucune info Avis trouvée
2026-08-06 01:16:14,824 - INFO -   │ 📜 RC...
2026-08-06 01:16:14,890 - INFO -   │   ⚠️ Aucune info RC extraite
2026-08-06 01:16:14,893 - INFO -   │ 📊 BP...
2026-08-06 01:16:15,224 - INFO -   │   ⚠️ Aucun item BP extrait
2026-08-06 01:16:15,226 - INFO -   └──────────────────────────────────────────
2026-08-06 01:16:15,227 - INFO - 
  ╔══════════════════════════════════════════════════════════════════════╗
2026-08-06 01:16:15,227 - INFO -   ║ 📋 AO #68  |  ⭐ 25/100 ⭐  |  🔖 36DR3/2026
2026-08-06 01:16:15,228 - INFO -   ╠══════════════════════════════════════════════════════════════════════╣
2026-08-06 01:16:15,228 - INFO -   ║ 📝 Entretien et Réparation des Conduites BP de diamètre supérieur à 400 mm aux centres de production re
2026-08-06 01:16:15,229 - INFO -   ║ 🏢 OFFICE NATIONAL DE L'ELECTRICITE ET DE L'EAU POTABLE - BRANC
2026-08-06 01:16:15,230 - INFO -   ║ ⏰ 01/09/2026 (26j) 🟡
2026-08-06 01:16:15,230 - INFO -   ╚══════════════════════════════════════════════════════════════════════╝
2026-08-06 01:16:15,547 - INFO -      📥 Téléchargement DCE...
2026-08-06 01:17:36,091 - INFO -      ✅ DCE téléchargé (80.5s, 4006 KB)
2026-08-06 01:17:36,850 - INFO -   ┌─ EXTRACTION ─────────────────────────────
2026-08-06 01:17:36,865 - INFO -   │ 📢 Avis...
2026-08-06 01:17:37,004 - ERROR -   │ ❌ Erreur chargement avis_ext: No module named 'fitz'
2026-08-06 01:17:37,566 - INFO -   │   ⚠️ Aucune info Avis trouvée
2026-08-06 01:17:37,567 - INFO -   │ 📜 RC...
2026-08-06 01:17:37,610 - INFO -   │   ⚠️ Aucun fichier RC trouvé
2026-08-06 01:17:37,611 - INFO -   │ 📊 BP...
2026-08-06 01:17:38,829 - INFO -   │   ✅ BP: 57 items extraits
2026-08-06 01:17:38,837 - INFO -   └──────────────────────────────────────────
2026-08-06 01:17:53,902 - INFO - 
  ┌─ 📄 PAGE 94/337 ──────────────────────────────
2026-08-06 01:17:53,903 - INFO -   │  Lignes: 10  |  📋 Nouveaux AO: 2  |  Ignorés: 8
2026-08-06 01:17:53,904 - INFO -   └──────────────────────────────────────────────────
2026-08-06 01:17:53,905 - INFO - 
  ╔══════════════════════════════════════════════════════════════════════╗
2026-08-06 01:17:53,905 - INFO -   ║ 📋 AO #69  |  ⭐ 22/100 ⭐  |  🔖 35DR3/2026
2026-08-06 01:17:53,906 - INFO -   ╠══════════════════════════════════════════════════════════════════════╣
2026-08-06 01:17:53,907 - INFO -   ║ 📝 Surveillance des sites : Poste électrique HT/MT ST Maroc Central- SP Ouled Azzouz-Les magasins de st
2026-08-06 01:17:53,908 - INFO -   ║ 🏢 OFFICE NATIONAL DE L'ELECTRICITE ET DE L'EAU POTABLE - BRANC
2026-08-06 01:17:53,908 - INFO -   ║ ⏰ 01/09/2026 (26j) 🟡
2026-08-06 01:17:53,909 - INFO -   ╚══════════════════════════════════════════════════════════════════════╝
2026-08-06 01:17:54,446 - INFO -      📥 Téléchargement DCE...
2026-08-06 01:19:10,014 - INFO -      ✅ DCE téléchargé (75.6s, 3898 KB)
2026-08-06 01:19:11,896 - INFO -   ┌─ EXTRACTION ─────────────────────────────
2026-08-06 01:19:11,907 - INFO -   │ 📢 Avis...
2026-08-06 01:19:12,063 - ERROR -   │ ❌ Erreur chargement avis_ext: No module named 'fitz'
2026-08-06 01:19:12,690 - INFO -   │   ⚠️ Aucune info Avis trouvée
2026-08-06 01:19:12,691 - INFO -   │ 📜 RC...
2026-08-06 01:19:12,728 - INFO -   │   ⚠️ Aucun fichier RC trouvé
2026-08-06 01:19:12,730 - INFO -   │ 📊 BP...
2026-08-06 01:19:12,847 - INFO -   │   ⚠️ Aucun item BP extrait
2026-08-06 01:19:12,849 - INFO -   └──────────────────────────────────────────
2026-08-06 01:19:12,850 - INFO - 
  ╔══════════════════════════════════════════════════════════════════════╗
2026-08-06 01:19:12,851 - INFO -   ║ 📋 AO #70  |  ⭐ 22/100 ⭐  |  🔖 11/2026
2026-08-06 01:19:12,851 - INFO -   ╠══════════════════════════════════════════════════════════════════════╣
2026-08-06 01:19:12,852 - INFO -   ║ 📝 ETUDE TECHNIQUE DES SEUILS POUR LA COLLECTE DES EAUX PLUVIALES ET LA RECHARGE ARTIFICIELLE DE LA NAP
2026-08-06 01:19:12,852 - INFO -   ║ 🏢 DIRECTEUR PROVINCIAL DE L'EQUIPEMENT OUARZAZAT
2026-08-06 01:19:12,853 - INFO -   ║ ⏰ 01/09/2026 (26j) 🟡
2026-08-06 01:19:12,853 - INFO -   ╚══════════════════════════════════════════════════════════════════════╝
2026-08-06 01:19:13,170 - INFO -      📥 Téléchargement DCE...
2026-08-06 01:19:56,916 - INFO -      ✅ DCE téléchargé (43.7s, 1180 KB)
2026-08-06 01:19:57,525 - INFO -   ┌─ EXTRACTION ─────────────────────────────
2026-08-06 01:19:57,532 - INFO -   │ 📢 Avis...
2026-08-06 01:19:57,691 - ERROR -   │ ❌ Erreur chargement avis_ext: No module named 'fitz'
2026-08-06 01:19:58,375 - INFO -   │   ✅ 1 champ(s) extrait(s)
2026-08-06 01:19:58,377 - INFO -   │     🔒 Caution: 13 500 DHS
2026-08-06 01:19:58,378 - INFO -   │ 📜 RC...
2026-08-06 01:19:59,183 - INFO -   │   ✅ RC: 14 champs extraits
2026-08-06 01:19:59,185 - INFO -   │     attestations_demandees: NON
2026-08-06 01:19:59,187 - INFO -   │     caution_provisoire: OUI
2026-08-06 01:19:59,190 - INFO -   │ 📊 BP...
2026-08-06 01:20:00,441 - INFO -   │   ✅ BP: 6 items extraits
2026-08-06 01:20:00,447 - INFO -   └──────────────────────────────────────────
2026-08-06 01:20:29,532 - INFO - 
  ┌─ 📄 PAGE 96/337 ──────────────────────────────
2026-08-06 01:20:29,533 - INFO -   │  Lignes: 10  |  📋 Nouveaux AO: 1  |  Ignorés: 9
2026-08-06 01:20:29,533 - INFO -   └──────────────────────────────────────────────────
2026-08-06 01:20:29,533 - INFO - 
  ╔══════════════════════════════════════════════════════════════════════╗
2026-08-06 01:20:29,534 - INFO -   ║ 📋 AO #71  |  ⭐ 56/100 ⭐⭐  |  🔖 69/2026/DGR
2026-08-06 01:20:29,534 - INFO -   ╠══════════════════════════════════════════════════════════════════════╣
2026-08-06 01:20:29,535 - INFO -   ║ 📝 Fourniture, transport, installation, réfection, réglage et essais de matériel hydromécanique des rés
2026-08-06 01:20:29,535 - INFO -   ║ 🏢 OFFICE REGIONAL DE MISE EN VALEUR AGRICOLE D'EL GHARB
2026-08-06 01:20:29,536 - INFO -   ║ ⏰ 01/09/2026 (26j) 🟡
2026-08-06 01:20:29,536 - INFO -   ╚══════════════════════════════════════════════════════════════════════╝
2026-08-06 01:20:31,497 - INFO -      📥 Téléchargement DCE...
2026-08-06 01:23:26,650 - INFO -      ❌ Échec upload Supabase
2026-08-06 01:23:26,652 - INFO -      ⚠️ Pas de DCE disponible
2026-08-06 01:23:41,694 - INFO - 
  ┌─ 📄 PAGE 97/337 ──────────────────────────────
2026-08-06 01:23:41,694 - INFO -   │  Lignes: 10  |  📋 Nouveaux AO: 2  |  Ignorés: 8
2026-08-06 01:23:41,695 - INFO -   └──────────────────────────────────────────────────
2026-08-06 01:23:41,696 - INFO - 
  ╔══════════════════════════════════════════════════════════════════════╗
2026-08-06 01:23:41,696 - INFO -   ║ 📋 AO #72  |  ⭐ 30/100 ⭐  |  🔖 10008618
2026-08-06 01:23:41,697 - INFO -   ╠══════════════════════════════════════════════════════════════════════╣
2026-08-06 01:23:41,697 - INFO -   ║ 📝 Travaux d’assainissement liquide de la ville de Taroudannt, Province de Taroudannt –Tranche 2–...Tra
2026-08-06 01:23:41,698 - INFO -   ║ 🏢 SOCIETE REGIONALE MULTISERVICES SOUSS - MASSA SA
2026-08-06 01:23:41,698 - INFO -   ║ ⏰ 01/09/2026 (26j) 🟡
2026-08-06 01:23:41,698 - INFO -   ╚══════════════════════════════════════════════════════════════════════╝
2026-08-06 01:23:42,946 - INFO -      📥 Téléchargement DCE...
2026-08-06 01:25:44,308 - INFO -      ❌ Échec upload Supabase
2026-08-06 01:25:44,309 - INFO -      ⚠️ Pas de DCE disponible
2026-08-06 01:25:44,309 - INFO - 
  ╔══════════════════════════════════════════════════════════════════════╗
2026-08-06 01:25:44,310 - INFO -   ║ 📋 AO #73  |  ⭐ 35/100 ⭐  |  🔖 03/AO/2026
2026-08-06 01:25:44,310 - INFO -   ╠══════════════════════════════════════════════════════════════════════╣
2026-08-06 01:25:44,311 - INFO -   ║ 📝 la réalisation des travaux de voirie et d’assainissement, d’eau potable, des travaux d’électrificati
2026-08-06 01:25:44,311 - INFO -   ║ 🏢 SOCIETE NATIONALE D'AMENAGEMENT COMMUNAL
2026-08-06 01:25:44,312 - INFO -   ║ ⏰ 01/09/2026 (26j) 🟡
2026-08-06 01:25:44,312 - INFO -   ╚══════════════════════════════════════════════════════════════════════╝
2026-08-06 01:25:45,570 - INFO -      📥 Téléchargement DCE...
2026-08-06 01:28:41,884 - INFO -      ❌ Échec upload Supabase
2026-08-06 01:28:41,885 - INFO -      ⚠️ Pas de DCE disponible
2026-08-06 01:28:56,315 - INFO - 
  ┌─ 📄 PAGE 98/337 ──────────────────────────────
2026-08-06 01:28:56,316 - INFO -   │  Lignes: 10  |  📋 Nouveaux AO: 1  |  Ignorés: 9
2026-08-06 01:28:56,316 - INFO -   └──────────────────────────────────────────────────
2026-08-06 01:28:56,316 - INFO - 
  ╔══════════════════════════════════════════════════════════════════════╗
2026-08-06 01:28:56,317 - INFO -   ║ 📋 AO #74  |  ⭐ 27/100 ⭐  |  🔖 16/2026
2026-08-06 01:28:56,317 - INFO -   ╠══════════════════════════════════════════════════════════════════════╣
2026-08-06 01:28:56,318 - INFO -   ║ 📝 L’HYGIENE, LA DESINFECTION ET LE NETTOYAGE DES BATIMENTS DES FORMATIONS DE SOINS DE SANTE PRIMAIRES 
2026-08-06 01:28:56,318 - INFO -   ║ 🏢 DELEGUE DU MINISTERE DE LA SANTE A LA PROVINCE KHOURIBGA
2026-08-06 01:28:56,319 - INFO -   ║ ⏰ 01/09/2026 (26j) 🟡
2026-08-06 01:28:56,320 - INFO -   ╚══════════════════════════════════════════════════════════════════════╝
2026-08-06 01:28:57,567 - INFO -      📥 Téléchargement DCE...
2026-08-06 01:30:33,521 - INFO -      ✅ DCE téléchargé (96.0s, 5933 KB)
2026-08-06 01:30:35,867 - INFO -   ┌─ EXTRACTION ─────────────────────────────
2026-08-06 01:30:35,882 - INFO -   │ 📢 Avis...
2026-08-06 01:30:36,042 - ERROR -   │ ❌ Erreur chargement avis_ext: No module named 'fitz'
2026-08-06 01:30:36,948 - INFO -   │   ⚠️ Aucune info Avis trouvée
2026-08-06 01:30:36,949 - INFO -   │ 📜 RC...
2026-08-06 01:30:37,054 - INFO -   │   ⚠️ Aucune info RC extraite
2026-08-06 01:30:37,056 - INFO -   │ 📊 BP...
2026-08-06 01:30:37,263 - INFO -   │   ⚠️ Aucun fichier BP trouvé
2026-08-06 01:30:37,266 - INFO -   └──────────────────────────────────────────
2026-08-06 01:30:51,619 - INFO - 
  ┌─ 📄 PAGE 99/337 ──────────────────────────────
2026-08-06 01:30:51,620 - INFO -   │  Lignes: 10  |  📋 Nouveaux AO: 5  |  Ignorés: 5
2026-08-06 01:30:51,620 - INFO -   └──────────────────────────────────────────────────
2026-08-06 01:30:51,621 - INFO - 
  ╔══════════════════════════════════════════════════════════════════════╗
2026-08-06 01:30:51,622 - INFO -   ║ 📋 AO #75  |  ⭐ 25/100 ⭐  |  🔖 25/DAM/S/2026
2026-08-06 01:30:51,622 - INFO -   ╠══════════════════════════════════════════════════════════════════════╣
2026-08-06 01:30:51,623 - INFO -   ║ 📝 Fourniture de sulfate d'alumine en 07 Lots...Fourniture de sulfate d'alumine en 07 Lots
2026-08-06 01:30:51,624 - INFO -   ║ 🏢 OFFICE NATIONAL DE L'ELECTRICITE ET DE L'EAU POTABLE - BRANC
2026-08-06 01:30:51,624 - INFO -   ║ ⏰ 01/09/2026 (26j) 🟡
2026-08-06 01:30:51,625 - INFO -   ╚══════════════════════════════════════════════════════════════════════╝
2026-08-06 01:30:51,947 - INFO -      📥 Téléchargement DCE...
2026-08-06 01:32:10,486 - INFO -      ✅ DCE téléchargé (78.5s, 4169 KB)
2026-08-06 01:32:12,744 - INFO -   ┌─ EXTRACTION ─────────────────────────────
2026-08-06 01:32:12,754 - INFO -   │ 📢 Avis...
2026-08-06 01:32:12,901 - ERROR -   │ ❌ Erreur chargement avis_ext: No module named 'fitz'
2026-08-06 01:32:13,954 - INFO -   │   ⚠️ Aucune info Avis trouvée
2026-08-06 01:32:13,955 - INFO -   │ 📜 RC...
2026-08-06 01:32:14,057 - INFO -   │   ⚠️ Aucune info RC extraite
2026-08-06 01:32:14,060 - INFO -   │ 📊 BP...
2026-08-06 01:32:15,030 - INFO -   │   ✅ BP: 9 items extraits
2026-08-06 01:32:15,037 - INFO -   └──────────────────────────────────────────
2026-08-06 01:32:15,038 - INFO - 
  ╔══════════════════════════════════════════════════════════════════════╗
2026-08-06 01:32:15,040 - INFO -   ║ 📋 AO #76  |  ⭐ 25/100 ⭐  |  🔖 GN1130175/2026/AGS/DXG
2026-08-06 01:32:15,042 - INFO -   ╠══════════════════════════════════════════════════════════════════════╣
2026-08-06 01:32:15,054 - INFO -   ║ 📝 Fourniture des consommables pour l'analyse du fioul de la centrale diesel LAAYOUNE...Fourniture des 
2026-08-06 01:32:15,056 - INFO -   ║ 🏢 OFFICE NATIONALE DE L'ELECTRICITE ET DE L'EAU POTABLE - BRAN
2026-08-06 01:32:15,069 - INFO -   ║ ⏰ 01/09/2026 (26j) 🟡
2026-08-06 01:32:15,073 - INFO -   ╚══════════════════════════════════════════════════════════════════════╝
2026-08-06 01:32:15,434 - INFO -      📥 Téléchargement DCE...
2026-08-06 01:33:05,975 - INFO -      ✅ DCE téléchargé (50.5s, 1787 KB)
2026-08-06 01:33:06,315 - INFO -   ┌─ EXTRACTION ─────────────────────────────
2026-08-06 01:33:06,323 - INFO -   │ 📢 Avis...
2026-08-06 01:33:06,462 - ERROR -   │ ❌ Erreur chargement avis_ext: No module named 'fitz'
2026-08-06 01:33:06,833 - INFO -   │   ⚠️ Aucune info Avis trouvée
2026-08-06 01:33:06,834 - INFO -   │ 📜 RC...
2026-08-06 01:33:06,892 - INFO -   │   ⚠️ Aucun fichier RC trouvé
2026-08-06 01:33:06,893 - INFO -   │ 📊 BP...
2026-08-06 01:33:06,981 - INFO -   │   ⚠️ Aucun fichier BP trouvé
2026-08-06 01:33:06,984 - INFO -   └──────────────────────────────────────────
2026-08-06 01:33:06,984 - INFO - 
  ╔══════════════════════════════════════════════════════════════════════╗
2026-08-06 01:33:06,985 - INFO -   ║ 📋 AO #77  |  ⭐ 25/100 ⭐  |  🔖 PX1128358/2026/DXR
2026-08-06 01:33:06,986 - INFO -   ╠══════════════════════════════════════════════════════════════════════╣
2026-08-06 01:33:06,986 - INFO -   ║ 📝 la fourniture d’un transformateur pour service auxiliaire 22000v/400v  100kva au parc éolien Amogdou
2026-08-06 01:33:06,987 - INFO -   ║ 🏢 OFFICE NATIONALE DE L'ELECTRICITE ET DE L'EAU POTABLE - BRAN
2026-08-06 01:33:06,988 - INFO -   ║ ⏰ 01/09/2026 (26j) 🟡
2026-08-06 01:33:06,988 - INFO -   ╚══════════════════════════════════════════════════════════════════════╝
2026-08-06 01:33:07,317 - INFO -      📥 Téléchargement DCE...
2026-08-06 01:33:58,508 - INFO -      ✅ DCE téléchargé (51.2s, 1639 KB)
2026-08-06 01:33:59,733 - INFO -   ┌─ EXTRACTION ─────────────────────────────
2026-08-06 01:33:59,741 - INFO -   │ 📢 Avis...
2026-08-06 01:33:59,886 - ERROR -   │ ❌ Erreur chargement avis_ext: No module named 'fitz'
2026-08-06 01:34:00,166 - INFO -   │   ⚠️ Aucune info Avis trouvée
2026-08-06 01:34:00,166 - INFO -   │ 📜 RC...
2026-08-06 01:34:00,222 - INFO -   │   ⚠️ Aucun fichier RC trouvé
2026-08-06 01:34:00,223 - INFO -   │ 📊 BP...
2026-08-06 01:34:00,306 - INFO -   │   ⚠️ Aucun fichier BP trouvé
2026-08-06 01:34:00,308 - INFO -   └──────────────────────────────────────────
2026-08-06 01:34:00,309 - INFO - 
  ╔══════════════════════════════════════════════════════════════════════╗
2026-08-06 01:34:00,310 - INFO -   ║ 📋 AO #78  |  ⭐ 22/100 ⭐  |  🔖 GN2130795/2026/DXG
2026-08-06 01:34:00,312 - INFO -   ╠══════════════════════════════════════════════════════════════════════╣
2026-08-06 01:34:00,313 - INFO -   ║ 📝 Prestation de service pour la location d’échafaudages pour la centrale à Turbines à Gaz de Tit-Melli
2026-08-06 01:34:00,313 - INFO -   ║ 🏢 OFFICE NATIONALE DE L'ELECTRICITE ET DE L'EAU POTABLE - BRAN
2026-08-06 01:34:00,314 - INFO -   ║ ⏰ 01/09/2026 (26j) 🟡
2026-08-06 01:34:00,315 - INFO -   ╚══════════════════════════════════════════════════════════════════════╝
2026-08-06 01:34:00,624 - INFO -      📥 Téléchargement DCE...
2026-08-06 01:34:52,672 - INFO -      ✅ DCE téléchargé (52.0s, 1821 KB)
2026-08-06 01:34:53,389 - INFO -   ┌─ EXTRACTION ─────────────────────────────
2026-08-06 01:34:53,397 - INFO -   │ 📢 Avis...
2026-08-06 01:34:53,579 - ERROR -   │ ❌ Erreur chargement avis_ext: No module named 'fitz'
2026-08-06 01:34:54,070 - INFO -   │   ⚠️ Aucune info Avis trouvée
2026-08-06 01:34:54,071 - INFO -   │ 📜 RC...
2026-08-06 01:34:54,117 - INFO -   │   ⚠️ Aucun fichier RC trouvé
2026-08-06 01:34:54,117 - INFO -   │ 📊 BP...
2026-08-06 01:34:54,181 - INFO -   │   ⚠️ Aucun fichier BP trouvé
2026-08-06 01:34:54,183 - INFO -   └──────────────────────────────────────────
2026-08-06 01:34:54,184 - INFO - 
  ╔══════════════════════════════════════════════════════════════════════╗
2026-08-06 01:34:54,185 - INFO -   ║ 📋 AO #79  |  ⭐ 25/100 ⭐  |  🔖 GN2130818/2026/DXG
2026-08-06 01:34:54,185 - INFO -   ╠══════════════════════════════════════════════════════════════════════╣
2026-08-06 01:34:54,186 - INFO -   ║ 📝 Fourniture des lubrifiants industriels pour les centrales TAG de Kenitra et Tétouan...Fourniture des
2026-08-06 01:34:54,187 - INFO -   ║ 🏢 OFFICE NATIONALE DE L'ELECTRICITE ET DE L'EAU POTABLE - BRAN
2026-08-06 01:34:54,187 - INFO -   ║ ⏰ 01/09/2026 (26j) 🟡
2026-08-06 01:34:54,188 - INFO -   ╚══════════════════════════════════════════════════════════════════════╝
2026-08-06 01:34:54,495 - INFO -      📥 Téléchargement DCE...
2026-08-06 01:35:48,991 - INFO -      ✅ DCE téléchargé (54.5s, 2137 KB)
2026-08-06 01:35:49,503 - INFO -   ┌─ EXTRACTION ─────────────────────────────
2026-08-06 01:35:49,511 - INFO -   │ 📢 Avis...
2026-08-06 01:35:49,675 - ERROR -   │ ❌ Erreur chargement avis_ext: No module named 'fitz'
2026-08-06 01:35:49,994 - INFO -   │   ⚠️ Aucune info Avis trouvée
2026-08-06 01:35:49,994 - INFO -   │ 📜 RC...
2026-08-06 01:35:50,042 - INFO -   │   ⚠️ Aucun fichier RC trouvé
2026-08-06 01:35:50,043 - INFO -   │ 📊 BP...
2026-08-06 01:35:50,107 - INFO -   │   ⚠️ Aucun fichier BP trouvé
2026-08-06 01:35:50,108 - INFO -   └──────────────────────────────────────────
2026-08-06 01:36:04,361 - INFO - 
  ┌─ 📄 PAGE 100/337 ──────────────────────────────
2026-08-06 01:36:04,362 - INFO -   │  Lignes: 10  |  📋 Nouveaux AO: 5  |  Ignorés: 5
2026-08-06 01:36:04,362 - INFO -   └──────────────────────────────────────────────────
2026-08-06 01:36:04,363 - INFO - 
  ╔══════════════════════════════════════════════════════════════════════╗
2026-08-06 01:36:04,363 - INFO -   ║ 📋 AO #80  |  ⭐ 30/100 ⭐  |  🔖 27/2026/CPB/ST/BP
2026-08-06 01:36:04,364 - INFO -   ╠══════════════════════════════════════════════════════════════════════╣
2026-08-06 01:36:04,364 - INFO -   ║ 📝 TRAVAUX D’ALIMENTATION EN EAU POTABLE AU DOUAR AIT FRIGOU COMMUNE GUIGOU -PROVINCE DE BOULEMANE...TR
2026-08-06 01:36:04,365 - INFO -   ║ 🏢 Province de  BOULEMANE
2026-08-06 01:36:04,365 - INFO -   ║ ⏰ 01/09/2026 (26j) 🟡
2026-08-06 01:36:04,366 - INFO -   ╚══════════════════════════════════════════════════════════════════════╝
2026-08-06 01:36:05,270 - INFO -      📥 Téléchargement DCE...
2026-08-06 01:37:10,638 - INFO -      ✅ DCE téléchargé (65.4s, 3041 KB)
2026-08-06 01:37:12,492 - INFO -   ┌─ EXTRACTION ─────────────────────────────
2026-08-06 01:37:12,501 - INFO -   │ 📢 Avis...
2026-08-06 01:37:12,646 - ERROR -   │ ❌ Erreur chargement avis_ext: No module named 'fitz'
2026-08-06 01:37:13,218 - INFO -   │   ⚠️ Aucune info Avis trouvée
2026-08-06 01:37:13,219 - INFO -   │ 📜 RC...
2026-08-06 01:37:13,288 - INFO -   │   ⚠️ Aucune info RC extraite
2026-08-06 01:37:13,289 - INFO -   │ 📊 BP...
2026-08-06 01:37:13,494 - INFO -   │   ⚠️ Aucun item BP extrait
2026-08-06 01:37:13,497 - INFO -   └──────────────────────────────────────────
2026-08-06 01:37:13,498 - INFO - 
  ╔══════════════════════════════════════════════════════════════════════╗
2026-08-06 01:37:13,498 - INFO -   ║ 📋 AO #81  |  ⭐ 22/100 ⭐  |  🔖 GN2130915/2026/DXG
2026-08-06 01:37:13,499 - INFO -   ╠══════════════════════════════════════════════════════════════════════╣
2026-08-06 01:37:13,500 - INFO -   ║ 📝 Prestation relative à la réalisation de l’évaluation des zones ATEX au niveau de la centrale Diesel 
2026-08-06 01:37:13,501 - INFO -   ║ 🏢 OFFICE NATIONALE DE L'ELECTRICITE ET DE L'EAU POTABLE - BRAN
2026-08-06 01:37:13,502 - INFO -   ║ ⏰ 01/09/2026 (26j) 🟡
2026-08-06 01:37:13,503 - INFO -   ╚══════════════════════════════════════════════════════════════════════╝
2026-08-06 01:37:13,811 - INFO -      📥 Téléchargement DCE...
2026-08-06 01:38:03,643 - INFO -      ✅ DCE téléchargé (49.8s, 1812 KB)
2026-08-06 01:38:04,153 - INFO -   ┌─ EXTRACTION ─────────────────────────────
2026-08-06 01:38:04,161 - INFO -   │ 📢 Avis...
2026-08-06 01:38:04,305 - ERROR -   │ ❌ Erreur chargement avis_ext: No module named 'fitz'
2026-08-06 01:38:04,713 - INFO -   │   ⚠️ Aucune info Avis trouvée
2026-08-06 01:38:04,714 - INFO -   │ 📜 RC...
2026-08-06 01:38:04,772 - INFO -   │   ⚠️ Aucun fichier RC trouvé
2026-08-06 01:38:04,774 - INFO -   │ 📊 BP...
2026-08-06 01:38:04,857 - INFO -   │   ⚠️ Aucun fichier BP trouvé
2026-08-06 01:38:04,859 - INFO -   └──────────────────────────────────────────
2026-08-06 01:38:04,860 - INFO - 
  ╔══════════════════════════════════════════════════════════════════════╗
2026-08-06 01:38:04,861 - INFO -   ║ 📋 AO #82  |  ⭐ 25/100 ⭐  |  🔖 34DR3/2026
2026-08-06 01:38:04,862 - INFO -   ╠══════════════════════════════════════════════════════════════════════╣
2026-08-06 01:38:04,863 - INFO -   ║ 📝 Entretien et réparation des conduites en PVC et AC de diamètre supérieur à 400 mm aux centres releva
2026-08-06 01:38:04,864 - INFO -   ║ 🏢 OFFICE NATIONAL DE L'ELECTRICITE ET DE L'EAU POTABLE - BRANC
2026-08-06 01:38:04,865 - INFO -   ║ ⏰ 01/09/2026 (26j) 🟡
2026-08-06 01:38:04,865 - INFO -   ╚══════════════════════════════════════════════════════════════════════╝
2026-08-06 01:38:05,210 - INFO -      📥 Téléchargement DCE...
2026-08-06 01:39:11,126 - INFO -      ✅ DCE téléchargé (65.9s, 3272 KB)
2026-08-06 01:39:12,259 - INFO -   ┌─ EXTRACTION ─────────────────────────────
2026-08-06 01:39:12,269 - INFO -   │ 📢 Avis...
2026-08-06 01:39:12,384 - ERROR -   │ ❌ Erreur chargement avis_ext: No module named 'fitz'
2026-08-06 01:39:12,845 - INFO -   │   ⚠️ Aucune info Avis trouvée
2026-08-06 01:39:12,846 - INFO -   │ 📜 RC...
2026-08-06 01:39:12,883 - INFO -   │   ⚠️ Aucun fichier RC trouvé
2026-08-06 01:39:12,884 - INFO -   │ 📊 BP...
2026-08-06 01:39:13,924 - INFO -   │   ✅ BP: 38 items extraits
2026-08-06 01:39:13,933 - INFO -   └──────────────────────────────────────────
2026-08-06 01:39:13,935 - INFO - 
  ╔══════════════════════════════════════════════════════════════════════╗
2026-08-06 01:39:13,939 - INFO -   ║ 📋 AO #83  |  ⭐ 40/100 ⭐⭐  |  🔖 39/DRG/CD/SPG/2/2026
2026-08-06 01:39:13,941 - INFO -   ╠══════════════════════════════════════════════════════════════════════╣
2026-08-06 01:39:13,957 - INFO -   ║ 📝 SÉCURISATION ET AMÉLIORATION DE L’AEP DES COMMUNES RURALES LIMITROPHES À LA VILLE DE GUELMIM LOT : C
2026-08-06 01:39:13,964 - INFO -   ║ 🏢 OFFICE NATIONAL DE L'ELECTRICITE ET DE L'EAU POTABLE - BRANC
2026-08-06 01:39:13,968 - INFO -   ║ ⏰ 01/09/2026 (26j) 🟡
2026-08-06 01:39:13,978 - INFO -   ╚══════════════════════════════════════════════════════════════════════╝
2026-08-06 01:39:14,314 - INFO -      📥 Téléchargement DCE...
2026-08-06 01:40:04,680 - INFO -      ✅ DCE téléchargé (50.4s, 1754 KB)
2026-08-06 01:40:05,188 - INFO -   ┌─ EXTRACTION ─────────────────────────────
2026-08-06 01:40:05,197 - INFO -   │ 📢 Avis...
2026-08-06 01:40:05,342 - ERROR -   │ ❌ Erreur chargement avis_ext: No module named 'fitz'
2026-08-06 01:40:06,447 - INFO -   │   ✅ 1 champ(s) extrait(s)
2026-08-06 01:40:06,448 - INFO -   │     🏗️ Visite: 01/01/2024
2026-08-06 01:40:06,450 - INFO -   │ 📜 RC...
2026-08-06 01:40:07,402 - INFO -   │   ✅ RC: 17 champs extraits
2026-08-06 01:40:07,404 - INFO -   │     attestations_demandees: OUI
2026-08-06 01:40:07,406 - INFO -   │     nombre_references: 1
2026-08-06 01:40:07,408 - INFO -   │     caution_provisoire: OUI
2026-08-06 01:40:07,411 - INFO -   │ 📊 BP...
2026-08-06 01:40:08,477 - INFO -   │   ✅ BP: 34 items extraits
2026-08-06 01:40:08,481 - INFO -   └──────────────────────────────────────────
2026-08-06 01:40:08,484 - INFO - 
  ╔══════════════════════════════════════════════════════════════════════╗
2026-08-06 01:40:08,486 - INFO -   ║ 📋 AO #84  |  ⭐ 40/100 ⭐⭐  |  🔖 41/DRG/CD/SPG/2/2026
2026-08-06 01:40:08,489 - INFO -   ╠══════════════════════════════════════════════════════════════════════╣
2026-08-06 01:40:08,492 - INFO -   ║ 📝 SÉCURISATION ET AMÉLIORATION DE L’AEP DES COMMUNES RURALES LIMITROPHES À LA VILLE DE GUELMIM LOT : E
2026-08-06 01:40:08,494 - INFO -   ║ 🏢 OFFICE NATIONAL DE L'ELECTRICITE ET DE L'EAU POTABLE - BRANC
2026-08-06 01:40:08,499 - INFO -   ║ ⏰ 01/09/2026 (26j) 🟡
2026-08-06 01:40:08,512 - INFO -   ╚══════════════════════════════════════════════════════════════════════╝
2026-08-06 01:40:08,848 - INFO -      📥 Téléchargement DCE...
2026-08-06 01:41:11,437 - INFO -      ✅ DCE téléchargé (62.6s, 2949 KB)
2026-08-06 01:41:13,116 - INFO -   ┌─ EXTRACTION ─────────────────────────────
2026-08-06 01:41:13,125 - INFO -   │ 📢 Avis...
2026-08-06 01:41:13,275 - ERROR -   │ ❌ Erreur chargement avis_ext: No module named 'fitz'
2026-08-06 01:41:14,643 - INFO -   │   ✅ 1 champ(s) extrait(s)
2026-08-06 01:41:14,644 - INFO -   │     🏗️ Visite: 01/01/2024
2026-08-06 01:41:14,646 - INFO -   │ 📜 RC...
2026-08-06 01:41:15,571 - INFO -   │   ✅ RC: 17 champs extraits
2026-08-06 01:41:15,573 - INFO -   │     attestations_demandees: OUI
2026-08-06 01:41:15,574 - INFO -   │     nombre_references: 1
2026-08-06 01:41:15,576 - INFO -   │     caution_provisoire: OUI
2026-08-06 01:41:15,580 - INFO -   │ 📊 BP...
2026-08-06 01:41:16,732 - INFO -   │   ✅ BP: 45 items extraits
2026-08-06 01:41:16,740 - INFO -   └──────────────────────────────────────────
2026-08-06 01:41:16,743 - INFO - 
  📈 Page 100/337 | 84 AO | 70 DCE | 138min

2026-08-06 01:41:31,626 - INFO - 
  ┌─ 📄 PAGE 101/337 ──────────────────────────────
2026-08-06 01:41:31,626 - INFO -   │  Lignes: 10  |  📋 Nouveaux AO: 1  |  Ignorés: 9
2026-08-06 01:41:31,627 - INFO -   └──────────────────────────────────────────────────
2026-08-06 01:41:31,628 - INFO - 
  ╔══════════════════════════════════════════════════════════════════════╗
2026-08-06 01:41:31,628 - INFO -   ║ 📋 AO #85  |  ⭐ 30/100 ⭐  |  🔖 19/2026/CI
2026-08-06 01:41:31,629 - INFO -   ╠══════════════════════════════════════════════════════════════════════╣
2026-08-06 01:41:31,630 - INFO -   ║ 📝 TRAVAUX D'ASSAINISSEMENT LIQUIDE AU QUARTIER OUED ED-DAHAB...TRAVAUX D'ASSAINISSEMENT LIQUIDE AU QUA
2026-08-06 01:41:31,631 - INFO -   ║ 🏢 Commune urbaine de INEZGANE
2026-08-06 01:41:31,631 - INFO -   ║ ⏰ 01/09/2026 (26j) 🟡
2026-08-06 01:41:31,632 - INFO -   ╚══════════════════════════════════════════════════════════════════════╝
2026-08-06 01:41:31,947 - INFO -      📥 Téléchargement DCE...
2026-08-06 01:42:10,630 - INFO -      ✅ DCE téléchargé (38.7s, 816 KB)
2026-08-06 01:42:10,986 - INFO -   ┌─ EXTRACTION ─────────────────────────────
2026-08-06 01:42:10,993 - INFO -   │ 📢 Avis...
2026-08-06 01:42:11,151 - ERROR -   │ ❌ Erreur chargement avis_ext: No module named 'fitz'
2026-08-06 01:42:11,546 - INFO -   │   ⚠️ Aucune info Avis trouvée
2026-08-06 01:42:11,546 - INFO -   │ 📜 RC...
2026-08-06 01:42:12,122 - INFO -   │   ✅ RC: 15 champs extraits
2026-08-06 01:42:12,124 - INFO -   │     attestations_demandees: NON
2026-08-06 01:42:12,125 - INFO -   │     classe_qualification: Classe B
2026-08-06 01:42:12,127 - INFO -   │     caution_provisoire: OUI
2026-08-06 01:42:12,129 - INFO -   │ 📊 BP...
2026-08-06 01:42:13,839 - INFO -   │   ✅ BP: 17 items extraits
2026-08-06 01:42:13,844 - INFO -   └──────────────────────────────────────────
2026-08-06 01:42:28,244 - INFO - 
  ┌─ 📄 PAGE 102/337 ──────────────────────────────
2026-08-06 01:42:28,244 - INFO -   │  Lignes: 10  |  📋 Nouveaux AO: 1  |  Ignorés: 9
2026-08-06 01:42:28,245 - INFO -   └──────────────────────────────────────────────────
2026-08-06 01:42:28,246 - INFO - 
  ╔══════════════════════════════════════════════════════════════════════╗
2026-08-06 01:42:28,246 - INFO -   ║ 📋 AO #86  |  ⭐ 25/100 ⭐  |  🔖 10010548/2026/SRMDT
2026-08-06 01:42:28,247 - INFO -   ╠══════════════════════════════════════════════════════════════════════╣
2026-08-06 01:42:28,248 - INFO -   ║ 📝 FOURNITURE ET TRANSPORT DES COMPTEURS D’EAU POTABLE GROS CALIBRE DE TYPE VITESSE ET DE FILTRES A TAM
2026-08-06 01:42:28,248 - INFO -   ║ 🏢 SOCIETE REGIONALE MULTISERVICES DARAA - TAFILALET S.A
2026-08-06 01:42:28,249 - INFO -   ║ ⏰ 01/09/2026 (26j) 🟡
2026-08-06 01:42:28,250 - INFO -   ╚══════════════════════════════════════════════════════════════════════╝
2026-08-06 01:42:28,555 - INFO -      📥 Téléchargement DCE...
2026-08-06 01:43:58,752 - INFO -      ✅ DCE téléchargé (90.2s, 5094 KB)
2026-08-06 01:43:59,572 - INFO -   ┌─ EXTRACTION ─────────────────────────────
2026-08-06 01:43:59,586 - INFO -   │ 📢 Avis...
2026-08-06 01:43:59,756 - ERROR -   │ ❌ Erreur chargement avis_ext: No module named 'fitz'
2026-08-06 01:44:00,679 - INFO -   │   ⚠️ Aucune info Avis trouvée
2026-08-06 01:44:00,679 - INFO -   │ 📜 RC...
2026-08-06 01:44:00,756 - INFO -   │   ⚠️ Aucune info RC extraite
2026-08-06 01:44:00,757 - INFO -   │ 📊 BP...
2026-08-06 01:44:01,258 - INFO -   │   ⚠️ Aucun item BP extrait
2026-08-06 01:44:01,262 - INFO -   └──────────────────────────────────────────
2026-08-06 01:44:15,732 - INFO - 
  ┌─ 📄 PAGE 103/337 ──────────────────────────────
2026-08-06 01:44:15,732 - INFO -   │  Lignes: 10  |  📋 Nouveaux AO: 9  |  Ignorés: 1
2026-08-06 01:44:15,733 - INFO -   └──────────────────────────────────────────────────
2026-08-06 01:44:15,734 - INFO - 
  ╔══════════════════════════════════════════════════════════════════════╗
2026-08-06 01:44:15,734 - INFO -   ║ 📋 AO #87  |  ⭐ 35/100 ⭐  |  🔖 06/2026/DR4
2026-08-06 01:44:15,735 - INFO -   ╠══════════════════════════════════════════════════════════════════════╣
2026-08-06 01:44:15,735 - INFO -   ║ 📝 AEP de la ville de Souk larbaa à partir de la ST de Loukkos - Lot : Télegestion...AEP de la ville de
2026-08-06 01:44:15,736 - INFO -   ║ 🏢 OFFICE NATIONAL DE L'ELECTRICITE ET DE L'EAU POTABLE - BRANC
2026-08-06 01:44:15,737 - INFO -   ║ ⏰ 01/09/2026 (26j) 🟡
2026-08-06 01:44:15,737 - INFO -   ╚══════════════════════════════════════════════════════════════════════╝
2026-08-06 01:44:18,239 - INFO -      📥 Téléchargement DCE...
2026-08-06 01:45:11,044 - INFO -      ✅ DCE téléchargé (52.8s, 1617 KB)
2026-08-06 01:45:11,664 - INFO -   ┌─ EXTRACTION ─────────────────────────────
2026-08-06 01:45:11,671 - INFO -   │ 📢 Avis...
2026-08-06 01:45:11,832 - ERROR -   │ ❌ Erreur chargement avis_ext: No module named 'fitz'
2026-08-06 01:45:13,119 - INFO -   │   ✅ 2 champ(s) extrait(s)
2026-08-06 01:45:13,121 - INFO -   │     🔒 Caution: 112 100 DHS
2026-08-06 01:45:13,125 - INFO -   │     🏗️ Visite: 01/01/2024
2026-08-06 01:45:13,128 - INFO -   │ 📜 RC...
2026-08-06 01:45:13,934 - INFO -   │   ✅ RC: 17 champs extraits
2026-08-06 01:45:13,936 - INFO -   │     attestations_demandees: OUI
2026-08-06 01:45:13,938 - INFO -   │     nombre_references: 1
2026-08-06 01:45:13,940 - INFO -   │     caution_provisoire: OUI
2026-08-06 01:45:13,944 - INFO -   │ 📊 BP...
2026-08-06 01:45:15,454 - INFO -   │   ✅ BP: 86 items extraits
2026-08-06 01:45:15,462 - INFO -   └──────────────────────────────────────────
2026-08-06 01:45:15,467 - INFO - 
  ╔══════════════════════════════════════════════════════════════════════╗
2026-08-06 01:45:15,470 - INFO -   ║ 📋 AO #88  |  ⭐ 28/100 ⭐  |  🔖 11/2026/DR4
2026-08-06 01:45:15,472 - INFO -   ╠══════════════════════════════════════════════════════════════════════╣
2026-08-06 01:45:15,475 - INFO -   ║ 📝 RÉHABILITATION DES STATIONS AU NIVEAU DU CENTRE OUED EL MAKHAZINE...RÉHABILITATION DES STATIONS AU N
2026-08-06 01:45:15,490 - INFO -   ║ 🏢 OFFICE NATIONAL DE L'ELECTRICITE ET DE L'EAU POTABLE - BRANC
2026-08-06 01:45:15,493 - INFO -   ║ ⏰ 01/09/2026 (26j) 🟡
2026-08-06 01:45:15,496 - INFO -   ╚══════════════════════════════════════════════════════════════════════╝
2026-08-06 01:45:15,813 - INFO -      📥 Téléchargement DCE...
2026-08-06 01:46:20,777 - INFO -      ✅ DCE téléchargé (65.0s, 3182 KB)
2026-08-06 01:46:22,824 - INFO -   ┌─ EXTRACTION ─────────────────────────────
2026-08-06 01:46:22,834 - INFO -   │ 📢 Avis...
2026-08-06 01:46:22,989 - ERROR -   │ ❌ Erreur chargement avis_ext: No module named 'fitz'
2026-08-06 01:46:23,979 - INFO -   │   ✅ 1 champ(s) extrait(s)
2026-08-06 01:46:23,980 - INFO -   │     🏗️ Visite: 01/01/2024
2026-08-06 01:46:23,981 - INFO -   │ 📜 RC...
2026-08-06 01:46:24,947 - INFO -   │   ✅ RC: 17 champs extraits
2026-08-06 01:46:24,948 - INFO -   │     attestations_demandees: OUI
2026-08-06 01:46:24,949 - INFO -   │     nombre_references: 1
2026-08-06 01:46:24,951 - INFO -   │     caution_provisoire: OUI
2026-08-06 01:46:24,955 - INFO -   │ 📊 BP...
2026-08-06 01:46:25,892 - INFO -   │   ✅ BP: 40 items extraits
2026-08-06 01:46:25,898 - INFO -   └──────────────────────────────────────────
2026-08-06 01:46:25,900 - INFO - 
  ╔══════════════════════════════════════════════════════════════════════╗
2026-08-06 01:46:25,902 - INFO -   ║ 📋 AO #89  |  ⭐ 38/100 ⭐  |  🔖 12/2026/DR4
2026-08-06 01:46:25,904 - INFO -   ╠══════════════════════════════════════════════════════════════════════╣
2026-08-06 01:46:25,906 - INFO -   ║ 📝 Renforcement de l’AEP des centres Zaggota -Selfat à partir des forages de Nzalat Bni Ammar – Lot : E
2026-08-06 01:46:25,909 - INFO -   ║ 🏢 OFFICE NATIONAL DE L'ELECTRICITE ET DE L'EAU POTABLE - BRANC
2026-08-06 01:46:25,922 - INFO -   ║ ⏰ 01/09/2026 (26j) 🟡
2026-08-06 01:46:25,924 - INFO -   ╚══════════════════════════════════════════════════════════════════════╝
2026-08-06 01:46:26,255 - INFO -      📥 Téléchargement DCE...
2026-08-06 01:47:10,960 - INFO -      ✅ DCE téléchargé (44.7s, 1245 KB)
2026-08-06 01:47:12,672 - INFO -   ┌─ EXTRACTION ─────────────────────────────
2026-08-06 01:47:12,680 - INFO -   │ 📢 Avis...
2026-08-06 01:47:12,923 - ERROR -   │ ❌ Erreur chargement avis_ext: No module named 'fitz'
2026-08-06 01:47:13,792 - INFO -   │   ✅ 2 champ(s) extrait(s)
2026-08-06 01:47:13,794 - INFO -   │     🔒 Caution: 520 DHS
2026-08-06 01:47:13,796 - INFO -   │     🏗️ Visite: 01/01/2024
2026-08-06 01:47:13,798 - INFO -   │ 📜 RC...
2026-08-06 01:47:14,698 - INFO -   │   ✅ RC: 17 champs extraits
2026-08-06 01:47:14,699 - INFO -   │     attestations_demandees: OUI
2026-08-06 01:47:14,701 - INFO -   │     nombre_references: 1
2026-08-06 01:47:14,704 - INFO -   │     caution_provisoire: OUI
2026-08-06 01:47:14,707 - INFO -   │ 📊 BP...
2026-08-06 01:47:16,127 - INFO -   │   ✅ BP: 37 items extraits
2026-08-06 01:47:16,133 - INFO -   └──────────────────────────────────────────
2026-08-06 01:47:16,137 - INFO - 
  ╔══════════════════════════════════════════════════════════════════════╗
2026-08-06 01:47:16,141 - INFO -   ║ 📋 AO #90  |  ⭐ 33/100 ⭐  |  🔖 17/2026/DR4
2026-08-06 01:47:16,143 - INFO -   ╠══════════════════════════════════════════════════════════════════════╣
2026-08-06 01:47:16,147 - INFO -   ║ 📝 Renforcement de la production en eau potable par l'équipement de nouveaux forages au niveau des cent
2026-08-06 01:47:16,149 - INFO -   ║ 🏢 OFFICE NATIONAL DE L'ELECTRICITE ET DE L'EAU POTABLE - BRANC
2026-08-06 01:47:16,160 - INFO -   ║ ⏰ 01/09/2026 (26j) 🟡
2026-08-06 01:47:16,163 - INFO -   ╚══════════════════════════════════════════════════════════════════════╝
2026-08-06 01:47:16,563 - INFO -      📥 Téléchargement DCE...
2026-08-06 01:48:49,968 - INFO -      ✅ DCE téléchargé (93.4s, 5952 KB)
2026-08-06 01:48:50,804 - INFO -   ┌─ EXTRACTION ─────────────────────────────
2026-08-06 01:48:50,821 - INFO -   │ 📢 Avis...
2026-08-06 01:48:51,005 - ERROR -   │ ❌ Erreur chargement avis_ext: No module named 'fitz'
2026-08-06 01:48:52,893 - INFO -   │   ✅ 1 champ(s) extrait(s)
2026-08-06 01:48:52,894 - INFO -   │     🏗️ Visite: 01/09/2026
2026-08-06 01:48:52,896 - INFO -   │ 📜 RC...
2026-08-06 01:48:53,848 - INFO -   │   ✅ RC: 17 champs extraits
2026-08-06 01:48:53,850 - INFO -   │     attestations_demandees: OUI
2026-08-06 01:48:53,851 - INFO -   │     nombre_references: 1
2026-08-06 01:48:53,853 - INFO -   │     caution_provisoire: OUI
2026-08-06 01:48:53,859 - INFO -   │ 📊 BP...
2026-08-06 01:48:57,361 - INFO -   │   ✅ BP: 464 items extraits
2026-08-06 01:48:57,372 - INFO -   └──────────────────────────────────────────
2026-08-06 01:48:57,376 - INFO - 
  ╔══════════════════════════════════════════════════════════════════════╗
2026-08-06 01:48:57,380 - INFO -   ║ 📋 AO #91  |  ⭐ 27/100 ⭐  |  🔖 AS2130636
2026-08-06 01:48:57,390 - INFO -   ╠══════════════════════════════════════════════════════════════════════╣
2026-08-06 01:48:57,400 - INFO -   ║ 📝 Maintenance des moyens de lutte contre l'incendie des sites : Siège ONEE-BE et ces annexes, Roches N
2026-08-06 01:48:57,403 - INFO -   ║ 🏢 OFFICE NATIONALE DE L'ELECTRICITE ET DE L'EAU POTABLE - BRAN
2026-08-06 01:48:57,410 - INFO -   ║ ⏰ 01/09/2026 (26j) 🟡
2026-08-06 01:48:57,416 - INFO -   ╚══════════════════════════════════════════════════════════════════════╝
2026-08-06 01:48:57,749 - INFO -      📥 Téléchargement DCE...
2026-08-06 01:49:59,399 - INFO -      ✅ DCE téléchargé (61.7s, 2368 KB)
2026-08-06 01:50:01,141 - INFO -   ┌─ EXTRACTION ─────────────────────────────
2026-08-06 01:50:01,150 - INFO -   │ 📢 Avis...
2026-08-06 01:50:01,315 - ERROR -   │ ❌ Erreur chargement avis_ext: No module named 'fitz'
2026-08-06 01:50:01,762 - INFO -   │   ⚠️ Aucune info Avis trouvée
2026-08-06 01:50:01,763 - INFO -   │ 📜 RC...
2026-08-06 01:50:01,808 - INFO -   │   ⚠️ Aucun fichier RC trouvé
2026-08-06 01:50:01,809 - INFO -   │ 📊 BP...
2026-08-06 01:50:01,876 - INFO -   │   ⚠️ Aucun fichier BP trouvé
2026-08-06 01:50:01,878 - INFO -   └──────────────────────────────────────────
2026-08-06 01:50:01,878 - INFO - 
  ╔══════════════════════════════════════════════════════════════════════╗
2026-08-06 01:50:01,879 - INFO -   ║ 📋 AO #92  |  ⭐ 25/100 ⭐  |  🔖 TL1130904/2026/06/ONEEBELEC
2026-08-06 01:50:01,880 - INFO -   ╠══════════════════════════════════════════════════════════════════════╣
2026-08-06 01:50:01,880 - INFO -   ║ 📝 Remise en état du camion plateau relevant du Service Exploitation Guelmim...Remise en état du camion
2026-08-06 01:50:01,881 - INFO -   ║ 🏢 OFFICE NATIONALE DE L'ELECTRICITE ET DE L'EAU POTABLE - BRAN
2026-08-06 01:50:01,881 - INFO -   ║ ⏰ 01/09/2026 (26j) 🟡
2026-08-06 01:50:01,882 - INFO -   ╚══════════════════════════════════════════════════════════════════════╝
2026-08-06 01:50:02,184 - INFO -      📥 Téléchargement DCE...
2026-08-06 01:50:59,809 - INFO -      ✅ DCE téléchargé (57.6s, 2507 KB)
2026-08-06 01:51:00,249 - INFO -   ┌─ EXTRACTION ─────────────────────────────
2026-08-06 01:51:00,258 - INFO -   │ 📢 Avis...
2026-08-06 01:51:00,421 - ERROR -   │ ❌ Erreur chargement avis_ext: No module named 'fitz'
2026-08-06 01:51:00,891 - INFO -   │   ⚠️ Aucune info Avis trouvée
2026-08-06 01:51:00,892 - INFO -   │ 📜 RC...
2026-08-06 01:51:00,948 - INFO -   │   ⚠️ Aucun fichier RC trouvé
2026-08-06 01:51:00,949 - INFO -   │ 📊 BP...
2026-08-06 01:51:01,038 - INFO -   │   ⚠️ Aucun fichier BP trouvé
2026-08-06 01:51:01,040 - INFO -   └──────────────────────────────────────────
2026-08-06 01:51:01,041 - INFO - 
  ╔══════════════════════════════════════════════════════════════════════╗
2026-08-06 01:51:01,042 - INFO -   ║ 📋 AO #93  |  ⭐ 22/100 ⭐  |  🔖 PM1130854/2026/DXM
2026-08-06 01:51:01,044 - INFO -   ╠══════════════════════════════════════════════════════════════════════╣
2026-08-06 01:51:01,045 - INFO -   ║ 📝 Prestation de service pour contrôles non destructifs par ultrasons des soudures de la DXM....Prestat
2026-08-06 01:51:01,046 - INFO -   ║ 🏢 OFFICE NATIONALE DE L'ELECTRICITE ET DE L'EAU POTABLE - BRAN
2026-08-06 01:51:01,047 - INFO -   ║ ⏰ 01/09/2026 (26j) 🟡
2026-08-06 01:51:01,052 - INFO -   ╚══════════════════════════════════════════════════════════════════════╝
2026-08-06 01:51:01,389 - INFO -      📥 Téléchargement DCE...
2026-08-06 01:52:01,796 - INFO -      ✅ DCE téléchargé (60.4s, 2904 KB)
2026-08-06 01:52:02,178 - INFO -   ┌─ EXTRACTION ─────────────────────────────
2026-08-06 01:52:02,187 - INFO -   │ 📢 Avis...
2026-08-06 01:52:02,349 - ERROR -   │ ❌ Erreur chargement avis_ext: No module named 'fitz'
2026-08-06 01:52:02,747 - INFO -   │   ⚠️ Aucune info Avis trouvée
2026-08-06 01:52:02,748 - INFO -   │ 📜 RC...
2026-08-06 01:52:02,802 - INFO -   │   ⚠️ Aucun fichier RC trouvé
2026-08-06 01:52:02,804 - INFO -   │ 📊 BP...
2026-08-06 01:52:02,931 - INFO -   │   ⚠️ Aucun fichier BP trouvé
2026-08-06 01:52:02,933 - INFO -   └──────────────────────────────────────────
2026-08-06 01:52:02,933 - INFO - 
  ╔══════════════════════════════════════════════════════════════════════╗
2026-08-06 01:52:02,934 - INFO -   ║ 📋 AO #94  |  ⭐ 25/100 ⭐  |  🔖 PM1130923
2026-08-06 01:52:02,935 - INFO -   ╠══════════════════════════════════════════════════════════════════════╣
2026-08-06 01:52:02,936 - INFO -   ║ 📝 Fourniture des bottes et cuissardes de sécurité pour le personnel de la DXM....Fourniture des bottes
2026-08-06 01:52:02,936 - INFO -   ║ 🏢 OFFICE NATIONALE DE L'ELECTRICITE ET DE L'EAU POTABLE - BRAN
2026-08-06 01:52:02,937 - INFO -   ║ ⏰ 01/09/2026 (26j) 🟡
2026-08-06 01:52:02,939 - INFO -   ╚══════════════════════════════════════════════════════════════════════╝
2026-08-06 01:52:03,252 - INFO -      📥 Téléchargement DCE...
2026-08-06 01:53:06,678 - INFO -      ✅ DCE téléchargé (63.4s, 3059 KB)
2026-08-06 01:53:07,353 - INFO -   ┌─ EXTRACTION ─────────────────────────────
2026-08-06 01:53:07,362 - INFO -   │ 📢 Avis...
2026-08-06 01:53:07,549 - ERROR -   │ ❌ Erreur chargement avis_ext: No module named 'fitz'
2026-08-06 01:53:08,002 - INFO -   │   ⚠️ Aucune info Avis trouvée
2026-08-06 01:53:08,003 - INFO -   │ 📜 RC...
2026-08-06 01:53:08,061 - INFO -   │   ⚠️ Aucun fichier RC trouvé
2026-08-06 01:53:08,062 - INFO -   │ 📊 BP...
2026-08-06 01:53:08,152 - INFO -   │   ⚠️ Aucun fichier BP trouvé
2026-08-06 01:53:08,155 - INFO -   └──────────────────────────────────────────
2026-08-06 01:53:08,156 - INFO - 
  ╔══════════════════════════════════════════════════════════════════════╗
2026-08-06 01:53:08,156 - INFO -   ║ 📋 AO #95  |  ⭐ 25/100 ⭐  |  🔖 PM2130853
2026-08-06 01:53:08,157 - INFO -   ╠══════════════════════════════════════════════════════════════════════╣
2026-08-06 01:53:08,158 - INFO -   ║ 📝 Fourniture des contrôleurs d’isolement et des cartes électroniques pour la DXM....Fourniture des con
2026-08-06 01:53:08,159 - INFO -   ║ 🏢 OFFICE NATIONALE DE L'ELECTRICITE ET DE L'EAU POTABLE - BRAN
2026-08-06 01:53:08,160 - INFO -   ║ ⏰ 01/09/2026 (26j) 🟡
2026-08-06 01:53:08,160 - INFO -   ╚══════════════════════════════════════════════════════════════════════╝
2026-08-06 01:53:08,462 - INFO -      📥 Téléchargement DCE...
2026-08-06 01:54:14,075 - INFO -      ✅ DCE téléchargé (65.6s, 2986 KB)
2026-08-06 01:54:15,232 - INFO -   ┌─ EXTRACTION ─────────────────────────────
2026-08-06 01:54:15,242 - INFO -   │ 📢 Avis...
2026-08-06 01:54:15,395 - ERROR -   │ ❌ Erreur chargement avis_ext: No module named 'fitz'
2026-08-06 01:54:15,848 - INFO -   │   ⚠️ Aucune info Avis trouvée
2026-08-06 01:54:15,848 - INFO -   │ 📜 RC...
2026-08-06 01:54:15,891 - INFO -   │   ⚠️ Aucun fichier RC trouvé
2026-08-06 01:54:15,892 - INFO -   │ 📊 BP...
2026-08-06 01:54:15,980 - INFO -   │   ⚠️ Aucun fichier BP trouvé
2026-08-06 01:54:15,983 - INFO -   └──────────────────────────────────────────
2026-08-06 01:54:30,399 - INFO - 
  ┌─ 📄 PAGE 104/337 ──────────────────────────────
2026-08-06 01:54:30,400 - INFO -   │  Lignes: 10  |  📋 Nouveaux AO: 2  |  Ignorés: 8
2026-08-06 01:54:30,401 - INFO -   └──────────────────────────────────────────────────
2026-08-06 01:54:30,402 - INFO - 
  ╔══════════════════════════════════════════════════════════════════════╗
2026-08-06 01:54:30,403 - INFO -   ║ 📋 AO #96  |  ⭐ 25/100 ⭐  |  🔖 PM2130917/2026/DXM
2026-08-06 01:54:30,403 - INFO -   ╠══════════════════════════════════════════════════════════════════════╣
2026-08-06 01:54:30,404 - INFO -   ║ 📝 Fourniture des systèmes de protection antichute pour le personnel de la DXM....Fourniture des systèm
2026-08-06 01:54:30,405 - INFO -   ║ 🏢 OFFICE NATIONALE DE L'ELECTRICITE ET DE L'EAU POTABLE - BRAN
2026-08-06 01:54:30,405 - INFO -   ║ ⏰ 01/09/2026 (26j) 🟡
2026-08-06 01:54:30,406 - INFO -   ╚══════════════════════════════════════════════════════════════════════╝
2026-08-06 01:54:30,744 - INFO -      📥 Téléchargement DCE...
2026-08-06 01:55:37,195 - INFO -      ✅ DCE téléchargé (66.5s, 3472 KB)
2026-08-06 01:55:37,844 - INFO -   ┌─ EXTRACTION ─────────────────────────────
2026-08-06 01:55:37,852 - INFO -   │ 📢 Avis...
2026-08-06 01:55:37,992 - ERROR -   │ ❌ Erreur chargement avis_ext: No module named 'fitz'
2026-08-06 01:55:38,488 - INFO -   │   ⚠️ Aucune info Avis trouvée
2026-08-06 01:55:38,489 - INFO -   │ 📜 RC...
2026-08-06 01:55:38,529 - INFO -   │   ⚠️ Aucun fichier RC trouvé
2026-08-06 01:55:38,530 - INFO -   │ 📊 BP...
2026-08-06 01:55:38,611 - INFO -   │   ⚠️ Aucun fichier BP trouvé
2026-08-06 01:55:38,615 - INFO -   └──────────────────────────────────────────
2026-08-06 01:55:38,616 - INFO - 
  ╔══════════════════════════════════════════════════════════════════════╗
2026-08-06 01:55:38,617 - INFO -   ║ 📋 AO #97  |  ⭐ 25/100 ⭐  |  🔖 53.R1/DCL/2026
2026-08-06 01:55:38,622 - INFO -   ╠══════════════════════════════════════════════════════════════════════╣
2026-08-06 01:55:38,624 - INFO -   ║ 📝 Travaux de réalisation d'une STEP à boues activées et son exploitation à la ville de TAZA...Travaux 
2026-08-06 01:55:38,625 - INFO -   ║ 🏢 SOCIETE REGIONALE MULTISERVICES FES - MEKNES S.A
2026-08-06 01:55:38,626 - INFO -   ║ ⏰ 01/09/2026 (26j) 🟡
2026-08-06 01:55:38,626 - INFO -   ╚══════════════════════════════════════════════════════════════════════╝
2026-08-06 01:55:38,980 - INFO -      📥 Téléchargement DCE...
2026-08-06 01:58:47,817 - INFO -      ❌ Échec upload Supabase
2026-08-06 01:58:47,819 - INFO -      ⚠️ Pas de DCE disponible
2026-08-06 01:59:32,565 - INFO - 
  ┌─ 📄 PAGE 107/337 ──────────────────────────────
2026-08-06 01:59:32,565 - INFO -   │  Lignes: 10  |  📋 Nouveaux AO: 1  |  Ignorés: 9
2026-08-06 01:59:32,566 - INFO -   └──────────────────────────────────────────────────
2026-08-06 01:59:32,566 - INFO - 
  ╔══════════════════════════════════════════════════════════════════════╗
2026-08-06 01:59:32,567 - INFO -   ║ 📋 AO #98  |  ⭐ 30/100 ⭐  |  🔖 AO15/2026
2026-08-06 01:59:32,567 - INFO -   ╠══════════════════════════════════════════════════════════════════════╣
2026-08-06 01:59:32,568 - INFO -   ║ 📝 Contrôle de qualité des travaux de réalisation de deux seuils pour la collecte des eaux pluviales et
2026-08-06 01:59:32,568 - INFO -   ║ 🏢 CHEF DE SERVICE DE L'EQUIPEMENT DU TRANSPORTS DE LA LOGISTIQ
2026-08-06 01:59:32,569 - INFO -   ║ ⏰ 31/08/2026 (25j) 🟡
2026-08-06 01:59:32,569 - INFO -   ╚══════════════════════════════════════════════════════════════════════╝
2026-08-06 01:59:34,757 - INFO -      📥 Téléchargement DCE...
2026-08-06 02:02:41,938 - INFO -      ❌ Échec upload Supabase
2026-08-06 02:02:41,940 - INFO -      ⚠️ Pas de DCE disponible
2026-08-06 02:03:40,829 - INFO - 
  ┌─ 📄 PAGE 111/337 ──────────────────────────────
2026-08-06 02:03:40,829 - INFO -   │  Lignes: 10  |  📋 Nouveaux AO: 1  |  Ignorés: 9
2026-08-06 02:03:40,830 - INFO -   └──────────────────────────────────────────────────
2026-08-06 02:03:40,831 - INFO - 
  ╔══════════════════════════════════════════════════════════════════════╗
2026-08-06 02:03:40,832 - INFO -   ║ 📋 AO #99  |  ⭐ 28/100 ⭐  |  🔖 351/2026/SRMCS
2026-08-06 02:03:40,832 - INFO -   ╠══════════════════════════════════════════════════════════════════════╣
2026-08-06 02:03:40,833 - INFO -   ║ 📝 Acquisition et installation d’un banc d’étalonnage pour
les compteurs d’eau potable du DN 15 mm au D
2026-08-06 02:03:40,833 - INFO -   ║ 🏢 SOCIETE REGIONALE MULTISERVICES CASABLANCA - SETTAT SA
2026-08-06 02:03:40,834 - INFO -   ║ ⏰ 31/08/2026 (25j) 🟡
2026-08-06 02:03:40,835 - INFO -   ╚══════════════════════════════════════════════════════════════════════╝
2026-08-06 02:03:42,761 - INFO -      📥 Téléchargement DCE...
2026-08-06 02:06:36,514 - INFO -      ❌ Échec upload Supabase
2026-08-06 02:06:36,516 - INFO -      ⚠️ Pas de DCE disponible
2026-08-06 02:06:51,891 - INFO - 
  ┌─ 📄 PAGE 112/337 ──────────────────────────────
2026-08-06 02:06:51,892 - INFO -   │  Lignes: 10  |  📋 Nouveaux AO: 1  |  Ignorés: 9
2026-08-06 02:06:51,892 - INFO -   └──────────────────────────────────────────────────
2026-08-06 02:06:51,893 - INFO - 
  ╔══════════════════════════════════════════════════════════════════════╗
2026-08-06 02:06:51,893 - INFO -   ║ 📋 AO #100  |  ⭐ 43/100 ⭐⭐  |  🔖 25/2026
2026-08-06 02:06:51,893 - INFO -   ╠══════════════════════════════════════════════════════════════════════╣
2026-08-06 02:06:51,894 - INFO -   ║ 📝 Contrôle de qualité des travaux de construction des citernes (Métfias) pour le captage des eaux pluv
2026-08-06 02:06:51,894 - INFO -   ║ 🏢 LE DIRECTEUR PROVINCIAL DE L'EQUIPEMENT ET DU TRANSPORT ET D
2026-08-06 02:06:51,895 - INFO -   ║ ⏰ 28/08/2026 (22j) 🟡
2026-08-06 02:06:51,895 - INFO -   ╚══════════════════════════════════════════════════════════════════════╝
2026-08-06 02:06:54,447 - INFO -      📥 Téléchargement DCE...
2026-08-06 02:08:20,563 - INFO -      ✅ DCE téléchargé (86.1s, 4611 KB)
2026-08-06 02:08:22,818 - INFO -   ┌─ EXTRACTION ─────────────────────────────
2026-08-06 02:08:22,831 - INFO -   │ 📢 Avis...
2026-08-06 02:08:23,019 - ERROR -   │ ❌ Erreur chargement avis_ext: No module named 'fitz'
2026-08-06 02:08:23,986 - INFO -   │   ✅ 1 champ(s) extrait(s)
2026-08-06 02:08:23,988 - INFO -   │     🔒 Caution: 1 000 DHS
2026-08-06 02:08:23,990 - INFO -   │ 📜 RC...
2026-08-06 02:08:24,956 - INFO -   │   ✅ RC: 14 champs extraits
2026-08-06 02:08:24,958 - INFO -   │     attestations_demandees: NON
2026-08-06 02:08:24,959 - INFO -   │     caution_provisoire: OUI
2026-08-06 02:08:24,964 - INFO -   │ 📊 BP...
2026-08-06 02:08:26,314 - INFO -   │   ✅ BP: 10 items extraits
2026-08-06 02:08:26,326 - INFO -   └──────────────────────────────────────────
2026-08-06 02:08:55,598 - INFO - 
  ┌─ 📄 PAGE 114/337 ──────────────────────────────
2026-08-06 02:08:55,599 - INFO -   │  Lignes: 10  |  📋 Nouveaux AO: 1  |  Ignorés: 9
2026-08-06 02:08:55,600 - INFO -   └──────────────────────────────────────────────────
2026-08-06 02:08:55,600 - INFO - 
  ╔══════════════════════════════════════════════════════════════════════╗
2026-08-06 02:08:55,601 - INFO -   ║ 📋 AO #101  |  ⭐ 33/100 ⭐  |  🔖 24/2026
2026-08-06 02:08:55,602 - INFO -   ╠══════════════════════════════════════════════════════════════════════╣
2026-08-06 02:08:55,602 - INFO -   ║ 📝 ASSISTANCE TECHNIQUE ET SUIVI DES TRAVAUX DE CONSTRUCTION DES CITERNES ( METFIAS ) POUR LA COLLECTE 
2026-08-06 02:08:55,603 - INFO -   ║ 🏢 LE DIRECTEUR PROVINCIAL DE L'EQUIPEMENT ET DU TRANSPORT ET D
2026-08-06 02:08:55,604 - INFO -   ║ ⏰ 28/08/2026 (22j) 🟡
2026-08-06 02:08:55,605 - INFO -   ╚══════════════════════════════════════════════════════════════════════╝
2026-08-06 02:08:56,502 - INFO -      📥 Téléchargement DCE...
2026-08-06 02:10:26,408 - INFO -      ✅ DCE téléchargé (89.9s, 5237 KB)
2026-08-06 02:10:28,354 - INFO -   ┌─ EXTRACTION ─────────────────────────────
2026-08-06 02:10:28,366 - INFO -   │ 📢 Avis...
2026-08-06 02:10:28,541 - ERROR -   │ ❌ Erreur chargement avis_ext: No module named 'fitz'
2026-08-06 02:10:29,834 - INFO -   │   ✅ 1 champ(s) extrait(s)
2026-08-06 02:10:29,836 - INFO -   │     🔒 Caution: 5 000 DHS
2026-08-06 02:10:29,837 - INFO -   │ 📜 RC...
2026-08-06 02:10:30,921 - INFO -   │   ✅ RC: 15 champs extraits
2026-08-06 02:10:30,923 - INFO -   │     attestations_demandees: NON
2026-08-06 02:10:30,925 - INFO -   │     nombre_references: 1
2026-08-06 02:10:30,927 - INFO -   │     caution_provisoire: OUI
2026-08-06 02:10:30,934 - INFO -   │ 📊 BP...
2026-08-06 02:10:32,822 - INFO -   │   ✅ BP: 5 items extraits
2026-08-06 02:10:32,833 - INFO -   └──────────────────────────────────────────
2026-08-06 02:10:47,503 - INFO - 
  ┌─ 📄 PAGE 115/337 ──────────────────────────────
2026-08-06 02:10:47,504 - INFO -   │  Lignes: 10  |  📋 Nouveaux AO: 2  |  Ignorés: 8
2026-08-06 02:10:47,505 - INFO -   └──────────────────────────────────────────────────
2026-08-06 02:10:47,506 - INFO - 
  ╔══════════════════════════════════════════════════════════════════════╗
2026-08-06 02:10:47,507 - INFO -   ║ 📋 AO #102  |  ⭐ 43/100 ⭐⭐  |  🔖 23/2026
2026-08-06 02:10:47,507 - INFO -   ╠══════════════════════════════════════════════════════════════════════╣
2026-08-06 02:10:47,508 - INFO -   ║ 📝 Travaux de construction des Citernes (Métfias) pour le captage des eaux pluviales dans des localités
2026-08-06 02:10:47,509 - INFO -   ║ 🏢 LE DIRECTEUR PROVINCIAL DE L'EQUIPEMENT ET DU TRANSPORT ET D
2026-08-06 02:10:47,509 - INFO -   ║ ⏰ 28/08/2026 (22j) 🟡
2026-08-06 02:10:47,510 - INFO -   ╚══════════════════════════════════════════════════════════════════════╝
2026-08-06 02:10:47,819 - INFO -      📥 Téléchargement DCE...
2026-08-06 02:12:08,502 - INFO -      ✅ DCE téléchargé (80.7s, 3221 KB)
2026-08-06 02:12:09,320 - INFO -   ┌─ EXTRACTION ─────────────────────────────
2026-08-06 02:12:09,330 - INFO -   │ 📢 Avis...
2026-08-06 02:12:09,525 - ERROR -   │ ❌ Erreur chargement avis_ext: No module named 'fitz'
2026-08-06 02:12:10,545 - INFO -   │   ✅ 1 champ(s) extrait(s)
2026-08-06 02:12:10,547 - INFO -   │     🔒 Caution: 55 000 DHS
2026-08-06 02:12:10,549 - INFO -   │ 📜 RC...
2026-08-06 02:12:11,497 - INFO -   │   ✅ RC: 14 champs extraits
2026-08-06 02:12:11,500 - INFO -   │     attestations_demandees: NON
2026-08-06 02:12:11,502 - INFO -   │     caution_provisoire: OUI
2026-08-06 02:12:11,507 - INFO -   │ 📊 BP...
2026-08-06 02:12:13,047 - INFO -   │   ✅ BP: 15 items extraits
2026-08-06 02:12:13,056 - INFO -   └──────────────────────────────────────────
2026-08-06 02:12:13,058 - INFO - 
  ╔══════════════════════════════════════════════════════════════════════╗
2026-08-06 02:12:13,061 - INFO -   ║ 📋 AO #103  |  ⭐ 25/100 ⭐  |  🔖 38/2026
2026-08-06 02:12:13,076 - INFO -   ╠══════════════════════════════════════════════════════════════════════╣
2026-08-06 02:12:13,079 - INFO -   ║ 📝 Assistance technique et suivi des travaux de collecte des eaux pluviales au niveau de la Préfecture 
2026-08-06 02:12:13,115 - INFO -   ║ 🏢 DIRECTEUR PROVINCIAL DE L'EQUIPEMENT, DU TRANSPORT ET DE LA 
2026-08-06 02:12:13,133 - INFO -   ║ ⏰ 28/08/2026 (22j) 🟡
2026-08-06 02:12:13,159 - INFO -   ╚══════════════════════════════════════════════════════════════════════╝
2026-08-06 02:12:13,508 - INFO -      📥 Téléchargement DCE...
2026-08-06 02:12:46,192 - INFO -      ✅ DCE téléchargé (32.7s, 188 KB)
2026-08-06 02:12:46,512 - INFO -   ┌─ EXTRACTION ─────────────────────────────
2026-08-06 02:12:46,518 - INFO -   │ 📢 Avis...
2026-08-06 02:12:46,705 - ERROR -   │ ❌ Erreur chargement avis_ext: No module named 'fitz'
2026-08-06 02:12:47,475 - INFO -   │   ✅ 1 champ(s) extrait(s)
2026-08-06 02:12:47,478 - INFO -   │     🔒 Caution: 4 500 DHS
2026-08-06 02:12:47,513 - INFO -   │ 📜 RC...
2026-08-06 02:12:49,137 - INFO -   │   ✅ RC: 14 champs extraits
2026-08-06 02:12:49,138 - INFO -   │     attestations_demandees: NON
2026-08-06 02:12:49,140 - INFO -   │     caution_provisoire: NON
2026-08-06 02:12:49,142 - INFO -   │ 📊 BP...
2026-08-06 02:12:49,741 - INFO -   │   ⚠️ Aucun item BP extrait
2026-08-06 02:12:49,743 - INFO -   └──────────────────────────────────────────
2026-08-06 02:13:33,848 - INFO - 
  ┌─ 📄 PAGE 118/337 ──────────────────────────────
2026-08-06 02:13:33,849 - INFO -   │  Lignes: 10  |  📋 Nouveaux AO: 2  |  Ignorés: 8
2026-08-06 02:13:33,850 - INFO -   └──────────────────────────────────────────────────
2026-08-06 02:13:33,850 - INFO - 
  ╔══════════════════════════════════════════════════════════════════════╗
2026-08-06 02:13:33,851 - INFO -   ║ 📋 AO #104  |  ⭐ 30/100 ⭐  |  🔖 02/CPT/2026
2026-08-06 02:13:33,851 - INFO -   ╠══════════════════════════════════════════════════════════════════════╣
2026-08-06 02:13:33,852 - INFO -   ║ 📝 ACQUISITION ET INSTALATION D’UN POSTET TYPE H61-50KVA (MOYEN 
TENSION) 2ème CATEGORIE A 22Kv POUR EQ
2026-08-06 02:13:33,852 - INFO -   ║ 🏢 CONSEIL PROVINCIAL DE TINGHIR
2026-08-06 02:13:33,853 - INFO -   ║ ⏰ 28/08/2026 (22j) 🟡
2026-08-06 02:13:33,853 - INFO -   ╚══════════════════════════════════════════════════════════════════════╝
2026-08-06 02:13:34,510 - INFO -      📥 Téléchargement DCE...
2026-08-06 02:14:32,979 - INFO -      ✅ DCE téléchargé (58.5s, 1937 KB)
2026-08-06 02:14:37,996 - INFO -   ┌─ EXTRACTION ─────────────────────────────
2026-08-06 02:14:38,004 - INFO -   │ 📢 Avis...
2026-08-06 02:14:38,153 - ERROR -   │ ❌ Erreur chargement avis_ext: No module named 'fitz'
2026-08-06 02:14:38,781 - INFO -   │   ⚠️ Aucune info Avis trouvée
2026-08-06 02:14:38,781 - INFO -   │ 📜 RC...
2026-08-06 02:14:38,821 - INFO -   │   ⚠️ Aucun fichier RC trouvé
2026-08-06 02:14:38,821 - INFO -   │ 📊 BP...
2026-08-06 02:14:40,146 - INFO -   │   ✅ BP: 16 items extraits
2026-08-06 02:14:40,152 - INFO -   └──────────────────────────────────────────
2026-08-06 02:14:40,154 - INFO - 
  ╔══════════════════════════════════════════════════════════════════════╗
2026-08-06 02:14:40,157 - INFO -   ║ 📋 AO #105  |  ⭐ 31/100 ⭐  |  🔖 349/2026/SRMCS
2026-08-06 02:14:40,159 - INFO -   ╠══════════════════════════════════════════════════════════════════════╣
2026-08-06 02:14:40,161 - INFO -   ║ 📝 RENOUVELLEMENT, FOURNITURE ET INSTALLATION DES EQUIPEMENTS DE LEVAGE ET MANUTENTION DES OUVRAGES D'A
2026-08-06 02:14:40,165 - INFO -   ║ 🏢 SOCIETE REGIONALE MULTISERVICES CASABLANCA - SETTAT SA
2026-08-06 02:14:40,172 - INFO -   ║ ⏰ 28/08/2026 (22j) 🟡
2026-08-06 02:14:40,197 - INFO -   ╚══════════════════════════════════════════════════════════════════════╝
2026-08-06 02:14:40,552 - INFO -      📥 Téléchargement DCE...
2026-08-06 02:16:00,119 - INFO -      ✅ DCE téléchargé (79.6s, 4375 KB)
2026-08-06 02:16:01,141 - INFO -   ┌─ EXTRACTION ─────────────────────────────
2026-08-06 02:16:01,153 - INFO -   │ 📢 Avis...
2026-08-06 02:16:01,337 - ERROR -   │ ❌ Erreur chargement avis_ext: No module named 'fitz'
2026-08-06 02:16:02,207 - INFO -   │   ⚠️ Aucune info Avis trouvée
2026-08-06 02:16:02,208 - INFO -   │ 📜 RC...
2026-08-06 02:16:03,970 - INFO -   │   ✅ RC: 14 champs extraits
2026-08-06 02:16:03,972 - INFO -   │     attestations_demandees: OUI
2026-08-06 02:16:03,974 - INFO -   │     caution_provisoire: OUI
2026-08-06 02:16:03,977 - INFO -   │ 📊 BP...
2026-08-06 02:16:04,993 - INFO -   │   ✅ BP: 7 items extraits
2026-08-06 02:16:05,000 - INFO -   └──────────────────────────────────────────
2026-08-06 02:16:19,491 - INFO - 
  ┌─ 📄 PAGE 119/337 ──────────────────────────────
2026-08-06 02:16:19,491 - INFO -   │  Lignes: 10  |  📋 Nouveaux AO: 1  |  Ignorés: 9
2026-08-06 02:16:19,492 - INFO -   └──────────────────────────────────────────────────
2026-08-06 02:16:19,492 - INFO - 
  ╔══════════════════════════════════════════════════════════════════════╗
2026-08-06 02:16:19,493 - INFO -   ║ 📋 AO #106  |  ⭐ 33/100 ⭐  |  🔖 191/R1/CL/2026/SRMFM
2026-08-06 02:16:19,493 - INFO -   ╠══════════════════════════════════════════════════════════════════════╣
2026-08-06 02:16:19,494 - INFO -   ║ 📝 Travaux de maintenance et entretien des réseaux d’eau potable au niveau de la province de Moulay Yac
2026-08-06 02:16:19,494 - INFO -   ║ 🏢 SOCIETE REGIONALE MULTISERVICES FES - MEKNES S.A
2026-08-06 02:16:19,495 - INFO -   ║ ⏰ 28/08/2026 (22j) 🟡
2026-08-06 02:16:19,495 - INFO -   ╚══════════════════════════════════════════════════════════════════════╝
2026-08-06 02:16:19,893 - INFO -      📥 Téléchargement DCE...
2026-08-06 02:18:13,541 - INFO -      ✅ DCE téléchargé (113.6s, 7796 KB)
2026-08-06 02:18:14,462 - INFO -   ┌─ EXTRACTION ─────────────────────────────
2026-08-06 02:18:14,476 - INFO -   │ 📢 Avis...
2026-08-06 02:18:14,621 - ERROR -   │ ❌ Erreur chargement avis_ext: No module named 'fitz'
2026-08-06 02:18:15,506 - INFO -   │   ⚠️ Aucune info Avis trouvée
2026-08-06 02:18:15,506 - INFO -   │ 📜 RC...
2026-08-06 02:18:15,588 - INFO -   │   ⚠️ Aucune info RC extraite
2026-08-06 02:18:15,590 - INFO -   │ 📊 BP...
2026-08-06 02:18:15,663 - INFO -   │   ⚠️ Aucun fichier BP trouvé
2026-08-06 02:18:15,667 - INFO -   └──────────────────────────────────────────
2026-08-06 02:18:29,867 - INFO - 
  ┌─ 📄 PAGE 120/337 ──────────────────────────────
2026-08-06 02:18:29,867 - INFO -   │  Lignes: 10  |  📋 Nouveaux AO: 2  |  Ignorés: 8
2026-08-06 02:18:29,868 - INFO -   └──────────────────────────────────────────────────
2026-08-06 02:18:29,868 - INFO - 
  ╔══════════════════════════════════════════════════════════════════════╗
2026-08-06 02:18:29,869 - INFO -   ║ 📋 AO #107  |  ⭐ 33/100 ⭐  |  🔖 14/2026
2026-08-06 02:18:29,869 - INFO -   ╠══════════════════════════════════════════════════════════════════════╣
2026-08-06 02:18:29,870 - INFO -   ║ 📝 TRAVAUX D’EXTENSION ET AMENAGEMENT DU RESEAU D’EAU POTABLE AUX KSOURS DE LA COMMUNE OUED NAAM PROVIN
2026-08-06 02:18:29,870 - INFO -   ║ 🏢 Commune de OUED NAAM
2026-08-06 02:18:29,871 - INFO -   ║ ⏰ 27/08/2026 (21j) 🟡
2026-08-06 02:18:29,871 - INFO -   ╚══════════════════════════════════════════════════════════════════════╝
2026-08-06 02:18:30,180 - INFO -      📥 Téléchargement DCE...
2026-08-06 02:19:04,841 - INFO -      ✅ DCE téléchargé (34.7s, 392 KB)
2026-08-06 02:19:05,205 - INFO -   ┌─ EXTRACTION ─────────────────────────────
2026-08-06 02:19:05,212 - INFO -   │ 📢 Avis...
2026-08-06 02:19:05,383 - ERROR -   │ ❌ Erreur chargement avis_ext: No module named 'fitz'
2026-08-06 02:19:05,930 - INFO -   │   ✅ 1 champ(s) extrait(s)
2026-08-06 02:19:05,931 - INFO -   │     🔒 Caution: 2 DHS
2026-08-06 02:19:05,933 - INFO -   │ 📜 RC...
2026-08-06 02:19:06,078 - INFO -   │   ⚠️ Aucun fichier RC trouvé
2026-08-06 02:19:06,080 - INFO -   │ 📊 BP...
2026-08-06 02:19:08,131 - INFO -   │   ✅ BP: 249 items extraits
2026-08-06 02:19:08,133 - INFO -   │     💰 Total HT: 28,740,103.00 DHS
2026-08-06 02:19:08,139 - INFO -   └──────────────────────────────────────────
2026-08-06 02:19:08,142 - INFO - 
  ╔══════════════════════════════════════════════════════════════════════╗
2026-08-06 02:19:08,146 - INFO -   ║ 📋 AO #108  |  ⭐ 30/100 ⭐  |  🔖 174/2026
2026-08-06 02:19:08,149 - INFO -   ╠══════════════════════════════════════════════════════════════════════╣
2026-08-06 02:19:08,155 - INFO -   ║ 📝 TRAVAUX D’ALIMENTATION EN EAU POTABLE DES DIFFERENTS DOUARS AU NIVEAU DES COMMUNES OULED FENNANE, LA
2026-08-06 02:19:08,175 - INFO -   ║ 🏢 AGENCE REGIONALE D'EXECUTION DES PROJETS DE LA REGION BENI M
2026-08-06 02:19:08,177 - INFO -   ║ ⏰ 27/08/2026 (21j) 🟡
2026-08-06 02:19:08,178 - INFO -   ╚══════════════════════════════════════════════════════════════════════╝
2026-08-06 02:19:08,502 - INFO -      📥 Téléchargement DCE...
2026-08-06 02:20:12,162 - INFO -      ✅ DCE téléchargé (63.7s, 2424 KB)
2026-08-06 02:20:14,266 - INFO -   ┌─ EXTRACTION ─────────────────────────────
2026-08-06 02:20:14,275 - INFO -   │ 📢 Avis...
2026-08-06 02:20:14,444 - ERROR -   │ ❌ Erreur chargement avis_ext: No module named 'fitz'
2026-08-06 02:20:15,235 - INFO -   │   ⚠️ Aucune info Avis trouvée
2026-08-06 02:20:15,236 - INFO -   │ 📜 RC...
2026-08-06 02:20:15,341 - INFO -   │   ⚠️ Aucune info RC extraite
2026-08-06 02:20:15,342 - INFO -   │ 📊 BP...
2026-08-06 02:20:15,498 - INFO -   │   ⚠️ Aucun item BP extrait
2026-08-06 02:20:15,501 - INFO -   └──────────────────────────────────────────
2026-08-06 02:20:29,872 - INFO - 
  ┌─ 📄 PAGE 121/337 ──────────────────────────────
2026-08-06 02:20:29,873 - INFO -   │  Lignes: 10  |  📋 Nouveaux AO: 1  |  Ignorés: 9
2026-08-06 02:20:29,874 - INFO -   └──────────────────────────────────────────────────
2026-08-06 02:20:29,875 - INFO - 
  ╔══════════════════════════════════════════════════════════════════════╗
2026-08-06 02:20:29,875 - INFO -   ║ 📋 AO #109  |  ⭐ 30/100 ⭐  |  🔖 173/2026
2026-08-06 02:20:29,876 - INFO -   ╠══════════════════════════════════════════════════════════════════════╣
2026-08-06 02:20:29,876 - INFO -   ║ 📝 TRAVAUX D’ALIMENTATION EN EAU POTABLE DES DIFFERENTS DOUARS RELEVANT DE LA COMMUNE BENI ZRENTAL A LA
2026-08-06 02:20:29,877 - INFO -   ║ 🏢 AGENCE REGIONALE D'EXECUTION DES PROJETS DE LA REGION BENI M
2026-08-06 02:20:29,877 - INFO -   ║ ⏰ 27/08/2026 (21j) 🟡
2026-08-06 02:20:29,878 - INFO -   ╚══════════════════════════════════════════════════════════════════════╝
2026-08-06 02:20:30,550 - INFO -      📥 Téléchargement DCE...
2026-08-06 02:21:31,677 - INFO -      ✅ DCE téléchargé (61.1s, 2283 KB)
2026-08-06 02:21:32,189 - INFO -   ┌─ EXTRACTION ─────────────────────────────
2026-08-06 02:21:32,197 - INFO -   │ 📢 Avis...
2026-08-06 02:21:32,369 - ERROR -   │ ❌ Erreur chargement avis_ext: No module named 'fitz'
2026-08-06 02:21:33,012 - INFO -   │   ⚠️ Aucune info Avis trouvée
2026-08-06 02:21:33,013 - INFO -   │ 📜 RC...
2026-08-06 02:21:33,101 - INFO -   │   ⚠️ Aucune info RC extraite
2026-08-06 02:21:33,102 - INFO -   │ 📊 BP...
2026-08-06 02:21:33,260 - INFO -   │   ⚠️ Aucun item BP extrait
2026-08-06 02:21:33,262 - INFO -   └──────────────────────────────────────────
2026-08-06 02:22:31,782 - INFO - 
  ┌─ 📄 PAGE 125/337 ──────────────────────────────
2026-08-06 02:22:31,784 - INFO -   │  Lignes: 10  |  📋 Nouveaux AO: 1  |  Ignorés: 9
2026-08-06 02:22:31,784 - INFO -   └──────────────────────────────────────────────────
2026-08-06 02:22:31,785 - INFO - 
  ╔══════════════════════════════════════════════════════════════════════╗
2026-08-06 02:22:31,786 - INFO -   ║ 📋 AO #110  |  ⭐ 35/100 ⭐  |  🔖 39/DRC/CI/2026
2026-08-06 02:22:31,787 - INFO -   ╠══════════════════════════════════════════════════════════════════════╣
2026-08-06 02:22:31,788 - INFO -   ║ 📝 Fourniture des pièces de rechange (tuyaux et pièces spéciales) pour les conduites de refoulement de 
2026-08-06 02:22:31,788 - INFO -   ║ 🏢 OFFICE NATIONAL DE L'ELECTRICITE ET DE L'EAU POTABLE - BRANC
2026-08-06 02:22:31,789 - INFO -   ║ ⏰ 27/08/2026 (21j) 🟡
2026-08-06 02:22:31,790 - INFO -   ╚══════════════════════════════════════════════════════════════════════╝
2026-08-06 02:22:32,861 - INFO -      📥 Téléchargement DCE...
2026-08-06 02:23:36,515 - INFO -      ✅ DCE téléchargé (63.7s, 2961 KB)
2026-08-06 02:23:38,210 - INFO -   ┌─ EXTRACTION ─────────────────────────────
2026-08-06 02:23:38,219 - INFO -   │ 📢 Avis...
2026-08-06 02:23:38,405 - ERROR -   │ ❌ Erreur chargement avis_ext: No module named 'fitz'
2026-08-06 02:23:38,997 - INFO -   │   ⚠️ Aucune info Avis trouvée
2026-08-06 02:23:38,998 - INFO -   │ 📜 RC...
2026-08-06 02:23:39,125 - INFO -   │   ⚠️ Aucune info RC extraite
2026-08-06 02:23:39,126 - INFO -   │ 📊 BP...
2026-08-06 02:23:39,223 - INFO -   │   ⚠️ Aucun item BP extrait
2026-08-06 02:23:39,226 - INFO -   └──────────────────────────────────────────
2026-08-06 02:24:07,607 - INFO - 
  ┌─ 📄 PAGE 127/337 ──────────────────────────────
2026-08-06 02:24:07,608 - INFO -   │  Lignes: 10  |  📋 Nouveaux AO: 1  |  Ignorés: 9
2026-08-06 02:24:07,608 - INFO -   └──────────────────────────────────────────────────
2026-08-06 02:24:07,609 - INFO - 
  ╔══════════════════════════════════════════════════════════════════════╗
2026-08-06 02:24:07,609 - INFO -   ║ 📋 AO #111  |  ⭐ 38/100 ⭐  |  🔖 06/2026/DIAEA/DPPP/SPMP
2026-08-06 02:24:07,610 - INFO -   ╠══════════════════════════════════════════════════════════════════════╣
2026-08-06 02:24:07,610 - INFO -   ║ 📝 ETABLISSEMENT D’UN PARTENARIAT PUBLIC PRIVE POUR LA CONSTRUCTION ET LA GESTION DU 
RESEAU D’IRRIGATI
2026-08-06 02:24:07,611 - INFO -   ║ 🏢 DIRECTEUR DE L'IRRIGATION ET DE L'AMENAGEMENT DE L'ESPACE AG
2026-08-06 02:24:07,611 - INFO -   ║ ⏰ 27/08/2026 (21j) 🟡
2026-08-06 02:24:07,612 - INFO -   ╚══════════════════════════════════════════════════════════════════════╝
2026-08-06 02:24:09,469 - INFO -      📥 Téléchargement DCE...
2026-08-06 02:25:52,792 - INFO -      ✅ DCE téléchargé (103.3s, 6277 KB)
2026-08-06 02:25:54,641 - INFO -   ┌─ EXTRACTION ─────────────────────────────
2026-08-06 02:25:54,655 - INFO -   │ 📢 Avis...
2026-08-06 02:25:54,827 - ERROR -   │ ❌ Erreur chargement avis_ext: No module named 'fitz'
2026-08-06 02:25:55,565 - INFO -   │   ⚠️ Aucune info Avis trouvée
2026-08-06 02:25:55,566 - INFO -   │ 📜 RC...
2026-08-06 02:25:55,609 - INFO -   │   ⚠️ Aucun fichier RC trouvé
2026-08-06 02:25:55,610 - INFO -   │ 📊 BP...
2026-08-06 02:25:55,702 - INFO -   │   ⚠️ Aucun fichier BP trouvé
2026-08-06 02:25:55,707 - INFO -   └──────────────────────────────────────────
2026-08-06 02:26:09,856 - INFO - 
  ┌─ 📄 PAGE 128/337 ──────────────────────────────
2026-08-06 02:26:09,857 - INFO -   │  Lignes: 10  |  📋 Nouveaux AO: 1  |  Ignorés: 9
2026-08-06 02:26:09,858 - INFO -   └──────────────────────────────────────────────────
2026-08-06 02:26:09,858 - INFO - 
  ╔══════════════════════════════════════════════════════════════════════╗
2026-08-06 02:26:09,859 - INFO -   ║ 📋 AO #112  |  ⭐ 30/100 ⭐  |  🔖 11/INDH/2026
2026-08-06 02:26:09,859 - INFO -   ╠══════════════════════════════════════════════════════════════════════╣
2026-08-06 02:26:09,860 - INFO -   ║ 📝 TRAVAUX D'ALIMENTATION EN EAU POTABLE DES DOUARS AIT SAID OUABAL ET TAFAGHO  AUX NIVEAU DES COMMUNES
2026-08-06 02:26:09,860 - INFO -   ║ 🏢 GOUVERNEUR DE LA PROVINCE DE CHTOUKA AIT BAHA
2026-08-06 02:26:09,861 - INFO -   ║ ⏰ 27/08/2026 (21j) 🟡
2026-08-06 02:26:09,861 - INFO -   ╚══════════════════════════════════════════════════════════════════════╝
2026-08-06 02:26:10,708 - INFO -      📥 Téléchargement DCE...
2026-08-06 02:27:18,084 - INFO -      ✅ DCE téléchargé (67.4s, 3341 KB)
2026-08-06 02:27:18,904 - INFO -   ┌─ EXTRACTION ─────────────────────────────
2026-08-06 02:27:18,916 - INFO -   │ 📢 Avis...
2026-08-06 02:27:19,104 - ERROR -   │ ❌ Erreur chargement avis_ext: No module named 'fitz'
2026-08-06 02:27:20,389 - INFO -   │   ✅ 1 champ(s) extrait(s)
2026-08-06 02:27:20,390 - INFO -   │     🔒 Caution: 230 DHS
2026-08-06 02:27:20,392 - INFO -   │ 📜 RC...
2026-08-06 02:27:21,605 - INFO -   │   ✅ RC: 15 champs extraits
2026-08-06 02:27:21,607 - INFO -   │     attestations_demandees: OUI
2026-08-06 02:27:21,609 - INFO -   │     caution_provisoire: OUI
2026-08-06 02:27:21,612 - INFO -   │ 📊 BP...
2026-08-06 02:27:24,368 - INFO -   │   ✅ BP: 131 items extraits
2026-08-06 02:27:24,375 - INFO -   └──────────────────────────────────────────
2026-08-06 02:27:38,594 - INFO - 
  ┌─ 📄 PAGE 129/337 ──────────────────────────────
2026-08-06 02:27:38,595 - INFO -   │  Lignes: 10  |  📋 Nouveaux AO: 3  |  Ignorés: 7
2026-08-06 02:27:38,595 - INFO -   └──────────────────────────────────────────────────
2026-08-06 02:27:38,596 - INFO - 
  ╔══════════════════════════════════════════════════════════════════════╗
2026-08-06 02:27:38,596 - INFO -   ║ 📋 AO #113  |  ⭐ 25/100 ⭐  |  🔖 TO3130514/2026/ONEEBE/DTO
2026-08-06 02:27:38,597 - INFO -   ╠══════════════════════════════════════════════════════════════════════╣
2026-08-06 02:27:38,598 - INFO -   ║ 📝 Acquisition des Groupes électrogènes pour les postes HTB de la Division Exploitation Transport Fès..
2026-08-06 02:27:38,599 - INFO -   ║ 🏢 OFFICE NATIONALE DE L'ELECTRICITE ET DE L'EAU POTABLE - BRAN
2026-08-06 02:27:38,599 - INFO -   ║ ⏰ 27/08/2026 (21j) 🟡
2026-08-06 02:27:38,600 - INFO -   ╚══════════════════════════════════════════════════════════════════════╝
2026-08-06 02:27:38,907 - INFO -      📥 Téléchargement DCE...
2026-08-06 02:28:34,677 - INFO -      ✅ DCE téléchargé (55.8s, 2485 KB)
2026-08-06 02:28:34,999 - INFO -   ┌─ EXTRACTION ─────────────────────────────
2026-08-06 02:28:35,008 - INFO -   │ 📢 Avis...
2026-08-06 02:28:35,189 - ERROR -   │ ❌ Erreur chargement avis_ext: No module named 'fitz'
2026-08-06 02:28:35,711 - INFO -   │   ⚠️ Aucune info Avis trouvée
2026-08-06 02:28:35,712 - INFO -   │ 📜 RC...
2026-08-06 02:28:35,756 - INFO -   │   ⚠️ Aucun fichier RC trouvé
2026-08-06 02:28:35,757 - INFO -   │ 📊 BP...
2026-08-06 02:28:35,831 - INFO -   │   ⚠️ Aucun fichier BP trouvé
2026-08-06 02:28:35,833 - INFO -   └──────────────────────────────────────────
2026-08-06 02:28:35,833 - INFO - 
  ╔══════════════════════════════════════════════════════════════════════╗
2026-08-06 02:28:35,834 - INFO -   ║ 📋 AO #114  |  ⭐ 25/100 ⭐  |  🔖 34/DRC/CI/2026
2026-08-06 02:28:35,835 - INFO -   ╠══════════════════════════════════════════════════════════════════════╣
2026-08-06 02:28:35,836 - INFO -   ║ 📝 Entretien des bâtiments techniques relevant de Secteur de Production SETTAT – BERECHID – BENSLIMANE 
2026-08-06 02:28:35,837 - INFO -   ║ 🏢 OFFICE NATIONAL DE L'ELECTRICITE ET DE L'EAU POTABLE - BRANC
2026-08-06 02:28:35,837 - INFO -   ║ ⏰ 27/08/2026 (21j) 🟡
2026-08-06 02:28:35,838 - INFO -   ╚══════════════════════════════════════════════════════════════════════╝
2026-08-06 02:28:36,150 - INFO -      📥 Téléchargement DCE...
2026-08-06 02:29:40,312 - INFO -      ✅ DCE téléchargé (64.2s, 3089 KB)
2026-08-06 02:29:42,260 - INFO -   ┌─ EXTRACTION ─────────────────────────────
2026-08-06 02:29:42,269 - INFO -   │ 📢 Avis...
2026-08-06 02:29:42,420 - ERROR -   │ ❌ Erreur chargement avis_ext: No module named 'fitz'
2026-08-06 02:29:43,026 - INFO -   │   ⚠️ Aucune info Avis trouvée
2026-08-06 02:29:43,027 - INFO -   │ 📜 RC...
2026-08-06 02:29:43,118 - INFO -   │   ⚠️ Aucune info RC extraite
2026-08-06 02:29:43,119 - INFO -   │ 📊 BP...
2026-08-06 02:29:44,017 - INFO -   │   ✅ BP: 19 items extraits
2026-08-06 02:29:44,023 - INFO -   └──────────────────────────────────────────
2026-08-06 02:29:44,026 - INFO - 
  ╔══════════════════════════════════════════════════════════════════════╗
2026-08-06 02:29:44,029 - INFO -   ║ 📋 AO #115  |  ⭐ 30/100 ⭐  |  🔖 170/2026
2026-08-06 02:29:44,031 - INFO -   ╠══════════════════════════════════════════════════════════════════════╣
2026-08-06 02:29:44,034 - INFO -   ║ 📝 TRAVAUX D’ALIMENTATION EN EAU POTABLE DES DIFFERENTS DOUARS AU NIVEAU DES COMMUNES TACHRAFT ET BOUKH
2026-08-06 02:29:44,042 - INFO -   ║ 🏢 AGENCE REGIONALE D'EXECUTION DES PROJETS DE LA REGION BENI M
2026-08-06 02:29:44,047 - INFO -   ║ ⏰ 27/08/2026 (21j) 🟡
2026-08-06 02:29:44,061 - INFO -   ╚══════════════════════════════════════════════════════════════════════╝
2026-08-06 02:29:44,376 - INFO -      📥 Téléchargement DCE...
2026-08-06 02:30:37,038 - INFO -      ✅ DCE téléchargé (52.7s, 2101 KB)
2026-08-06 02:30:37,348 - INFO -   ┌─ EXTRACTION ─────────────────────────────
2026-08-06 02:30:37,351 - INFO -   │ 📢 Avis...
2026-08-06 02:30:37,413 - ERROR -   │ ❌ Erreur chargement avis_ext: No module named 'fitz'
2026-08-06 02:30:37,871 - INFO -   │   ⚠️ Aucune info Avis trouvée
2026-08-06 02:30:37,872 - INFO -   │ 📜 RC...
2026-08-06 02:30:37,937 - INFO -   │   ⚠️ Aucune info RC extraite
2026-08-06 02:30:37,939 - INFO -   │ 📊 BP...
2026-08-06 02:30:38,112 - INFO -   │   ⚠️ Aucun item BP extrait
2026-08-06 02:30:38,114 - INFO -   └──────────────────────────────────────────
2026-08-06 02:31:22,114 - INFO - 
  ┌─ 📄 PAGE 132/337 ──────────────────────────────
2026-08-06 02:31:22,115 - INFO -   │  Lignes: 10  |  📋 Nouveaux AO: 2  |  Ignorés: 8
2026-08-06 02:31:22,116 - INFO -   └──────────────────────────────────────────────────
2026-08-06 02:31:22,116 - INFO - 
  ╔══════════════════════════════════════════════════════════════════════╗
2026-08-06 02:31:22,117 - INFO -   ║ 📋 AO #116  |  ⭐ 30/100 ⭐  |  🔖 01/2026
2026-08-06 02:31:22,117 - INFO -   ╠══════════════════════════════════════════════════════════════════════╣
2026-08-06 02:31:22,118 - INFO -   ║ 📝 travaux d'alimentation en eau potable au profit de plusieurs douars relevant de la commune zemrane p
2026-08-06 02:31:22,118 - INFO -   ║ 🏢 Commune ZEMRANE
2026-08-06 02:31:22,119 - INFO -   ║ ⏰ 26/08/2026 (20j) 🟡
2026-08-06 02:31:22,119 - INFO -   ╚══════════════════════════════════════════════════════════════════════╝
2026-08-06 02:31:23,427 - INFO -      📥 Téléchargement DCE...
2026-08-06 02:32:18,822 - INFO -      ✅ DCE téléchargé (55.4s, 2094 KB)
2026-08-06 02:32:19,436 - INFO -   ┌─ EXTRACTION ─────────────────────────────
2026-08-06 02:32:19,444 - INFO -   │ 📢 Avis...
2026-08-06 02:32:19,640 - ERROR -   │ ❌ Erreur chargement avis_ext: No module named 'fitz'
2026-08-06 02:32:21,263 - INFO -   │   ✅ 3 champ(s) extrait(s)
2026-08-06 02:32:21,264 - INFO -   │     🔒 Caution: 48 DHS
2026-08-06 02:32:21,266 - INFO -   │     🏗️ Visite: 10.1.018
2026-08-06 02:32:21,267 - INFO -   │ 📜 RC...
2026-08-06 02:32:22,137 - INFO -   │   ✅ RC: 13 champs extraits
2026-08-06 02:32:22,139 - INFO -   │     attestations_demandees: NON
2026-08-06 02:32:22,140 - INFO -   │     caution_provisoire: OUI
2026-08-06 02:32:22,142 - INFO -   │ 📊 BP...
2026-08-06 02:32:23,138 - INFO -   │   ✅ BP: 47 items extraits
2026-08-06 02:32:23,143 - INFO -   └──────────────────────────────────────────
2026-08-06 02:32:23,145 - INFO - 
  ╔══════════════════════════════════════════════════════════════════════╗
2026-08-06 02:32:23,146 - INFO -   ║ 📋 AO #117  |  ⭐ 30/100 ⭐  |  🔖 37/OA/2026
2026-08-06 02:32:23,149 - INFO -   ╠══════════════════════════════════════════════════════════════════════╣
2026-08-06 02:32:23,151 - INFO -   ║ 📝 TRAVAUX DE RÉALISATION DU RÉSEAU D'ASSAINISSEMENT LIQUIDE DU DOUAR ANMID -COMMUNE KHOUZAMA- PROVINCE
2026-08-06 02:32:23,158 - INFO -   ║ 🏢 SOCIETE DE DEVELOPPEMENT LOCAL OUARZAZATE AMENAGEMENT
2026-08-06 02:32:23,161 - INFO -   ║ ⏰ 26/08/2026 (20j) 🟡
2026-08-06 02:32:23,163 - INFO -   ╚══════════════════════════════════════════════════════════════════════╝
2026-08-06 02:32:23,532 - INFO -      📥 Téléchargement DCE...
2026-08-06 02:35:41,925 - INFO -      ❌ Échec upload Supabase
2026-08-06 02:35:41,926 - INFO -      ⚠️ Pas de DCE disponible
2026-08-06 02:35:58,129 - INFO - 
  ┌─ 📄 PAGE 133/337 ──────────────────────────────
2026-08-06 02:35:58,129 - INFO -   │  Lignes: 10  |  📋 Nouveaux AO: 1  |  Ignorés: 9
2026-08-06 02:35:58,130 - INFO -   └──────────────────────────────────────────────────
2026-08-06 02:35:58,130 - INFO - 
  ╔══════════════════════════════════════════════════════════════════════╗
2026-08-06 02:35:58,131 - INFO -   ║ 📋 AO #118  |  ⭐ 30/100 ⭐  |  🔖 19/PT/INDH/2026
2026-08-06 02:35:58,131 - INFO -   ╠══════════════════════════════════════════════════════════════════════╣
2026-08-06 02:35:58,132 - INFO -   ║ 📝 Travaux de réalisation de bornes-fontaines pour le raccordement des douars relevant des communes d'A
2026-08-06 02:35:58,132 - INFO -   ║ 🏢 GOUVERNEUR DE TAOUNATE
2026-08-06 02:35:58,133 - INFO -   ║ ⏰ 26/08/2026 (20j) 🟡
2026-08-06 02:35:58,133 - INFO -   ╚══════════════════════════════════════════════════════════════════════╝
2026-08-06 02:35:59,778 - INFO -      📥 Téléchargement DCE...
2026-08-06 02:36:41,776 - INFO -      ✅ DCE téléchargé (42.0s, 1063 KB)
2026-08-06 02:36:42,187 - INFO -   ┌─ EXTRACTION ─────────────────────────────
2026-08-06 02:36:42,194 - INFO -   │ 📢 Avis...
2026-08-06 02:36:42,383 - ERROR -   │ ❌ Erreur chargement avis_ext: No module named 'fitz'
2026-08-06 02:36:43,006 - INFO -   │   ✅ 1 champ(s) extrait(s)
2026-08-06 02:36:43,008 - INFO -   │     🔒 Caution: 60 000 DHS
2026-08-06 02:36:43,010 - INFO -   │ 📜 RC...
2026-08-06 02:36:43,762 - INFO -   │   ✅ RC: 15 champs extraits
2026-08-06 02:36:43,766 - INFO -   │     attestations_demandees: NON
2026-08-06 02:36:43,770 - INFO -   │     classe_qualification: Secteur C | Classe 4 | Qualification C1
2026-08-06 02:36:43,774 - INFO -   │     caution_provisoire: OUI
2026-08-06 02:36:43,780 - INFO -   │ 📊 BP...
2026-08-06 02:36:46,091 - INFO -   │   ✅ BP: 157 items extraits
2026-08-06 02:36:46,096 - INFO -   └──────────────────────────────────────────
2026-08-06 02:37:00,427 - INFO - 
  ┌─ 📄 PAGE 134/337 ──────────────────────────────
2026-08-06 02:37:00,427 - INFO -   │  Lignes: 10  |  📋 Nouveaux AO: 1  |  Ignorés: 9
2026-08-06 02:37:00,428 - INFO -   └──────────────────────────────────────────────────
2026-08-06 02:37:00,429 - INFO - 
  ╔══════════════════════════════════════════════════════════════════════╗
2026-08-06 02:37:00,429 - INFO -   ║ 📋 AO #119  |  ⭐ 25/100 ⭐  |  🔖 AO/CB/14/2026
2026-08-06 02:37:00,429 - INFO -   ╠══════════════════════════════════════════════════════════════════════╣
2026-08-06 02:37:00,430 - INFO -   ║ 📝 Achat de produits de Désinsectisation, de Dératisation et de Désinfection...Achat de produits de Dés
2026-08-06 02:37:00,430 - INFO -   ║ 🏢 SOCIETE CASABLANCA BAÏA
2026-08-06 02:37:00,431 - INFO -   ║ ⏰ 25/08/2026 (19j) 🟡
2026-08-06 02:37:00,431 - INFO -   ╚══════════════════════════════════════════════════════════════════════╝
2026-08-06 02:37:01,033 - INFO -      📥 Téléchargement DCE...
2026-08-06 02:38:53,151 - INFO -      ✅ DCE téléchargé (112.1s, 7127 KB)
2026-08-06 02:38:53,971 - INFO -   ┌─ EXTRACTION ─────────────────────────────
2026-08-06 02:38:53,988 - INFO -   │ 📢 Avis...
2026-08-06 02:38:54,159 - ERROR -   │ ❌ Erreur chargement avis_ext: No module named 'fitz'
2026-08-06 02:38:55,165 - INFO -   │   ⚠️ Aucune info Avis trouvée
2026-08-06 02:38:55,166 - INFO -   │ 📜 RC...
2026-08-06 02:38:55,297 - INFO -   │   ⚠️ Aucune info RC extraite
2026-08-06 02:38:55,300 - INFO -   │ 📊 BP...
2026-08-06 02:38:55,401 - INFO -   │   ⚠️ Aucun fichier BP trouvé
2026-08-06 02:38:55,405 - INFO -   └──────────────────────────────────────────
2026-08-06 02:39:24,702 - INFO - 
  ┌─ 📄 PAGE 136/337 ──────────────────────────────
2026-08-06 02:39:24,703 - INFO -   │  Lignes: 10  |  📋 Nouveaux AO: 1  |  Ignorés: 9
2026-08-06 02:39:24,704 - INFO -   └──────────────────────────────────────────────────
2026-08-06 02:39:24,705 - INFO - 
  ╔══════════════════════════════════════════════════════════════════════╗
2026-08-06 02:39:24,705 - INFO -   ║ 📋 AO #120  |  ⭐ 22/100 ⭐  |  🔖 08/2026/CARTTH
2026-08-06 02:39:24,706 - INFO -   ╠══════════════════════════════════════════════════════════════════════╣
2026-08-06 02:39:24,707 - INFO -   ║ 📝 Assistance technique et accompagnement pour l’organisation du programme de Validation des Acquis et 
2026-08-06 02:39:24,707 - INFO -   ║ 🏢 CHAMBRE DE L'ARTISANAT DE LA REGION TANGER TETOUAN AL HOCEIM
2026-08-06 02:39:24,708 - INFO -   ║ ⏰ 25/08/2026 (19j) 🟡
2026-08-06 02:39:24,709 - INFO -   ╚══════════════════════════════════════════════════════════════════════╝
2026-08-06 02:39:26,501 - INFO -      📥 Téléchargement DCE...
2026-08-06 02:40:25,111 - INFO -      ✅ DCE téléchargé (58.6s, 2655 KB)
2026-08-06 02:40:25,481 - INFO -   ┌─ EXTRACTION ─────────────────────────────
2026-08-06 02:40:25,490 - INFO -   │ 📢 Avis...
2026-08-06 02:40:25,673 - ERROR -   │ ❌ Erreur chargement avis_ext: No module named 'fitz'
2026-08-06 02:40:26,178 - INFO -   │   ⚠️ Aucune info Avis trouvée
2026-08-06 02:40:26,178 - INFO -   │ 📜 RC...
2026-08-06 02:40:26,222 - INFO -   │   ⚠️ Aucun fichier RC trouvé
2026-08-06 02:40:26,223 - INFO -   │ 📊 BP...
2026-08-06 02:40:27,007 - INFO -   │   ✅ BP: 5 items extraits
2026-08-06 02:40:27,026 - INFO -   └──────────────────────────────────────────
2026-08-06 02:40:41,335 - INFO - 
  ┌─ 📄 PAGE 137/337 ──────────────────────────────
2026-08-06 02:40:41,336 - INFO -   │  Lignes: 10  |  📋 Nouveaux AO: 1  |  Ignorés: 9
2026-08-06 02:40:41,337 - INFO -   └──────────────────────────────────────────────────
2026-08-06 02:40:41,337 - INFO - 
  ╔══════════════════════════════════════════════════════════════════════╗
2026-08-06 02:40:41,338 - INFO -   ║ 📋 AO #121  |  ⭐ 25/100 ⭐  |  🔖 AO/CB/12/2026
2026-08-06 02:40:41,339 - INFO -   ╠══════════════════════════════════════════════════════════════════════╣
2026-08-06 02:40:41,340 - INFO -   ║ 📝 Achat de produits de Désinsectisation, de Dératisation et de Désinfection...Achat de produits de Dés
2026-08-06 02:40:41,340 - INFO -   ║ 🏢 SOCIETE CASABLANCA BAÏA
2026-08-06 02:40:41,341 - INFO -   ║ ⏰ 25/08/2026 (19j) 🟡
2026-08-06 02:40:41,342 - INFO -   ╚══════════════════════════════════════════════════════════════════════╝
2026-08-06 02:40:42,206 - INFO -      📥 Téléchargement DCE...
2026-08-06 02:42:32,720 - INFO -      ✅ DCE téléchargé (110.5s, 7301 KB)
2026-08-06 02:42:34,488 - INFO -   ┌─ EXTRACTION ─────────────────────────────
2026-08-06 02:42:34,498 - INFO -   │ 📢 Avis...
2026-08-06 02:42:34,630 - ERROR -   │ ❌ Erreur chargement avis_ext: No module named 'fitz'
2026-08-06 02:42:35,672 - INFO -   │   ⚠️ Aucune info Avis trouvée
2026-08-06 02:42:35,672 - INFO -   │ 📜 RC...
2026-08-06 02:42:35,800 - INFO -   │   ⚠️ Aucune info RC extraite
2026-08-06 02:42:35,802 - INFO -   │ 📊 BP...
2026-08-06 02:42:35,905 - INFO -   │   ⚠️ Aucun fichier BP trouvé
2026-08-06 02:42:35,910 - INFO -   └──────────────────────────────────────────
2026-08-06 02:42:50,264 - INFO - 
  ┌─ 📄 PAGE 138/337 ──────────────────────────────
2026-08-06 02:42:50,264 - INFO -   │  Lignes: 10  |  📋 Nouveaux AO: 1  |  Ignorés: 9
2026-08-06 02:42:50,265 - INFO -   └──────────────────────────────────────────────────
2026-08-06 02:42:50,265 - INFO - 
  ╔══════════════════════════════════════════════════════════════════════╗
2026-08-06 02:42:50,266 - INFO -   ║ 📋 AO #122  |  ⭐ 31/100 ⭐  |  🔖 10008049/1R
2026-08-06 02:42:50,266 - INFO -   ╠══════════════════════════════════════════════════════════════════════╣
2026-08-06 02:42:50,267 - INFO -   ║ 📝 Assistance Technique Et Suivi Des Travaux De Réhabilitation Des Réseaux D’eau Potable De La DP De NA
2026-08-06 02:42:50,267 - INFO -   ║ 🏢 SOCIETE REGIONALE MULTISERVICES DE L'ORIENTAL S.A
2026-08-06 02:42:50,268 - INFO -   ║ ⏰ 25/08/2026 (19j) 🟡
2026-08-06 02:42:50,268 - INFO -   ╚══════════════════════════════════════════════════════════════════════╝
2026-08-06 02:42:50,572 - INFO -      📥 Téléchargement DCE...
2026-08-06 02:43:45,902 - INFO -      ✅ DCE téléchargé (55.3s, 2286 KB)
2026-08-06 02:43:46,413 - INFO -   ┌─ EXTRACTION ─────────────────────────────
2026-08-06 02:43:46,421 - INFO -   │ 📢 Avis...
2026-08-06 02:43:46,616 - ERROR -   │ ❌ Erreur chargement avis_ext: No module named 'fitz'
2026-08-06 02:43:47,209 - INFO -   │   ⚠️ Aucune info Avis trouvée
2026-08-06 02:43:47,209 - INFO -   │ 📜 RC...
2026-08-06 02:43:47,308 - INFO -   │   ⚠️ Aucune info RC extraite
2026-08-06 02:43:47,310 - INFO -   │ 📊 BP...
2026-08-06 02:43:47,409 - INFO -   │   ⚠️ Aucun item BP extrait
2026-08-06 02:43:47,412 - INFO -   └──────────────────────────────────────────
2026-08-06 02:44:01,813 - INFO - 
  ┌─ 📄 PAGE 139/337 ──────────────────────────────
2026-08-06 02:44:01,814 - INFO -   │  Lignes: 10  |  📋 Nouveaux AO: 1  |  Ignorés: 9
2026-08-06 02:44:01,815 - INFO -   └──────────────────────────────────────────────────
2026-08-06 02:44:01,816 - INFO - 
  ╔══════════════════════════════════════════════════════════════════════╗
2026-08-06 02:44:01,816 - INFO -   ║ 📋 AO #123  |  ⭐ 31/100 ⭐  |  🔖 10006363/1R
2026-08-06 02:44:01,817 - INFO -   ╠══════════════════════════════════════════════════════════════════════╣
2026-08-06 02:44:01,817 - INFO -   ║ 📝 Assistance Technique et Suivi Des Travaux De Réhabilitation Des Réseaux D’eau Potable De La DP De Na
2026-08-06 02:44:01,818 - INFO -   ║ 🏢 SOCIETE REGIONALE MULTISERVICES DE L'ORIENTAL S.A
2026-08-06 02:44:01,819 - INFO -   ║ ⏰ 25/08/2026 (19j) 🟡
2026-08-06 02:44:01,820 - INFO -   ╚══════════════════════════════════════════════════════════════════════╝
2026-08-06 02:44:02,818 - INFO -      📥 Téléchargement DCE...
2026-08-06 02:44:57,582 - INFO -      ✅ DCE téléchargé (54.8s, 2271 KB)
2026-08-06 02:44:58,090 - INFO -   ┌─ EXTRACTION ─────────────────────────────
2026-08-06 02:44:58,099 - INFO -   │ 📢 Avis...
2026-08-06 02:44:58,294 - ERROR -   │ ❌ Erreur chargement avis_ext: No module named 'fitz'
2026-08-06 02:44:58,790 - INFO -   │   ⚠️ Aucune info Avis trouvée
2026-08-06 02:44:58,790 - INFO -   │ 📜 RC...
2026-08-06 02:44:58,882 - INFO -   │   ⚠️ Aucune info RC extraite
2026-08-06 02:44:58,883 - INFO -   │ 📊 BP...
2026-08-06 02:44:58,984 - INFO -   │   ⚠️ Aucun item BP extrait
2026-08-06 02:44:58,987 - INFO -   └──────────────────────────────────────────
2026-08-06 02:45:13,854 - INFO - 
  ┌─ 📄 PAGE 140/337 ──────────────────────────────
2026-08-06 02:45:13,855 - INFO -   │  Lignes: 10  |  📋 Nouveaux AO: 1  |  Ignorés: 9
2026-08-06 02:45:13,855 - INFO -   └──────────────────────────────────────────────────
2026-08-06 02:45:13,856 - INFO - 
  ╔══════════════════════════════════════════════════════════════════════╗
2026-08-06 02:45:13,856 - INFO -   ║ 📋 AO #124  |  ⭐ 27/100 ⭐  |  🔖 283/26/EAU/S
2026-08-06 02:45:13,857 - INFO -   ╠══════════════════════════════════════════════════════════════════════╣
2026-08-06 02:45:13,857 - INFO -   ║ 📝 Assistance à l'établissement des APD relatifs à la sécurisation de l'AEP rural de la province de Saf
2026-08-06 02:45:13,858 - INFO -   ║ 🏢 SOCIETE REGIONALE MULTISERVICES MARRAKECH - SAFI S.A
2026-08-06 02:45:13,858 - INFO -   ║ ⏰ 25/08/2026 (19j) 🟡
2026-08-06 02:45:13,859 - INFO -   ╚══════════════════════════════════════════════════════════════════════╝
2026-08-06 02:45:14,478 - INFO -      📥 Téléchargement DCE...
2026-08-06 02:47:59,777 - INFO -      ❌ Échec upload Supabase
2026-08-06 02:47:59,780 - INFO -      ⚠️ Pas de DCE disponible
2026-08-06 02:48:14,573 - INFO - 
  ┌─ 📄 PAGE 141/337 ──────────────────────────────
2026-08-06 02:48:14,574 - INFO -   │  Lignes: 10  |  📋 Nouveaux AO: 4  |  Ignorés: 6
2026-08-06 02:48:14,574 - INFO -   └──────────────────────────────────────────────────
2026-08-06 02:48:14,575 - INFO - 
  ╔══════════════════════════════════════════════════════════════════════╗
2026-08-06 02:48:14,575 - INFO -   ║ 📋 AO #125  |  ⭐ 25/100 ⭐  |  🔖 286/26/ASST/S
2026-08-06 02:48:14,576 - INFO -   ╠══════════════════════════════════════════════════════════════════════╣
2026-08-06 02:48:14,576 - INFO -   ║ 📝 Travaux d'assainissement liquide du centre de Tlet Bouguedra 2 ème tranche (DP SAFI)...Travaux d'ass
2026-08-06 02:48:14,576 - INFO -   ║ 🏢 SOCIETE REGIONALE MULTISERVICES MARRAKECH - SAFI S.A
2026-08-06 02:48:14,577 - INFO -   ║ ⏰ 25/08/2026 (19j) 🟡
2026-08-06 02:48:14,577 - INFO -   ╚══════════════════════════════════════════════════════════════════════╝
2026-08-06 02:48:16,637 - INFO -      📥 Téléchargement DCE...
2026-08-06 02:52:00,168 - INFO -      ❌ Échec upload Supabase
2026-08-06 02:52:00,168 - INFO -      ⚠️ Pas de DCE disponible
2026-08-06 02:52:00,169 - INFO - 
  ╔══════════════════════════════════════════════════════════════════════╗
2026-08-06 02:52:00,170 - INFO -   ║ 📋 AO #126  |  ⭐ 28/100 ⭐  |  🔖 288/26/EAU/S
2026-08-06 02:52:00,170 - INFO -   ╠══════════════════════════════════════════════════════════════════════╣
2026-08-06 02:52:00,171 - INFO -   ║ 📝 Travaux de renforcement du réseau d’eau potable de la ville de Safi...Travaux de renforcement du rés
2026-08-06 02:52:00,172 - INFO -   ║ 🏢 SOCIETE REGIONALE MULTISERVICES MARRAKECH - SAFI S.A
2026-08-06 02:52:00,173 - INFO -   ║ ⏰ 25/08/2026 (19j) 🟡
2026-08-06 02:52:00,173 - INFO -   ╚══════════════════════════════════════════════════════════════════════╝
2026-08-06 02:52:02,936 - INFO -      📥 Téléchargement DCE...
2026-08-06 02:55:10,384 - INFO -      ❌ Échec upload Supabase
2026-08-06 02:55:10,386 - INFO -      ⚠️ Pas de DCE disponible
2026-08-06 02:55:10,388 - INFO - 
  ╔══════════════════════════════════════════════════════════════════════╗
2026-08-06 02:55:10,390 - INFO -   ║ 📋 AO #127  |  ⭐ 38/100 ⭐  |  🔖 289/26/EAU/S
2026-08-06 02:55:10,392 - INFO -   ╠══════════════════════════════════════════════════════════════════════╣
2026-08-06 02:55:10,394 - INFO -   ║ 📝 Travaux de renouvellement des vannes d'eau potable dans la ville de Safi...Travaux de renouvellement
2026-08-06 02:55:10,396 - INFO -   ║ 🏢 SOCIETE REGIONALE MULTISERVICES MARRAKECH - SAFI S.A
2026-08-06 02:55:10,400 - INFO -   ║ ⏰ 25/08/2026 (19j) 🟡
2026-08-06 02:55:10,402 - INFO -   ╚══════════════════════════════════════════════════════════════════════╝
2026-08-06 02:55:14,334 - INFO -      📥 Téléchargement DCE...
2026-08-06 02:58:11,927 - INFO -      ❌ Échec upload Supabase
2026-08-06 02:58:11,929 - INFO -      ⚠️ Pas de DCE disponible
2026-08-06 02:58:11,931 - INFO - 
  ╔══════════════════════════════════════════════════════════════════════╗
2026-08-06 02:58:11,933 - INFO -   ║ 📋 AO #128  |  ⭐ 37/100 ⭐  |  🔖 290/26/EAU/S
2026-08-06 02:58:11,934 - INFO -   ╠══════════════════════════════════════════════════════════════════════╣
2026-08-06 02:58:11,938 - INFO -   ║ 📝 Prestation d'entretien et de maintenance des débitmètres électromagnétiques d'eau potable dans la pr
2026-08-06 02:58:11,941 - INFO -   ║ 🏢 SOCIETE REGIONALE MULTISERVICES MARRAKECH - SAFI S.A
2026-08-06 02:58:11,944 - INFO -   ║ ⏰ 25/08/2026 (19j) 🟡
2026-08-06 02:58:11,946 - INFO -   ╚══════════════════════════════════════════════════════════════════════╝
2026-08-06 02:58:15,966 - INFO -      📥 Téléchargement DCE...
2026-08-06 03:00:57,384 - INFO -      ✅ DCE téléchargé (161.4s, 10362 KB)
2026-08-06 03:00:59,183 - INFO -   ┌─ EXTRACTION ─────────────────────────────
2026-08-06 03:00:59,200 - INFO -   │ 📢 Avis...
2026-08-06 03:00:59,391 - ERROR -   │ ❌ Erreur chargement avis_ext: No module named 'fitz'
2026-08-06 03:01:01,032 - INFO -   │   ⚠️ Aucune info Avis trouvée
2026-08-06 03:01:01,033 - INFO -   │ 📜 RC...
2026-08-06 03:01:01,215 - INFO -   │   ⚠️ Aucune info RC extraite
2026-08-06 03:01:01,217 - INFO -   │ 📊 BP...
2026-08-06 03:01:01,355 - INFO -   │   ⚠️ Aucun item BP extrait
2026-08-06 03:01:01,360 - INFO -   └──────────────────────────────────────────
2026-08-06 03:01:15,394 - INFO - 
  ┌─ 📄 PAGE 142/337 ──────────────────────────────
2026-08-06 03:01:15,394 - INFO -   │  Lignes: 10  |  📋 Nouveaux AO: 1  |  Ignorés: 9
2026-08-06 03:01:15,395 - INFO -   └──────────────────────────────────────────────────
2026-08-06 03:01:15,395 - INFO - 
  ╔══════════════════════════════════════════════════════════════════════╗
2026-08-06 03:01:15,396 - INFO -   ║ 📋 AO #129  |  ⭐ 33/100 ⭐  |  🔖 03/2026
2026-08-06 03:01:15,396 - INFO -   ╠══════════════════════════════════════════════════════════════════════╣
2026-08-06 03:01:15,397 - INFO -   ║ 📝 l’élaboration des études techniques et suivi des travaux de construction des ouvrages busées pour l’
2026-08-06 03:01:15,397 - INFO -   ║ 🏢 Commune rurale de AIN MEDIOUNA
2026-08-06 03:01:15,398 - INFO -   ║ ⏰ 25/08/2026 (19j) 🟡
2026-08-06 03:01:15,398 - INFO -   ╚══════════════════════════════════════════════════════════════════════╝
2026-08-06 03:01:15,775 - INFO -      📥 Téléchargement DCE...
2026-08-06 03:01:57,549 - INFO -      ✅ DCE téléchargé (41.8s, 993 KB)
2026-08-06 03:01:58,061 - INFO -   ┌─ EXTRACTION ─────────────────────────────
2026-08-06 03:01:58,068 - INFO -   │ 📢 Avis...
2026-08-06 03:01:58,234 - ERROR -   │ ❌ Erreur chargement avis_ext: No module named 'fitz'
2026-08-06 03:01:59,089 - INFO -   │   ✅ 1 champ(s) extrait(s)
2026-08-06 03:01:59,091 - INFO -   │     🔒 Caution: 100 DHS
2026-08-06 03:01:59,093 - INFO -   │ 📜 RC...
2026-08-06 03:01:59,866 - INFO -   │   ✅ RC: 14 champs extraits
2026-08-06 03:01:59,868 - INFO -   │     attestations_demandees: NON
2026-08-06 03:01:59,871 - INFO -   │     caution_provisoire: OUI
2026-08-06 03:01:59,874 - INFO -   │ 📊 BP...
2026-08-06 03:02:01,956 - INFO -   │   ✅ BP: 3 items extraits
2026-08-06 03:02:01,961 - INFO -   └──────────────────────────────────────────
2026-08-06 03:02:16,458 - INFO - 
  ┌─ 📄 PAGE 143/337 ──────────────────────────────
2026-08-06 03:02:16,459 - INFO -   │  Lignes: 10  |  📋 Nouveaux AO: 2  |  Ignorés: 8
2026-08-06 03:02:16,459 - INFO -   └──────────────────────────────────────────────────
2026-08-06 03:02:16,460 - INFO - 
  ╔══════════════════════════════════════════════════════════════════════╗
2026-08-06 03:02:16,460 - INFO -   ║ 📋 AO #130  |  ⭐ 25/100 ⭐  |  🔖 283/2026/SRMCS
2026-08-06 03:02:16,461 - INFO -   ╠══════════════════════════════════════════════════════════════════════╣
2026-08-06 03:02:16,461 - INFO -   ║ 📝 Marché Cadre
FOURNITURE DE RACCORDS, MANCHONS, BRIDES ET PLAQUES PLEINES POUR RÉSEAU D’EAU POTABLE..
2026-08-06 03:02:16,462 - INFO -   ║ 🏢 SOCIETE REGIONALE MULTISERVICES CASABLANCA - SETTAT SA
2026-08-06 03:02:16,462 - INFO -   ║ ⏰ 25/08/2026 (19j) 🟡
2026-08-06 03:02:16,463 - INFO -   ╚══════════════════════════════════════════════════════════════════════╝
2026-08-06 03:02:28,739 - INFO -      📥 Téléchargement DCE...
2026-08-06 03:05:15,089 - INFO -      ❌ Échec upload Supabase
2026-08-06 03:05:15,091 - INFO -      ⚠️ Pas de DCE disponible
2026-08-06 03:05:15,093 - INFO - 
  ╔══════════════════════════════════════════════════════════════════════╗
2026-08-06 03:05:15,095 - INFO -   ║ 📋 AO #131  |  ⭐ 22/100 ⭐  |  🔖 118/2026/AS
2026-08-06 03:05:15,097 - INFO -   ╠══════════════════════════════════════════════════════════════════════╣
2026-08-06 03:05:15,099 - INFO -   ║ 📝 Maintenance des stations de pompage d’Assainissement Liquide de la SRM-TTA...Maintenance des station
2026-08-06 03:05:15,101 - INFO -   ║ 🏢 SOCIETE REGIONALE MULTISERVICES TANGER- TETOUAN-AL HOCEIMA S
2026-08-06 03:05:15,104 - INFO -   ║ ⏰ 25/08/2026 (19j) 🟡
2026-08-06 03:05:15,106 - INFO -   ╚══════════════════════════════════════════════════════════════════════╝
2026-08-06 03:05:18,064 - INFO -      📥 Téléchargement DCE...
2026-08-06 03:08:14,111 - INFO -      ❌ Échec upload Supabase
2026-08-06 03:08:14,112 - INFO -      ⚠️ Pas de DCE disponible
2026-08-06 03:08:29,475 - INFO - 
  ┌─ 📄 PAGE 144/337 ──────────────────────────────
2026-08-06 03:08:29,476 - INFO -   │  Lignes: 10  |  📋 Nouveaux AO: 1  |  Ignorés: 9
2026-08-06 03:08:29,476 - INFO -   └──────────────────────────────────────────────────
2026-08-06 03:08:29,477 - INFO - 
  ╔══════════════════════════════════════════════════════════════════════╗
2026-08-06 03:08:29,477 - INFO -   ║ 📋 AO #132  |  ⭐ 30/100 ⭐  |  🔖 A/059/26
2026-08-06 03:08:29,478 - INFO -   ╠══════════════════════════════════════════════════════════════════════╣
2026-08-06 03:08:29,478 - INFO -   ║ 📝 Travaux d’entretien et réparation du réseau d’assainissement liquide à la Province de Sidi Ifni...Tr
2026-08-06 03:08:29,479 - INFO -   ║ 🏢 SOCIETE REGIONALE MULTISERVICES GUELMIM - OUED NOUN S.A
2026-08-06 03:08:29,479 - INFO -   ║ ⏰ 24/08/2026 (18j) 🟡
2026-08-06 03:08:29,480 - INFO -   ╚══════════════════════════════════════════════════════════════════════╝
2026-08-06 03:08:30,447 - INFO -      📥 Téléchargement DCE...
2026-08-06 03:12:08,990 - INFO -      ❌ Échec upload Supabase
2026-08-06 03:12:08,992 - INFO -      ⚠️ Pas de DCE disponible
2026-08-06 03:12:24,465 - INFO - 
  ┌─ 📄 PAGE 145/337 ──────────────────────────────
2026-08-06 03:12:24,466 - INFO -   │  Lignes: 10  |  📋 Nouveaux AO: 1  |  Ignorés: 9
2026-08-06 03:12:24,467 - INFO -   └──────────────────────────────────────────────────
2026-08-06 03:12:24,467 - INFO - 
  ╔══════════════════════════════════════════════════════════════════════╗
2026-08-06 03:12:24,468 - INFO -   ║ 📋 AO #133  |  ⭐ 30/100 ⭐  |  🔖 07/2026/BC
2026-08-06 03:12:24,468 - INFO -   ╠══════════════════════════════════════════════════════════════════════╣
2026-08-06 03:12:24,469 - INFO -   ║ 📝 Travaux d’alimentation en eau Potable des douars TAFRAOUT NED CHAHED et ID LAOURF à la commune AIT E
2026-08-06 03:12:24,469 - INFO -   ║ 🏢 Commune de AIT ERKHA
2026-08-06 03:12:24,469 - INFO -   ║ ⏰ 24/08/2026 (18j) 🟡
2026-08-06 03:12:24,470 - INFO -   ╚══════════════════════════════════════════════════════════════════════╝
2026-08-06 03:12:26,521 - INFO -      📥 Téléchargement DCE...
2026-08-06 03:13:28,726 - INFO -      ✅ DCE téléchargé (62.2s, 1717 KB)
2026-08-06 03:13:29,159 - INFO -   ┌─ EXTRACTION ─────────────────────────────
2026-08-06 03:13:29,168 - INFO -   │ 📢 Avis...
2026-08-06 03:13:29,339 - ERROR -   │ ❌ Erreur chargement avis_ext: No module named 'fitz'
2026-08-06 03:13:29,735 - INFO -   │   ⚠️ Aucune info Avis trouvée
2026-08-06 03:13:29,736 - INFO -   │ 📜 RC...
2026-08-06 03:13:29,815 - INFO -   │   ⚠️ Aucune info RC extraite
2026-08-06 03:13:29,816 - INFO -   │ 📊 BP...
2026-08-06 03:13:32,724 - INFO -   │   ✅ BP: 13 items extraits
2026-08-06 03:13:32,732 - INFO -   └──────────────────────────────────────────
2026-08-06 03:13:47,678 - INFO - 
  ┌─ 📄 PAGE 146/337 ──────────────────────────────
2026-08-06 03:13:47,679 - INFO -   │  Lignes: 10  |  📋 Nouveaux AO: 2  |  Ignorés: 8
2026-08-06 03:13:47,679 - INFO -   └──────────────────────────────────────────────────
2026-08-06 03:13:47,680 - INFO - 
  ╔══════════════════════════════════════════════════════════════════════╗
2026-08-06 03:13:47,680 - INFO -   ║ 📋 AO #134  |  ⭐ 33/100 ⭐  |  🔖 21/INDH/2026
2026-08-06 03:13:47,681 - INFO -   ╠══════════════════════════════════════════════════════════════════════╣
2026-08-06 03:13:47,682 - INFO -   ║ 📝 TRAVAUX DE RENFORCEMENT DE L'ALIMENTATION EN EAU POTABLE AUX DOUARS : TIMSTIKIT A LA CT AIT OUASSIF,
2026-08-06 03:13:47,682 - INFO -   ║ 🏢 Gouverneur de la Province de Tinghir
2026-08-06 03:13:47,682 - INFO -   ║ ⏰ 24/08/2026 (18j) 🟡
2026-08-06 03:13:47,683 - INFO -   ╚══════════════════════════════════════════════════════════════════════╝
2026-08-06 03:13:49,392 - INFO -      📥 Téléchargement DCE...
2026-08-06 03:16:02,217 - INFO -      ✅ DCE téléchargé (132.8s, 4597 KB)
2026-08-06 03:16:04,263 - INFO -   ┌─ EXTRACTION ─────────────────────────────
2026-08-06 03:16:04,273 - INFO -   │ 📢 Avis...
2026-08-06 03:16:04,345 - ERROR -   │ ❌ Erreur chargement avis_ext: No module named 'fitz'
2026-08-06 03:16:05,314 - INFO -   │   ✅ 2 champ(s) extrait(s)
2026-08-06 03:16:05,316 - INFO -   │     🔒 Caution: 20 000 DHS
2026-08-06 03:16:05,317 - INFO -   │     🏗️ Visite: 2.14.394
2026-08-06 03:16:05,318 - INFO -   │ 📜 RC...
2026-08-06 03:16:05,445 - INFO -   │   ⚠️ Aucun fichier RC trouvé
2026-08-06 03:16:05,447 - INFO -   │ 📊 BP...
2026-08-06 03:16:06,810 - INFO -   │   ✅ BP: 27 items extraits
2026-08-06 03:16:06,817 - INFO -   └──────────────────────────────────────────
2026-08-06 03:16:06,819 - INFO - 
  ╔══════════════════════════════════════════════════════════════════════╗
2026-08-06 03:16:06,823 - INFO -   ║ 📋 AO #135  |  ⭐ 30/100 ⭐  |  🔖 45/2026
2026-08-06 03:16:06,824 - INFO -   ╠══════════════════════════════════════════════════════════════════════╣
2026-08-06 03:16:06,826 - INFO -   ║ 📝 TRAVAUX DE RÉALISATION DE DEUX  FORAGES  D’EXPLOITATION POUR L’APPROVISIONNEMENT EN EAU POTABLE DANS
2026-08-06 03:16:06,831 - INFO -   ║ 🏢 DIRECTEUR PROVINCIAL DE L'EQUIPEMENT DU TRANSPORT ET DE LA L
2026-08-06 03:16:06,837 - INFO -   ║ ⏰ 24/08/2026 (18j) 🟡
2026-08-06 03:16:06,842 - INFO -   ╚══════════════════════════════════════════════════════════════════════╝
2026-08-06 03:16:07,364 - INFO -      📥 Téléchargement DCE...
2026-08-06 03:17:03,040 - INFO -      ✅ DCE téléchargé (55.7s, 927 KB)
2026-08-06 03:17:03,757 - INFO -   ┌─ EXTRACTION ─────────────────────────────
2026-08-06 03:17:03,763 - INFO -   │ 📢 Avis...
2026-08-06 03:17:03,962 - ERROR -   │ ❌ Erreur chargement avis_ext: No module named 'fitz'
2026-08-06 03:17:04,371 - INFO -   │   ⚠️ Aucune info Avis trouvée
2026-08-06 03:17:04,372 - INFO -   │ 📜 RC...
2026-08-06 03:17:05,142 - INFO -   │   ✅ RC: 15 champs extraits
2026-08-06 03:17:05,143 - INFO -   │     attestations_demandees: NON
2026-08-06 03:17:05,146 - INFO -   │     classe_qualification: Classe H
2026-08-06 03:17:05,147 - INFO -   │     caution_provisoire: OUI
2026-08-06 03:17:05,150 - INFO -   │ 📊 BP...
2026-08-06 03:17:06,447 - INFO -   │   ✅ BP: 10 items extraits
2026-08-06 03:17:06,451 - INFO -   └──────────────────────────────────────────
2026-08-06 03:17:21,560 - INFO - 
  ┌─ 📄 PAGE 147/337 ──────────────────────────────
2026-08-06 03:17:21,560 - INFO -   │  Lignes: 10  |  📋 Nouveaux AO: 1  |  Ignorés: 9
2026-08-06 03:17:21,561 - INFO -   └──────────────────────────────────────────────────
2026-08-06 03:17:21,561 - INFO - 
  ╔══════════════════════════════════════════════════════════════════════╗
2026-08-06 03:17:21,562 - INFO -   ║ 📋 AO #136  |  ⭐ 30/100 ⭐  |  🔖 A/058/26
2026-08-06 03:17:21,562 - INFO -   ╠══════════════════════════════════════════════════════════════════════╣
2026-08-06 03:17:21,563 - INFO -   ║ 📝 Travaux d’hydrocurage du réseau d'assainissement liquide à la Province de Sidi Ifni...Travaux d’hydr
2026-08-06 03:17:21,563 - INFO -   ║ 🏢 SOCIETE REGIONALE MULTISERVICES GUELMIM - OUED NOUN S.A
2026-08-06 03:17:21,564 - INFO -   ║ ⏰ 24/08/2026 (18j) 🟡
2026-08-06 03:17:21,564 - INFO -   ╚══════════════════════════════════════════════════════════════════════╝
2026-08-06 03:17:23,241 - INFO -      📥 Téléchargement DCE...
2026-08-06 03:22:33,365 - INFO -      ❌ Échec upload Supabase
2026-08-06 03:22:33,368 - INFO -      ⚠️ Pas de DCE disponible
2026-08-06 03:23:17,892 - INFO - 
  📈 Page 150/337 | 136 AO | 110 DCE | 240min

2026-08-06 03:23:46,470 - INFO - 
  ┌─ 📄 PAGE 152/337 ──────────────────────────────
2026-08-06 03:23:46,470 - INFO -   │  Lignes: 10  |  📋 Nouveaux AO: 3  |  Ignorés: 7
2026-08-06 03:23:46,471 - INFO -   └──────────────────────────────────────────────────
2026-08-06 03:23:46,471 - INFO - 
  ╔══════════════════════════════════════════════════════════════════════╗
2026-08-06 03:23:46,472 - INFO -   ║ 📋 AO #137  |  ⭐ 25/100 ⭐  |  🔖 251/26/ASST
2026-08-06 03:23:46,472 - INFO -   ╠══════════════════════════════════════════════════════════════════════╣
2026-08-06 03:23:46,473 - INFO -   ║ 📝 Assainissement liquide du centre TAHANAOUT -Tranche Réseau d’assainissement et stations de pompages-
2026-08-06 03:23:46,473 - INFO -   ║ 🏢 SOCIETE REGIONALE MULTISERVICES MARRAKECH - SAFI S.A
2026-08-06 03:23:46,474 - INFO -   ║ ⏰ 24/08/2026 (18j) 🟡
2026-08-06 03:23:46,474 - INFO -   ╚══════════════════════════════════════════════════════════════════════╝
2026-08-06 03:23:49,047 - INFO -      📥 Téléchargement DCE...
2026-08-06 07:39:29,273 - INFO -      ❌ Échec upload Supabase
2026-08-06 07:39:29,273 - INFO -      ⚠️ Pas de DCE disponible
2026-08-06 07:39:29,274 - INFO - 
  ╔══════════════════════════════════════════════════════════════════════╗
2026-08-06 07:39:29,274 - INFO -   ║ 📋 AO #138  |  ⭐ 25/100 ⭐  |  🔖 252/26/ASST
2026-08-06 07:39:29,275 - INFO -   ╠══════════════════════════════════════════════════════════════════════╣
2026-08-06 07:39:29,276 - INFO -   ║ 📝 Assainissement liquide du centre TAHANAOUT -Station d’épuration....Assainissement liquide du centre 
2026-08-06 07:39:29,276 - INFO -   ║ 🏢 SOCIETE REGIONALE MULTISERVICES MARRAKECH - SAFI S.A
2026-08-06 07:39:29,277 - INFO -   ║ ⏰ 24/08/2026 (18j) 🟡
2026-08-06 07:39:29,277 - INFO -   ╚══════════════════════════════════════════════════════════════════════╝
2026-08-06 07:39:33,375 - INFO -      📥 Téléchargement DCE...
2026-08-06 07:42:19,933 - INFO -      ❌ Échec upload Supabase
2026-08-06 07:42:19,934 - INFO -      ⚠️ Pas de DCE disponible
2026-08-06 07:42:19,934 - INFO - 
  ╔══════════════════════════════════════════════════════════════════════╗
2026-08-06 07:42:19,935 - INFO -   ║ 📋 AO #139  |  ⭐ 40/100 ⭐⭐  |  🔖 160/26/ASST/R
2026-08-06 07:42:19,935 - INFO -   ╠══════════════════════════════════════════════════════════════════════╣
2026-08-06 07:42:19,935 - INFO -   ║ 📝 Assainissement liquide du chef-lieu de la commune Ounagha dans la province d’Essaouira - Station d'é
2026-08-06 07:42:19,936 - INFO -   ║ 🏢 SOCIETE REGIONALE MULTISERVICES MARRAKECH - SAFI S.A
2026-08-06 07:42:19,936 - INFO -   ║ ⏰ 24/08/2026 (18j) 🟡
2026-08-06 07:42:19,937 - INFO -   ╚══════════════════════════════════════════════════════════════════════╝
2026-08-06 07:42:22,053 - INFO -      📥 Téléchargement DCE...
2026-08-06 07:45:45,256 - INFO -      ❌ Échec upload Supabase
2026-08-06 07:45:45,258 - INFO -      ⚠️ Pas de DCE disponible
2026-08-06 07:45:59,615 - INFO - 
  ┌─ 📄 PAGE 153/337 ──────────────────────────────
2026-08-06 07:45:59,616 - INFO -   │  Lignes: 10  |  📋 Nouveaux AO: 5  |  Ignorés: 5
2026-08-06 07:45:59,617 - INFO -   └──────────────────────────────────────────────────
2026-08-06 07:45:59,617 - INFO - 
  ╔══════════════════════════════════════════════════════════════════════╗
2026-08-06 07:45:59,618 - INFO -   ║ 📋 AO #140  |  ⭐ 30/100 ⭐  |  🔖 A/057/26
2026-08-06 07:45:59,618 - INFO -   ╠══════════════════════════════════════════════════════════════════════╣
2026-08-06 07:45:59,619 - INFO -   ║ 📝 Travaux de réalisation de branchement d'assainissement liquide à la Province de Sidi Ifni...Travaux 
2026-08-06 07:45:59,619 - INFO -   ║ 🏢 SOCIETE REGIONALE MULTISERVICES GUELMIM - OUED NOUN S.A
2026-08-06 07:45:59,620 - INFO -   ║ ⏰ 24/08/2026 (18j) 🟡
2026-08-06 07:45:59,621 - INFO -   ╚══════════════════════════════════════════════════════════════════════╝
2026-08-06 07:46:00,921 - INFO -      📥 Téléchargement DCE...
2026-08-06 07:49:08,923 - INFO -      ❌ Échec upload Supabase
2026-08-06 07:49:08,925 - INFO -      ⚠️ Pas de DCE disponible
2026-08-06 07:49:08,927 - INFO - 
  ╔══════════════════════════════════════════════════════════════════════╗
2026-08-06 07:49:08,929 - INFO -   ║ 📋 AO #141  |  ⭐ 25/100 ⭐  |  🔖 264/26/EAU/S
2026-08-06 07:49:08,931 - INFO -   ╠══════════════════════════════════════════════════════════════════════╣
2026-08-06 07:49:08,934 - INFO -   ║ 📝 Travaux d'entretien et de maintenance du réseau d'eau potable (DP SAFI)...Travaux d'entretien et de 
2026-08-06 07:49:08,935 - INFO -   ║ 🏢 SOCIETE REGIONALE MULTISERVICES MARRAKECH - SAFI S.A
2026-08-06 07:49:08,939 - INFO -   ║ ⏰ 24/08/2026 (18j) 🟡
2026-08-06 07:49:08,940 - INFO -   ╚══════════════════════════════════════════════════════════════════════╝
2026-08-06 07:49:12,257 - INFO -      📥 Téléchargement DCE...
