2026-08-06 15:48:30,207 - INFO - 
══════════════════════════════════════════════════════════════════════
2026-08-06 15:48:30,208 - INFO -   🔍 BACKFILL - 3 DERNIERS MOIS
2026-08-06 15:48:30,209 - INFO -   ⏱️  Début: 2026-08-06 15:48:30
2026-08-06 15:48:30,209 - INFO - ══════════════════════════════════════════════════════════════════════
2026-08-06 15:48:30,518 - INFO -   🗄️  183 AO déjà en base

2026-08-06 15:48:32,553 - INFO -   🌐 Navigation vers https://www.marchespublics.gov.ma...
2026-08-06 15:48:55,090 - INFO -   ✅ Site atteint, résultats chargés
2026-08-06 15:48:55,148 - INFO -   📚 338 pages à scanner

2026-08-06 15:48:55,712 - INFO - 
──────────────────────────────────────────────────────────────────────────────────────────
2026-08-06 15:48:55,713 - INFO -   📄 PAGE 1/338
2026-08-06 15:48:55,713 - INFO - ──────────────────────────────────────────────────────────────────────────────────────────
2026-08-06 15:48:55,714 - INFO -      Tous ignorés (10 AO)
2026-08-06 15:48:55,715 - INFO -   ──────────────────────────────────────────────────────────────────────
2026-08-06 15:48:55,715 - INFO -   📊 Page 1: 10 lignes | 0 nouveaux | 10 ignorés
2026-08-06 15:48:55,716 - INFO -      ⏭️ Raisons: Déjà en base: 1, Non pertinent: 9
2026-08-06 15:48:55,717 - INFO -   ──────────────────────────────────────────────────────────────────────
2026-08-06 15:49:09,342 - INFO - 
──────────────────────────────────────────────────────────────────────────────────────────
2026-08-06 15:49:09,343 - INFO -   📄 PAGE 2/338
2026-08-06 15:49:09,343 - INFO - ──────────────────────────────────────────────────────────────────────────────────────────
2026-08-06 15:49:09,344 - INFO -      Tous ignorés (10 AO)
2026-08-06 15:49:09,344 - INFO -   ──────────────────────────────────────────────────────────────────────
2026-08-06 15:49:09,345 - INFO -   📊 Page 2: 10 lignes | 0 nouveaux | 10 ignorés
2026-08-06 15:49:09,346 - INFO -      ⏭️ Raisons: Déjà en base: 1, Non pertinent: 9
2026-08-06 15:49:09,346 - INFO -   ──────────────────────────────────────────────────────────────────────
2026-08-06 15:49:22,143 - INFO - 
──────────────────────────────────────────────────────────────────────────────────────────
2026-08-06 15:49:22,144 - INFO -   📄 PAGE 3/338
2026-08-06 15:49:22,144 - INFO - ──────────────────────────────────────────────────────────────────────────────────────────
2026-08-06 15:49:22,145 - INFO -      Tous ignorés (10 AO)
2026-08-06 15:49:22,146 - INFO -   ──────────────────────────────────────────────────────────────────────
2026-08-06 15:49:22,146 - INFO -   📊 Page 3: 10 lignes | 0 nouveaux | 10 ignorés
2026-08-06 15:49:22,147 - INFO -      ⏭️ Raisons: Déjà en base: 3, Non pertinent: 7
2026-08-06 15:49:22,148 - INFO -   ──────────────────────────────────────────────────────────────────────
2026-08-06 15:49:35,411 - INFO - 
──────────────────────────────────────────────────────────────────────────────────────────
2026-08-06 15:49:35,412 - INFO -   📄 PAGE 4/338
2026-08-06 15:49:35,413 - INFO - ──────────────────────────────────────────────────────────────────────────────────────────
2026-08-06 15:49:35,414 - INFO -      Tous ignorés (10 AO)
2026-08-06 15:49:35,415 - INFO -   ──────────────────────────────────────────────────────────────────────
2026-08-06 15:49:35,416 - INFO -   📊 Page 4: 10 lignes | 0 nouveaux | 10 ignorés
2026-08-06 15:49:35,421 - INFO -      ⏭️ Raisons: Non pertinent: 10
2026-08-06 15:49:35,423 - INFO -   ──────────────────────────────────────────────────────────────────────
2026-08-06 15:49:48,409 - INFO - 
──────────────────────────────────────────────────────────────────────────────────────────
2026-08-06 15:49:48,410 - INFO -   📄 PAGE 5/338
2026-08-06 15:49:48,410 - INFO - ──────────────────────────────────────────────────────────────────────────────────────────
2026-08-06 15:49:48,411 - INFO -      Tous ignorés (10 AO)
2026-08-06 15:49:48,412 - INFO -   ──────────────────────────────────────────────────────────────────────
2026-08-06 15:49:48,412 - INFO -   📊 Page 5: 10 lignes | 0 nouveaux | 10 ignorés
2026-08-06 15:49:48,413 - INFO -      ⏭️ Raisons: Déjà en base: 5, Non pertinent: 5
2026-08-06 15:49:48,414 - INFO -   ──────────────────────────────────────────────────────────────────────
2026-08-06 15:50:01,289 - INFO - 
──────────────────────────────────────────────────────────────────────────────────────────
2026-08-06 15:50:01,290 - INFO -   📄 PAGE 6/338
2026-08-06 15:50:01,291 - INFO - ──────────────────────────────────────────────────────────────────────────────────────────
2026-08-06 15:50:01,291 - INFO -      Tous ignorés (10 AO)
2026-08-06 15:50:01,292 - INFO -   ──────────────────────────────────────────────────────────────────────
2026-08-06 15:50:01,293 - INFO -   📊 Page 6: 10 lignes | 0 nouveaux | 10 ignorés
2026-08-06 15:50:01,293 - INFO -      ⏭️ Raisons: Déjà en base: 3, Non pertinent: 7
2026-08-06 15:50:01,294 - INFO -   ──────────────────────────────────────────────────────────────────────
2026-08-06 15:50:14,210 - INFO - 
──────────────────────────────────────────────────────────────────────────────────────────
2026-08-06 15:50:14,211 - INFO -   📄 PAGE 7/338
2026-08-06 15:50:14,212 - INFO - ──────────────────────────────────────────────────────────────────────────────────────────
2026-08-06 15:50:14,213 - INFO -      Tous ignorés (10 AO)
2026-08-06 15:50:14,213 - INFO -   ──────────────────────────────────────────────────────────────────────
2026-08-06 15:50:14,214 - INFO -   📊 Page 7: 10 lignes | 0 nouveaux | 10 ignorés
2026-08-06 15:50:14,215 - INFO -      ⏭️ Raisons: Non pertinent: 10
2026-08-06 15:50:14,215 - INFO -   ──────────────────────────────────────────────────────────────────────
2026-08-06 15:50:27,285 - INFO - 
──────────────────────────────────────────────────────────────────────────────────────────
2026-08-06 15:50:27,286 - INFO -   📄 PAGE 8/338
2026-08-06 15:50:27,287 - INFO - ──────────────────────────────────────────────────────────────────────────────────────────
2026-08-06 15:50:27,287 - INFO -      Tous ignorés (10 AO)
2026-08-06 15:50:27,288 - INFO -   ──────────────────────────────────────────────────────────────────────
2026-08-06 15:50:27,288 - INFO -   📊 Page 8: 10 lignes | 0 nouveaux | 10 ignorés
2026-08-06 15:50:27,289 - INFO -      ⏭️ Raisons: Déjà en base: 1, Non pertinent: 9
2026-08-06 15:50:27,290 - INFO -   ──────────────────────────────────────────────────────────────────────
2026-08-06 15:50:41,811 - INFO - 
──────────────────────────────────────────────────────────────────────────────────────────
2026-08-06 15:50:41,812 - INFO -   📄 PAGE 9/338
2026-08-06 15:50:41,813 - INFO - ──────────────────────────────────────────────────────────────────────────────────────────
2026-08-06 15:50:41,814 - INFO -      Tous ignorés (10 AO)
2026-08-06 15:50:41,814 - INFO -   ──────────────────────────────────────────────────────────────────────
2026-08-06 15:50:41,815 - INFO -   📊 Page 9: 10 lignes | 0 nouveaux | 10 ignorés
2026-08-06 15:50:41,816 - INFO -      ⏭️ Raisons: Non pertinent: 10
2026-08-06 15:50:41,816 - INFO -   ──────────────────────────────────────────────────────────────────────
2026-08-06 15:50:54,721 - INFO - 
──────────────────────────────────────────────────────────────────────────────────────────
2026-08-06 15:50:54,722 - INFO -   📄 PAGE 10/338
2026-08-06 15:50:54,722 - INFO - ──────────────────────────────────────────────────────────────────────────────────────────
2026-08-06 15:50:54,723 - INFO -      Tous ignorés (10 AO)
2026-08-06 15:50:54,724 - INFO -   ──────────────────────────────────────────────────────────────────────
2026-08-06 15:50:54,725 - INFO -   📊 Page 10: 10 lignes | 0 nouveaux | 10 ignorés
2026-08-06 15:50:54,725 - INFO -      ⏭️ Raisons: Non pertinent: 10
2026-08-06 15:50:54,726 - INFO -   ──────────────────────────────────────────────────────────────────────
2026-08-06 15:50:54,727 - INFO - 
  ⏱️  Progression: 10/338 pages | 0 AO | 0 DCE | 2 min

2026-08-06 15:51:07,664 - INFO - 
──────────────────────────────────────────────────────────────────────────────────────────
2026-08-06 15:51:07,665 - INFO -   📄 PAGE 11/338
2026-08-06 15:51:07,665 - INFO - ──────────────────────────────────────────────────────────────────────────────────────────
2026-08-06 15:51:07,666 - INFO -      Tous ignorés (10 AO)
2026-08-06 15:51:07,667 - INFO -   ──────────────────────────────────────────────────────────────────────
2026-08-06 15:51:07,667 - INFO -   📊 Page 11: 10 lignes | 0 nouveaux | 10 ignorés
2026-08-06 15:51:07,668 - INFO -      ⏭️ Raisons: Déjà en base: 2, Non pertinent: 8
2026-08-06 15:51:07,669 - INFO -   ──────────────────────────────────────────────────────────────────────
2026-08-06 15:51:20,939 - INFO - 
──────────────────────────────────────────────────────────────────────────────────────────
2026-08-06 15:51:20,943 - INFO -   📄 PAGE 12/338
2026-08-06 15:51:20,944 - INFO - ──────────────────────────────────────────────────────────────────────────────────────────
2026-08-06 15:51:20,949 - INFO -      Tous ignorés (10 AO)
2026-08-06 15:51:20,952 - INFO -   ──────────────────────────────────────────────────────────────────────
2026-08-06 15:51:20,953 - INFO -   📊 Page 12: 10 lignes | 0 nouveaux | 10 ignorés
2026-08-06 15:51:20,954 - INFO -      ⏭️ Raisons: Déjà en base: 3, Non pertinent: 7
2026-08-06 15:51:20,955 - INFO -   ──────────────────────────────────────────────────────────────────────
2026-08-06 15:51:33,847 - INFO - 
──────────────────────────────────────────────────────────────────────────────────────────
2026-08-06 15:51:33,848 - INFO -   📄 PAGE 13/338
2026-08-06 15:51:33,848 - INFO - ──────────────────────────────────────────────────────────────────────────────────────────
2026-08-06 15:51:33,849 - INFO -      Tous ignorés (10 AO)
2026-08-06 15:51:33,849 - INFO -   ──────────────────────────────────────────────────────────────────────
2026-08-06 15:51:33,850 - INFO -   📊 Page 13: 10 lignes | 0 nouveaux | 10 ignorés
2026-08-06 15:51:33,851 - INFO -      ⏭️ Raisons: Non pertinent: 10
2026-08-06 15:51:33,851 - INFO -   ──────────────────────────────────────────────────────────────────────
2026-08-06 15:51:47,640 - INFO - 
──────────────────────────────────────────────────────────────────────────────────────────
2026-08-06 15:51:47,641 - INFO -   📄 PAGE 14/338
2026-08-06 15:51:47,642 - INFO - ──────────────────────────────────────────────────────────────────────────────────────────
2026-08-06 15:51:47,643 - INFO -      Tous ignorés (10 AO)
2026-08-06 15:51:47,643 - INFO -   ──────────────────────────────────────────────────────────────────────
2026-08-06 15:51:47,644 - INFO -   📊 Page 14: 10 lignes | 0 nouveaux | 10 ignorés
2026-08-06 15:51:47,644 - INFO -      ⏭️ Raisons: Non pertinent: 10
2026-08-06 15:51:47,645 - INFO -   ──────────────────────────────────────────────────────────────────────
2026-08-06 15:52:01,382 - INFO - 
──────────────────────────────────────────────────────────────────────────────────────────
2026-08-06 15:52:01,392 - INFO -   📄 PAGE 15/338
2026-08-06 15:52:01,419 - INFO - ──────────────────────────────────────────────────────────────────────────────────────────
2026-08-06 15:52:01,423 - INFO -      Tous ignorés (10 AO)
2026-08-06 15:52:01,424 - INFO -   ──────────────────────────────────────────────────────────────────────
2026-08-06 15:52:01,427 - INFO -   📊 Page 15: 10 lignes | 0 nouveaux | 10 ignorés
2026-08-06 15:52:01,433 - INFO -      ⏭️ Raisons: Déjà en base: 1, Non pertinent: 9
2026-08-06 15:52:01,476 - INFO -   ──────────────────────────────────────────────────────────────────────
2026-08-06 15:52:14,561 - INFO - 
──────────────────────────────────────────────────────────────────────────────────────────
2026-08-06 15:52:14,561 - INFO -   📄 PAGE 16/338
2026-08-06 15:52:14,562 - INFO - ──────────────────────────────────────────────────────────────────────────────────────────
2026-08-06 15:52:14,563 - INFO -      Tous ignorés (10 AO)
2026-08-06 15:52:14,563 - INFO -   ──────────────────────────────────────────────────────────────────────
2026-08-06 15:52:14,564 - INFO -   📊 Page 16: 10 lignes | 0 nouveaux | 10 ignorés
2026-08-06 15:52:14,564 - INFO -      ⏭️ Raisons: Déjà en base: 1, Non pertinent: 9
2026-08-06 15:52:14,565 - INFO -   ──────────────────────────────────────────────────────────────────────
2026-08-06 15:52:27,851 - INFO - 
──────────────────────────────────────────────────────────────────────────────────────────
2026-08-06 15:52:27,852 - INFO -   📄 PAGE 17/338
2026-08-06 15:52:27,852 - INFO - ──────────────────────────────────────────────────────────────────────────────────────────
2026-08-06 15:52:27,853 - INFO -      Tous ignorés (10 AO)
2026-08-06 15:52:27,854 - INFO -   ──────────────────────────────────────────────────────────────────────
2026-08-06 15:52:27,855 - INFO -   📊 Page 17: 10 lignes | 0 nouveaux | 10 ignorés
2026-08-06 15:52:27,855 - INFO -      ⏭️ Raisons: Déjà en base: 1, Non pertinent: 9
2026-08-06 15:52:27,856 - INFO -   ──────────────────────────────────────────────────────────────────────
2026-08-06 15:52:40,874 - INFO - 
──────────────────────────────────────────────────────────────────────────────────────────
2026-08-06 15:52:40,875 - INFO -   📄 PAGE 18/338
2026-08-06 15:52:40,876 - INFO - ──────────────────────────────────────────────────────────────────────────────────────────
2026-08-06 15:52:40,876 - INFO -      Tous ignorés (10 AO)
2026-08-06 15:52:40,877 - INFO -   ──────────────────────────────────────────────────────────────────────
2026-08-06 15:52:40,878 - INFO -   📊 Page 18: 10 lignes | 0 nouveaux | 10 ignorés
2026-08-06 15:52:40,878 - INFO -      ⏭️ Raisons: Déjà en base: 2, Non pertinent: 8
2026-08-06 15:52:40,879 - INFO -   ──────────────────────────────────────────────────────────────────────
2026-08-06 15:52:53,743 - INFO - 
──────────────────────────────────────────────────────────────────────────────────────────
2026-08-06 15:52:53,744 - INFO -   📄 PAGE 19/338
2026-08-06 15:52:53,744 - INFO - ──────────────────────────────────────────────────────────────────────────────────────────
2026-08-06 15:52:53,745 - INFO -      Tous ignorés (10 AO)
2026-08-06 15:52:53,746 - INFO -   ──────────────────────────────────────────────────────────────────────
2026-08-06 15:52:53,746 - INFO -   📊 Page 19: 10 lignes | 0 nouveaux | 10 ignorés
2026-08-06 15:52:53,747 - INFO -      ⏭️ Raisons: Non pertinent: 10
2026-08-06 15:52:53,748 - INFO -   ──────────────────────────────────────────────────────────────────────
2026-08-06 15:53:06,461 - INFO - 
──────────────────────────────────────────────────────────────────────────────────────────
2026-08-06 15:53:06,462 - INFO -   📄 PAGE 20/338
2026-08-06 15:53:06,462 - INFO - ──────────────────────────────────────────────────────────────────────────────────────────
2026-08-06 15:53:06,463 - INFO -      Tous ignorés (10 AO)
2026-08-06 15:53:06,464 - INFO -   ──────────────────────────────────────────────────────────────────────
2026-08-06 15:53:06,464 - INFO -   📊 Page 20: 10 lignes | 0 nouveaux | 10 ignorés
2026-08-06 15:53:06,465 - INFO -      ⏭️ Raisons: Non pertinent: 10
2026-08-06 15:53:06,466 - INFO -   ──────────────────────────────────────────────────────────────────────
2026-08-06 15:53:06,467 - INFO - 
  ⏱️  Progression: 20/338 pages | 0 AO | 0 DCE | 4 min

2026-08-06 15:53:19,256 - INFO - 
──────────────────────────────────────────────────────────────────────────────────────────
2026-08-06 15:53:19,257 - INFO -   📄 PAGE 21/338
2026-08-06 15:53:19,257 - INFO - ──────────────────────────────────────────────────────────────────────────────────────────
2026-08-06 15:53:19,258 - INFO -      Tous ignorés (10 AO)
2026-08-06 15:53:19,259 - INFO -   ──────────────────────────────────────────────────────────────────────
2026-08-06 15:53:19,260 - INFO -   📊 Page 21: 10 lignes | 0 nouveaux | 10 ignorés
2026-08-06 15:53:19,261 - INFO -      ⏭️ Raisons: Non pertinent: 10
2026-08-06 15:53:19,261 - INFO -   ──────────────────────────────────────────────────────────────────────
2026-08-06 15:53:32,252 - INFO - 
──────────────────────────────────────────────────────────────────────────────────────────
2026-08-06 15:53:32,253 - INFO -   📄 PAGE 22/338
2026-08-06 15:53:32,254 - INFO - ──────────────────────────────────────────────────────────────────────────────────────────
2026-08-06 15:53:32,254 - INFO -      Tous ignorés (10 AO)
2026-08-06 15:53:32,255 - INFO -   ──────────────────────────────────────────────────────────────────────
2026-08-06 15:53:32,256 - INFO -   📊 Page 22: 10 lignes | 0 nouveaux | 10 ignorés
2026-08-06 15:53:32,256 - INFO -      ⏭️ Raisons: Déjà en base: 3, Non pertinent: 7
2026-08-06 15:53:32,257 - INFO -   ──────────────────────────────────────────────────────────────────────
2026-08-06 15:53:45,683 - INFO - 
──────────────────────────────────────────────────────────────────────────────────────────
2026-08-06 15:53:45,684 - INFO -   📄 PAGE 23/338
2026-08-06 15:53:45,684 - INFO - ──────────────────────────────────────────────────────────────────────────────────────────
2026-08-06 15:53:45,685 - INFO -      Tous ignorés (10 AO)
2026-08-06 15:53:45,686 - INFO -   ──────────────────────────────────────────────────────────────────────
2026-08-06 15:53:45,686 - INFO -   📊 Page 23: 10 lignes | 0 nouveaux | 10 ignorés
2026-08-06 15:53:45,687 - INFO -      ⏭️ Raisons: Non pertinent: 10
2026-08-06 15:53:45,688 - INFO -   ──────────────────────────────────────────────────────────────────────
2026-08-06 15:53:58,747 - INFO - 
──────────────────────────────────────────────────────────────────────────────────────────
2026-08-06 15:53:58,748 - INFO -   📄 PAGE 24/338
2026-08-06 15:53:58,749 - INFO - ──────────────────────────────────────────────────────────────────────────────────────────
2026-08-06 15:53:58,749 - INFO -      Tous ignorés (10 AO)
2026-08-06 15:53:58,750 - INFO -   ──────────────────────────────────────────────────────────────────────
2026-08-06 15:53:58,751 - INFO -   📊 Page 24: 10 lignes | 0 nouveaux | 10 ignorés
2026-08-06 15:53:58,751 - INFO -      ⏭️ Raisons: Déjà en base: 4, Non pertinent: 6
2026-08-06 15:53:58,752 - INFO -   ──────────────────────────────────────────────────────────────────────
2026-08-06 15:54:12,056 - INFO - 
──────────────────────────────────────────────────────────────────────────────────────────
2026-08-06 15:54:12,056 - INFO -   📄 PAGE 25/338
2026-08-06 15:54:12,057 - INFO - ──────────────────────────────────────────────────────────────────────────────────────────
2026-08-06 15:54:12,058 - INFO -      Tous ignorés (10 AO)
2026-08-06 15:54:12,058 - INFO -   ──────────────────────────────────────────────────────────────────────
2026-08-06 15:54:12,059 - INFO -   📊 Page 25: 10 lignes | 0 nouveaux | 10 ignorés
2026-08-06 15:54:12,060 - INFO -      ⏭️ Raisons: Non pertinent: 10
2026-08-06 15:54:12,061 - INFO -   ──────────────────────────────────────────────────────────────────────
2026-08-06 15:54:25,024 - INFO - 
──────────────────────────────────────────────────────────────────────────────────────────
2026-08-06 15:54:25,025 - INFO -   📄 PAGE 26/338
2026-08-06 15:54:25,026 - INFO - ──────────────────────────────────────────────────────────────────────────────────────────
2026-08-06 15:54:25,027 - INFO -      Tous ignorés (10 AO)
2026-08-06 15:54:25,027 - INFO -   ──────────────────────────────────────────────────────────────────────
2026-08-06 15:54:25,028 - INFO -   📊 Page 26: 10 lignes | 0 nouveaux | 10 ignorés
2026-08-06 15:54:25,028 - INFO -      ⏭️ Raisons: Non pertinent: 10
2026-08-06 15:54:25,029 - INFO -   ──────────────────────────────────────────────────────────────────────
2026-08-06 15:54:37,871 - INFO - 
──────────────────────────────────────────────────────────────────────────────────────────
2026-08-06 15:54:37,872 - INFO -   📄 PAGE 27/338
2026-08-06 15:54:37,873 - INFO - ──────────────────────────────────────────────────────────────────────────────────────────
2026-08-06 15:55:35,244 - INFO -   #1    📋 Assistance et accompagnement pour le suivi des performances contractuelles  ⭐  35%  ⏰ 38j      📥 📦 Avis, RC, BP
2026-08-06 15:55:35,259 - INFO -   ──────────────────────────────────────────────────────────────────────
2026-08-06 15:55:35,260 - INFO -   📊 Page 27: 10 lignes | 1 nouveaux | 9 ignorés
2026-08-06 15:55:35,261 - INFO -      ⏭️ Raisons: Déjà en base: 1, Non pertinent: 8
2026-08-06 15:55:35,262 - INFO -   ──────────────────────────────────────────────────────────────────────
2026-08-06 15:55:48,148 - INFO - 
──────────────────────────────────────────────────────────────────────────────────────────
2026-08-06 15:55:48,149 - INFO -   📄 PAGE 28/338
2026-08-06 15:55:48,149 - INFO - ──────────────────────────────────────────────────────────────────────────────────────────
2026-08-06 15:55:48,150 - INFO -      Tous ignorés (10 AO)
2026-08-06 15:55:48,151 - INFO -   ──────────────────────────────────────────────────────────────────────
2026-08-06 15:55:48,151 - INFO -   📊 Page 28: 10 lignes | 0 nouveaux | 10 ignorés
2026-08-06 15:55:48,152 - INFO -      ⏭️ Raisons: Non pertinent: 10
2026-08-06 15:55:48,153 - INFO -   ──────────────────────────────────────────────────────────────────────
2026-08-06 15:56:01,286 - INFO - 
──────────────────────────────────────────────────────────────────────────────────────────
2026-08-06 15:56:01,287 - INFO -   📄 PAGE 29/338
2026-08-06 15:56:01,288 - INFO - ──────────────────────────────────────────────────────────────────────────────────────────
2026-08-06 15:56:01,288 - INFO -      Tous ignorés (10 AO)
2026-08-06 15:56:01,289 - INFO -   ──────────────────────────────────────────────────────────────────────
2026-08-06 15:56:01,290 - INFO -   📊 Page 29: 10 lignes | 0 nouveaux | 10 ignorés
2026-08-06 15:56:01,290 - INFO -      ⏭️ Raisons: Non pertinent: 10
2026-08-06 15:56:01,291 - INFO -   ──────────────────────────────────────────────────────────────────────
2026-08-06 15:56:14,381 - INFO - 
──────────────────────────────────────────────────────────────────────────────────────────
2026-08-06 15:56:14,382 - INFO -   📄 PAGE 30/338
2026-08-06 15:56:14,382 - INFO - ──────────────────────────────────────────────────────────────────────────────────────────
2026-08-06 15:56:14,383 - INFO -      Tous ignorés (10 AO)
2026-08-06 15:56:14,383 - INFO -   ──────────────────────────────────────────────────────────────────────
2026-08-06 15:56:14,384 - INFO -   📊 Page 30: 10 lignes | 0 nouveaux | 10 ignorés
2026-08-06 15:56:14,385 - INFO -      ⏭️ Raisons: Déjà en base: 1, Non pertinent: 9
2026-08-06 15:56:14,385 - INFO -   ──────────────────────────────────────────────────────────────────────
2026-08-06 15:56:14,386 - INFO - 
  ⏱️  Progression: 30/338 pages | 1 AO | 1 DCE | 7 min

2026-08-06 15:56:27,371 - INFO - 
──────────────────────────────────────────────────────────────────────────────────────────
2026-08-06 15:56:27,372 - INFO -   📄 PAGE 31/338
2026-08-06 15:56:27,373 - INFO - ──────────────────────────────────────────────────────────────────────────────────────────
2026-08-06 15:56:27,374 - INFO -      Tous ignorés (10 AO)
2026-08-06 15:56:27,374 - INFO -   ──────────────────────────────────────────────────────────────────────
2026-08-06 15:56:27,375 - INFO -   📊 Page 31: 10 lignes | 0 nouveaux | 10 ignorés
2026-08-06 15:56:27,376 - INFO -      ⏭️ Raisons: Non pertinent: 10
2026-08-06 15:56:27,376 - INFO -   ──────────────────────────────────────────────────────────────────────
2026-08-06 15:56:40,382 - INFO - 
──────────────────────────────────────────────────────────────────────────────────────────
2026-08-06 15:56:40,383 - INFO -   📄 PAGE 32/338
2026-08-06 15:56:40,383 - INFO - ──────────────────────────────────────────────────────────────────────────────────────────
2026-08-06 15:56:40,384 - INFO -      Tous ignorés (10 AO)
2026-08-06 15:56:40,385 - INFO -   ──────────────────────────────────────────────────────────────────────
2026-08-06 15:56:40,385 - INFO -   📊 Page 32: 10 lignes | 0 nouveaux | 10 ignorés
2026-08-06 15:56:40,386 - INFO -      ⏭️ Raisons: Déjà en base: 1, Non pertinent: 9
2026-08-06 15:56:40,387 - INFO -   ──────────────────────────────────────────────────────────────────────
2026-08-06 15:56:53,598 - INFO - 
──────────────────────────────────────────────────────────────────────────────────────────
2026-08-06 15:56:53,599 - INFO -   📄 PAGE 33/338
2026-08-06 15:56:53,600 - INFO - ──────────────────────────────────────────────────────────────────────────────────────────
2026-08-06 15:56:53,600 - INFO -      Tous ignorés (10 AO)
2026-08-06 15:56:53,601 - INFO -   ──────────────────────────────────────────────────────────────────────
2026-08-06 15:56:53,602 - INFO -   📊 Page 33: 10 lignes | 0 nouveaux | 10 ignorés
2026-08-06 15:56:53,602 - INFO -      ⏭️ Raisons: Déjà en base: 1, Non pertinent: 9
2026-08-06 15:56:53,603 - INFO -   ──────────────────────────────────────────────────────────────────────
2026-08-06 15:57:06,508 - INFO - 
──────────────────────────────────────────────────────────────────────────────────────────
2026-08-06 15:57:06,508 - INFO -   📄 PAGE 34/338
2026-08-06 15:57:06,509 - INFO - ──────────────────────────────────────────────────────────────────────────────────────────
2026-08-06 15:57:06,510 - INFO -      Tous ignorés (10 AO)
2026-08-06 15:57:06,510 - INFO -   ──────────────────────────────────────────────────────────────────────
2026-08-06 15:57:06,511 - INFO -   📊 Page 34: 10 lignes | 0 nouveaux | 10 ignorés
2026-08-06 15:57:06,512 - INFO -      ⏭️ Raisons: Non pertinent: 10
2026-08-06 15:57:06,512 - INFO -   ──────────────────────────────────────────────────────────────────────
2026-08-06 15:57:19,445 - INFO - 
──────────────────────────────────────────────────────────────────────────────────────────
2026-08-06 15:57:19,445 - INFO -   📄 PAGE 35/338
2026-08-06 15:57:19,446 - INFO - ──────────────────────────────────────────────────────────────────────────────────────────
2026-08-06 15:57:19,447 - INFO -      Tous ignorés (10 AO)
2026-08-06 15:57:19,447 - INFO -   ──────────────────────────────────────────────────────────────────────
2026-08-06 15:57:19,448 - INFO -   📊 Page 35: 10 lignes | 0 nouveaux | 10 ignorés
2026-08-06 15:57:19,449 - INFO -      ⏭️ Raisons: Déjà en base: 1, Non pertinent: 9
2026-08-06 15:57:19,449 - INFO -   ──────────────────────────────────────────────────────────────────────
2026-08-06 15:57:32,345 - INFO - 
──────────────────────────────────────────────────────────────────────────────────────────
2026-08-06 15:57:32,346 - INFO -   📄 PAGE 36/338
2026-08-06 15:57:32,346 - INFO - ──────────────────────────────────────────────────────────────────────────────────────────
2026-08-06 15:57:32,347 - INFO -      Tous ignorés (10 AO)
2026-08-06 15:57:32,348 - INFO -   ──────────────────────────────────────────────────────────────────────
2026-08-06 15:57:32,348 - INFO -   📊 Page 36: 10 lignes | 0 nouveaux | 10 ignorés
2026-08-06 15:57:32,349 - INFO -      ⏭️ Raisons: Non pertinent: 10
2026-08-06 15:57:32,349 - INFO -   ──────────────────────────────────────────────────────────────────────
2026-08-06 15:57:45,365 - INFO - 
──────────────────────────────────────────────────────────────────────────────────────────
2026-08-06 15:57:45,366 - INFO -   📄 PAGE 37/338
2026-08-06 15:57:45,366 - INFO - ──────────────────────────────────────────────────────────────────────────────────────────
2026-08-06 15:57:45,368 - INFO -      Tous ignorés (10 AO)
2026-08-06 15:57:45,368 - INFO -   ──────────────────────────────────────────────────────────────────────
2026-08-06 15:57:45,369 - INFO -   📊 Page 37: 10 lignes | 0 nouveaux | 10 ignorés
2026-08-06 15:57:45,371 - INFO -      ⏭️ Raisons: Déjà en base: 1, Non pertinent: 9
2026-08-06 15:57:45,373 - INFO -   ──────────────────────────────────────────────────────────────────────
2026-08-06 15:57:58,438 - INFO - 
──────────────────────────────────────────────────────────────────────────────────────────
2026-08-06 15:57:58,440 - INFO -   📄 PAGE 38/338
2026-08-06 15:57:58,441 - INFO - ──────────────────────────────────────────────────────────────────────────────────────────
2026-08-06 15:57:58,442 - INFO -      Tous ignorés (10 AO)
2026-08-06 15:57:58,442 - INFO -   ──────────────────────────────────────────────────────────────────────
2026-08-06 15:57:58,443 - INFO -   📊 Page 38: 10 lignes | 0 nouveaux | 10 ignorés
2026-08-06 15:57:58,443 - INFO -      ⏭️ Raisons: Déjà en base: 5, Non pertinent: 5
2026-08-06 15:57:58,444 - INFO -   ──────────────────────────────────────────────────────────────────────
2026-08-06 15:58:11,588 - INFO - 
──────────────────────────────────────────────────────────────────────────────────────────
2026-08-06 15:58:11,590 - INFO -   📄 PAGE 39/338
2026-08-06 15:58:11,609 - INFO - ──────────────────────────────────────────────────────────────────────────────────────────
2026-08-06 15:58:11,615 - INFO -      Tous ignorés (10 AO)
2026-08-06 15:58:11,623 - INFO -   ──────────────────────────────────────────────────────────────────────
2026-08-06 15:58:11,636 - INFO -   📊 Page 39: 10 lignes | 0 nouveaux | 10 ignorés
2026-08-06 15:58:11,640 - INFO -      ⏭️ Raisons: Déjà en base: 2, Non pertinent: 8
2026-08-06 15:58:11,646 - INFO -   ──────────────────────────────────────────────────────────────────────
2026-08-06 15:58:25,341 - INFO - 
──────────────────────────────────────────────────────────────────────────────────────────
2026-08-06 15:58:25,342 - INFO -   📄 PAGE 40/338
2026-08-06 15:58:25,342 - INFO - ──────────────────────────────────────────────────────────────────────────────────────────
2026-08-06 15:58:25,343 - INFO -      Tous ignorés (10 AO)
2026-08-06 15:58:25,344 - INFO -   ──────────────────────────────────────────────────────────────────────
2026-08-06 15:58:25,344 - INFO -   📊 Page 40: 10 lignes | 0 nouveaux | 10 ignorés
2026-08-06 15:58:25,345 - INFO -      ⏭️ Raisons: Déjà en base: 1, Non pertinent: 9
2026-08-06 15:58:25,346 - INFO -   ──────────────────────────────────────────────────────────────────────
2026-08-06 15:58:25,346 - INFO - 
  ⏱️  Progression: 40/338 pages | 1 AO | 1 DCE | 9 min

2026-08-06 15:58:38,831 - INFO - 
──────────────────────────────────────────────────────────────────────────────────────────
2026-08-06 15:58:38,832 - INFO -   📄 PAGE 41/338
2026-08-06 15:58:38,833 - INFO - ──────────────────────────────────────────────────────────────────────────────────────────
2026-08-06 15:58:38,834 - INFO -      Tous ignorés (10 AO)
2026-08-06 15:58:38,834 - INFO -   ──────────────────────────────────────────────────────────────────────
2026-08-06 15:58:38,835 - INFO -   📊 Page 41: 10 lignes | 0 nouveaux | 10 ignorés
2026-08-06 15:58:38,835 - INFO -      ⏭️ Raisons: Non pertinent: 10
2026-08-06 15:58:38,836 - INFO -   ──────────────────────────────────────────────────────────────────────
2026-08-06 15:58:51,828 - INFO - 
──────────────────────────────────────────────────────────────────────────────────────────
2026-08-06 15:58:51,828 - INFO -   📄 PAGE 42/338
2026-08-06 15:58:51,829 - INFO - ──────────────────────────────────────────────────────────────────────────────────────────
2026-08-06 15:58:51,830 - INFO -      Tous ignorés (10 AO)
2026-08-06 15:58:51,830 - INFO -   ──────────────────────────────────────────────────────────────────────
2026-08-06 15:58:51,831 - INFO -   📊 Page 42: 10 lignes | 0 nouveaux | 10 ignorés
2026-08-06 15:58:51,832 - INFO -      ⏭️ Raisons: Non pertinent: 10
2026-08-06 15:58:51,832 - INFO -   ──────────────────────────────────────────────────────────────────────
2026-08-06 15:59:04,826 - INFO - 
──────────────────────────────────────────────────────────────────────────────────────────
2026-08-06 15:59:04,827 - INFO -   📄 PAGE 43/338
2026-08-06 15:59:04,827 - INFO - ──────────────────────────────────────────────────────────────────────────────────────────
2026-08-06 15:59:04,828 - INFO -      Tous ignorés (10 AO)
2026-08-06 15:59:04,829 - INFO -   ──────────────────────────────────────────────────────────────────────
2026-08-06 15:59:04,829 - INFO -   📊 Page 43: 10 lignes | 0 nouveaux | 10 ignorés
2026-08-06 15:59:04,830 - INFO -      ⏭️ Raisons: Non pertinent: 10
2026-08-06 15:59:04,831 - INFO -   ──────────────────────────────────────────────────────────────────────
2026-08-06 15:59:18,071 - INFO - 
──────────────────────────────────────────────────────────────────────────────────────────
2026-08-06 15:59:18,071 - INFO -   📄 PAGE 44/338
2026-08-06 15:59:18,072 - INFO - ──────────────────────────────────────────────────────────────────────────────────────────
2026-08-06 15:59:18,073 - INFO -      Tous ignorés (10 AO)
2026-08-06 15:59:18,073 - INFO -   ──────────────────────────────────────────────────────────────────────
2026-08-06 15:59:18,074 - INFO -   📊 Page 44: 10 lignes | 0 nouveaux | 10 ignorés
2026-08-06 15:59:18,074 - INFO -      ⏭️ Raisons: Non pertinent: 10
2026-08-06 15:59:18,075 - INFO -   ──────────────────────────────────────────────────────────────────────
2026-08-06 15:59:31,388 - INFO - 
──────────────────────────────────────────────────────────────────────────────────────────
2026-08-06 15:59:31,391 - INFO -   📄 PAGE 45/338
2026-08-06 15:59:31,392 - INFO - ──────────────────────────────────────────────────────────────────────────────────────────
2026-08-06 15:59:31,393 - INFO -      Tous ignorés (10 AO)
2026-08-06 15:59:31,396 - INFO -   ──────────────────────────────────────────────────────────────────────
2026-08-06 15:59:31,408 - INFO -   📊 Page 45: 10 lignes | 0 nouveaux | 10 ignorés
2026-08-06 15:59:31,411 - INFO -      ⏭️ Raisons: Non pertinent: 10
2026-08-06 15:59:31,413 - INFO -   ──────────────────────────────────────────────────────────────────────
2026-08-06 15:59:44,606 - INFO - 
──────────────────────────────────────────────────────────────────────────────────────────
2026-08-06 15:59:44,628 - INFO -   📄 PAGE 46/338
2026-08-06 15:59:44,629 - INFO - ──────────────────────────────────────────────────────────────────────────────────────────
2026-08-06 15:59:44,630 - INFO -      Tous ignorés (10 AO)
2026-08-06 15:59:44,632 - INFO -   ──────────────────────────────────────────────────────────────────────
2026-08-06 15:59:44,665 - INFO -   📊 Page 46: 10 lignes | 0 nouveaux | 10 ignorés
2026-08-06 15:59:44,691 - INFO -      ⏭️ Raisons: Déjà en base: 2, Non pertinent: 8
2026-08-06 15:59:44,695 - INFO -   ──────────────────────────────────────────────────────────────────────
2026-08-06 15:59:58,338 - INFO - 
──────────────────────────────────────────────────────────────────────────────────────────
2026-08-06 15:59:58,344 - INFO -   📄 PAGE 47/338
2026-08-06 15:59:58,345 - INFO - ──────────────────────────────────────────────────────────────────────────────────────────
2026-08-06 15:59:58,349 - INFO -      Tous ignorés (10 AO)
2026-08-06 15:59:58,350 - INFO -   ──────────────────────────────────────────────────────────────────────
2026-08-06 15:59:58,361 - INFO -   📊 Page 47: 10 lignes | 0 nouveaux | 10 ignorés
2026-08-06 15:59:58,362 - INFO -      ⏭️ Raisons: Déjà en base: 1, Non pertinent: 9
2026-08-06 15:59:58,370 - INFO -   ──────────────────────────────────────────────────────────────────────
2026-08-06 16:00:11,646 - INFO - 
──────────────────────────────────────────────────────────────────────────────────────────
2026-08-06 16:00:11,647 - INFO -   📄 PAGE 48/338
2026-08-06 16:00:11,648 - INFO - ──────────────────────────────────────────────────────────────────────────────────────────
2026-08-06 16:00:11,648 - INFO -      Tous ignorés (10 AO)
2026-08-06 16:00:11,649 - INFO -   ──────────────────────────────────────────────────────────────────────
2026-08-06 16:00:11,650 - INFO -   📊 Page 48: 10 lignes | 0 nouveaux | 10 ignorés
2026-08-06 16:00:11,651 - INFO -      ⏭️ Raisons: Déjà en base: 1, Non pertinent: 9
2026-08-06 16:00:11,654 - INFO -   ──────────────────────────────────────────────────────────────────────
2026-08-06 16:00:24,970 - INFO - 
──────────────────────────────────────────────────────────────────────────────────────────
2026-08-06 16:00:24,972 - INFO -   📄 PAGE 49/338
2026-08-06 16:00:24,973 - INFO - ──────────────────────────────────────────────────────────────────────────────────────────
2026-08-06 16:00:24,973 - INFO -      Tous ignorés (10 AO)
2026-08-06 16:00:24,974 - INFO -   ──────────────────────────────────────────────────────────────────────
2026-08-06 16:00:24,975 - INFO -   📊 Page 49: 10 lignes | 0 nouveaux | 10 ignorés
2026-08-06 16:00:24,975 - INFO -      ⏭️ Raisons: Non pertinent: 10
2026-08-06 16:00:24,976 - INFO -   ──────────────────────────────────────────────────────────────────────
2026-08-06 16:00:38,153 - INFO - 
──────────────────────────────────────────────────────────────────────────────────────────
2026-08-06 16:00:38,155 - INFO -   📄 PAGE 50/338
2026-08-06 16:00:38,156 - INFO - ──────────────────────────────────────────────────────────────────────────────────────────
2026-08-06 16:00:38,157 - INFO -      Tous ignorés (10 AO)
2026-08-06 16:00:38,158 - INFO -   ──────────────────────────────────────────────────────────────────────
2026-08-06 16:00:38,159 - INFO -   📊 Page 50: 10 lignes | 0 nouveaux | 10 ignorés
2026-08-06 16:00:38,160 - INFO -      ⏭️ Raisons: Non pertinent: 10
2026-08-06 16:00:38,161 - INFO -   ──────────────────────────────────────────────────────────────────────
2026-08-06 16:00:38,162 - INFO - 
  ⏱️  Progression: 50/338 pages | 1 AO | 1 DCE | 12 min

2026-08-06 16:00:51,178 - INFO - 
──────────────────────────────────────────────────────────────────────────────────────────
2026-08-06 16:00:51,179 - INFO -   📄 PAGE 51/338
2026-08-06 16:00:51,180 - INFO - ──────────────────────────────────────────────────────────────────────────────────────────
2026-08-06 16:00:51,180 - INFO -      Tous ignorés (10 AO)
2026-08-06 16:00:51,181 - INFO -   ──────────────────────────────────────────────────────────────────────
2026-08-06 16:00:51,182 - INFO -   📊 Page 51: 10 lignes | 0 nouveaux | 10 ignorés
2026-08-06 16:00:51,183 - INFO -      ⏭️ Raisons: Non pertinent: 10
2026-08-06 16:00:51,184 - INFO -   ──────────────────────────────────────────────────────────────────────
2026-08-06 16:01:04,633 - INFO - 
──────────────────────────────────────────────────────────────────────────────────────────
2026-08-06 16:01:04,634 - INFO -   📄 PAGE 52/338
2026-08-06 16:01:04,635 - INFO - ──────────────────────────────────────────────────────────────────────────────────────────
2026-08-06 16:01:04,635 - INFO -      Tous ignorés (10 AO)
2026-08-06 16:01:04,636 - INFO -   ──────────────────────────────────────────────────────────────────────
2026-08-06 16:01:04,638 - INFO -   📊 Page 52: 10 lignes | 0 nouveaux | 10 ignorés
2026-08-06 16:01:04,640 - INFO -      ⏭️ Raisons: Non pertinent: 10
2026-08-06 16:01:04,642 - INFO -   ──────────────────────────────────────────────────────────────────────
2026-08-06 16:01:17,800 - INFO - 
──────────────────────────────────────────────────────────────────────────────────────────
2026-08-06 16:01:17,802 - INFO -   📄 PAGE 53/338
2026-08-06 16:01:17,803 - INFO - ──────────────────────────────────────────────────────────────────────────────────────────
2026-08-06 16:01:17,804 - INFO -      Tous ignorés (10 AO)
2026-08-06 16:01:17,805 - INFO -   ──────────────────────────────────────────────────────────────────────
2026-08-06 16:01:17,806 - INFO -   📊 Page 53: 10 lignes | 0 nouveaux | 10 ignorés
2026-08-06 16:01:17,808 - INFO -      ⏭️ Raisons: Non pertinent: 10
2026-08-06 16:01:17,809 - INFO -   ──────────────────────────────────────────────────────────────────────
2026-08-06 16:01:31,090 - INFO - 
──────────────────────────────────────────────────────────────────────────────────────────
2026-08-06 16:01:31,091 - INFO -   📄 PAGE 54/338
2026-08-06 16:01:31,091 - INFO - ──────────────────────────────────────────────────────────────────────────────────────────
2026-08-06 16:01:31,093 - INFO -      Tous ignorés (10 AO)
2026-08-06 16:01:31,094 - INFO -   ──────────────────────────────────────────────────────────────────────
2026-08-06 16:01:31,094 - INFO -   📊 Page 54: 10 lignes | 0 nouveaux | 10 ignorés
2026-08-06 16:01:31,096 - INFO -      ⏭️ Raisons: Déjà en base: 3, Non pertinent: 7
2026-08-06 16:01:31,097 - INFO -   ──────────────────────────────────────────────────────────────────────
2026-08-06 16:01:44,115 - INFO - 
──────────────────────────────────────────────────────────────────────────────────────────
2026-08-06 16:01:44,116 - INFO -   📄 PAGE 55/338
2026-08-06 16:01:44,117 - INFO - ──────────────────────────────────────────────────────────────────────────────────────────
2026-08-06 16:01:44,117 - INFO -      Tous ignorés (10 AO)
2026-08-06 16:01:44,118 - INFO -   ──────────────────────────────────────────────────────────────────────
2026-08-06 16:01:44,119 - INFO -   📊 Page 55: 10 lignes | 0 nouveaux | 10 ignorés
2026-08-06 16:01:44,119 - INFO -      ⏭️ Raisons: Non pertinent: 10
2026-08-06 16:01:44,120 - INFO -   ──────────────────────────────────────────────────────────────────────
2026-08-06 16:01:57,117 - INFO - 
──────────────────────────────────────────────────────────────────────────────────────────
2026-08-06 16:01:57,118 - INFO -   📄 PAGE 56/338
2026-08-06 16:01:57,118 - INFO - ──────────────────────────────────────────────────────────────────────────────────────────
2026-08-06 16:01:57,119 - INFO -      Tous ignorés (10 AO)
2026-08-06 16:01:57,119 - INFO -   ──────────────────────────────────────────────────────────────────────
2026-08-06 16:01:57,120 - INFO -   📊 Page 56: 10 lignes | 0 nouveaux | 10 ignorés
2026-08-06 16:01:57,121 - INFO -      ⏭️ Raisons: Non pertinent: 10
2026-08-06 16:01:57,121 - INFO -   ──────────────────────────────────────────────────────────────────────
2026-08-06 16:02:10,365 - INFO - 
──────────────────────────────────────────────────────────────────────────────────────────
2026-08-06 16:02:10,367 - INFO -   📄 PAGE 57/338
2026-08-06 16:02:10,368 - INFO - ──────────────────────────────────────────────────────────────────────────────────────────
2026-08-06 16:02:10,369 - INFO -      Tous ignorés (10 AO)
2026-08-06 16:02:10,370 - INFO -   ──────────────────────────────────────────────────────────────────────
2026-08-06 16:02:10,371 - INFO -   📊 Page 57: 10 lignes | 0 nouveaux | 10 ignorés
2026-08-06 16:02:10,371 - INFO -      ⏭️ Raisons: Déjà en base: 1, Non pertinent: 9
2026-08-06 16:02:10,374 - INFO -   ──────────────────────────────────────────────────────────────────────
2026-08-06 16:02:23,564 - INFO - 
──────────────────────────────────────────────────────────────────────────────────────────
2026-08-06 16:02:23,565 - INFO -   📄 PAGE 58/338
2026-08-06 16:02:23,565 - INFO - ──────────────────────────────────────────────────────────────────────────────────────────
2026-08-06 16:02:23,567 - INFO -      Tous ignorés (10 AO)
2026-08-06 16:02:23,568 - INFO -   ──────────────────────────────────────────────────────────────────────
2026-08-06 16:02:23,570 - INFO -   📊 Page 58: 10 lignes | 0 nouveaux | 10 ignorés
2026-08-06 16:02:23,571 - INFO -      ⏭️ Raisons: Non pertinent: 10
2026-08-06 16:02:23,572 - INFO -   ──────────────────────────────────────────────────────────────────────
2026-08-06 16:02:36,651 - INFO - 
──────────────────────────────────────────────────────────────────────────────────────────
2026-08-06 16:02:36,652 - INFO -   📄 PAGE 59/338
2026-08-06 16:02:36,653 - INFO - ──────────────────────────────────────────────────────────────────────────────────────────
2026-08-06 16:02:36,654 - INFO -      Tous ignorés (10 AO)
2026-08-06 16:02:36,654 - INFO -   ──────────────────────────────────────────────────────────────────────
2026-08-06 16:02:36,655 - INFO -   📊 Page 59: 10 lignes | 0 nouveaux | 10 ignorés
2026-08-06 16:02:36,656 - INFO -      ⏭️ Raisons: Déjà en base: 4, Non pertinent: 6
2026-08-06 16:02:36,656 - INFO -   ──────────────────────────────────────────────────────────────────────
2026-08-06 16:02:49,986 - INFO - 
──────────────────────────────────────────────────────────────────────────────────────────
2026-08-06 16:02:49,987 - INFO -   📄 PAGE 60/338
2026-08-06 16:02:49,988 - INFO - ──────────────────────────────────────────────────────────────────────────────────────────
2026-08-06 16:02:49,989 - INFO -      Tous ignorés (10 AO)
2026-08-06 16:02:49,989 - INFO -   ──────────────────────────────────────────────────────────────────────
2026-08-06 16:02:49,990 - INFO -   📊 Page 60: 10 lignes | 0 nouveaux | 10 ignorés
2026-08-06 16:02:49,991 - INFO -      ⏭️ Raisons: Non pertinent: 10
2026-08-06 16:02:49,991 - INFO -   ──────────────────────────────────────────────────────────────────────
2026-08-06 16:02:49,993 - INFO - 
  ⏱️  Progression: 60/338 pages | 1 AO | 1 DCE | 14 min

2026-08-06 16:03:03,710 - INFO - 
──────────────────────────────────────────────────────────────────────────────────────────
2026-08-06 16:03:03,712 - INFO -   📄 PAGE 61/338
2026-08-06 16:03:03,713 - INFO - ──────────────────────────────────────────────────────────────────────────────────────────
2026-08-06 16:03:03,714 - INFO -      Tous ignorés (10 AO)
2026-08-06 16:03:03,715 - INFO -   ──────────────────────────────────────────────────────────────────────
2026-08-06 16:03:03,715 - INFO -   📊 Page 61: 10 lignes | 0 nouveaux | 10 ignorés
2026-08-06 16:03:03,716 - INFO -      ⏭️ Raisons: Déjà en base: 5, Non pertinent: 5
2026-08-06 16:03:03,717 - INFO -   ──────────────────────────────────────────────────────────────────────
2026-08-06 16:03:17,519 - INFO - 
──────────────────────────────────────────────────────────────────────────────────────────
2026-08-06 16:03:17,524 - INFO -   📄 PAGE 62/338
2026-08-06 16:03:17,529 - INFO - ──────────────────────────────────────────────────────────────────────────────────────────
2026-08-06 16:03:17,553 - INFO -      Tous ignorés (10 AO)
2026-08-06 16:03:17,565 - INFO -   ──────────────────────────────────────────────────────────────────────
2026-08-06 16:03:17,593 - INFO -   📊 Page 62: 10 lignes | 0 nouveaux | 10 ignorés
2026-08-06 16:03:17,594 - INFO -      ⏭️ Raisons: Déjà en base: 5, Non pertinent: 5
2026-08-06 16:03:17,595 - INFO -   ──────────────────────────────────────────────────────────────────────
2026-08-06 16:03:30,765 - INFO - 
──────────────────────────────────────────────────────────────────────────────────────────
2026-08-06 16:03:30,766 - INFO -   📄 PAGE 63/338
2026-08-06 16:03:30,766 - INFO - ──────────────────────────────────────────────────────────────────────────────────────────
2026-08-06 16:03:30,767 - INFO -      Tous ignorés (10 AO)
2026-08-06 16:03:30,768 - INFO -   ──────────────────────────────────────────────────────────────────────
2026-08-06 16:03:30,769 - INFO -   📊 Page 63: 10 lignes | 0 nouveaux | 10 ignorés
2026-08-06 16:03:30,774 - INFO -      ⏭️ Raisons: Non pertinent: 10
2026-08-06 16:03:30,775 - INFO -   ──────────────────────────────────────────────────────────────────────
2026-08-06 16:03:44,011 - INFO - 
──────────────────────────────────────────────────────────────────────────────────────────
2026-08-06 16:03:44,012 - INFO -   📄 PAGE 64/338
2026-08-06 16:03:44,012 - INFO - ──────────────────────────────────────────────────────────────────────────────────────────
2026-08-06 16:03:44,013 - INFO -      Tous ignorés (10 AO)
2026-08-06 16:03:44,014 - INFO -   ──────────────────────────────────────────────────────────────────────
2026-08-06 16:03:44,014 - INFO -   📊 Page 64: 10 lignes | 0 nouveaux | 10 ignorés
2026-08-06 16:03:44,015 - INFO -      ⏭️ Raisons: Non pertinent: 10
2026-08-06 16:03:44,016 - INFO -   ──────────────────────────────────────────────────────────────────────
2026-08-06 16:03:57,494 - INFO - 
──────────────────────────────────────────────────────────────────────────────────────────
2026-08-06 16:03:57,498 - INFO -   📄 PAGE 65/338
2026-08-06 16:03:57,498 - INFO - ──────────────────────────────────────────────────────────────────────────────────────────
2026-08-06 16:03:57,499 - INFO -      Tous ignorés (10 AO)
2026-08-06 16:03:57,500 - INFO -   ──────────────────────────────────────────────────────────────────────
2026-08-06 16:03:57,501 - INFO -   📊 Page 65: 10 lignes | 0 nouveaux | 10 ignorés
2026-08-06 16:03:57,502 - INFO -      ⏭️ Raisons: Déjà en base: 1, Non pertinent: 9
2026-08-06 16:03:57,503 - INFO -   ──────────────────────────────────────────────────────────────────────
2026-08-06 16:04:10,639 - INFO - 
──────────────────────────────────────────────────────────────────────────────────────────
2026-08-06 16:04:10,639 - INFO -   📄 PAGE 66/338
2026-08-06 16:04:10,640 - INFO - ──────────────────────────────────────────────────────────────────────────────────────────
2026-08-06 16:04:10,641 - INFO -      Tous ignorés (10 AO)
2026-08-06 16:04:10,648 - INFO -   ──────────────────────────────────────────────────────────────────────
2026-08-06 16:04:10,649 - INFO -   📊 Page 66: 10 lignes | 0 nouveaux | 10 ignorés
2026-08-06 16:04:10,650 - INFO -      ⏭️ Raisons: Non pertinent: 10
2026-08-06 16:04:10,650 - INFO -   ──────────────────────────────────────────────────────────────────────
2026-08-06 16:04:24,000 - INFO - 
──────────────────────────────────────────────────────────────────────────────────────────
2026-08-06 16:04:24,000 - INFO -   📄 PAGE 67/338
2026-08-06 16:04:24,001 - INFO - ──────────────────────────────────────────────────────────────────────────────────────────
2026-08-06 16:04:24,002 - INFO -      Tous ignorés (10 AO)
2026-08-06 16:04:24,002 - INFO -   ──────────────────────────────────────────────────────────────────────
2026-08-06 16:04:24,003 - INFO -   📊 Page 67: 10 lignes | 0 nouveaux | 10 ignorés
2026-08-06 16:04:24,004 - INFO -      ⏭️ Raisons: Déjà en base: 3, Non pertinent: 7
2026-08-06 16:04:24,004 - INFO -   ──────────────────────────────────────────────────────────────────────
2026-08-06 16:04:37,758 - INFO - 
──────────────────────────────────────────────────────────────────────────────────────────
2026-08-06 16:04:37,759 - INFO -   📄 PAGE 68/338
2026-08-06 16:04:37,761 - INFO - ──────────────────────────────────────────────────────────────────────────────────────────
2026-08-06 16:04:37,780 - INFO -      Tous ignorés (10 AO)
2026-08-06 16:04:37,780 - INFO -   ──────────────────────────────────────────────────────────────────────
2026-08-06 16:04:37,781 - INFO -   📊 Page 68: 10 lignes | 0 nouveaux | 10 ignorés
2026-08-06 16:04:37,793 - INFO -      ⏭️ Raisons: Déjà en base: 2, Non pertinent: 8
2026-08-06 16:04:37,794 - INFO -   ──────────────────────────────────────────────────────────────────────
2026-08-06 16:04:51,787 - INFO - 
──────────────────────────────────────────────────────────────────────────────────────────
2026-08-06 16:04:51,788 - INFO -   📄 PAGE 69/338
2026-08-06 16:04:51,789 - INFO - ──────────────────────────────────────────────────────────────────────────────────────────
2026-08-06 16:04:51,790 - INFO -      Tous ignorés (10 AO)
2026-08-06 16:04:51,790 - INFO -   ──────────────────────────────────────────────────────────────────────
2026-08-06 16:04:51,791 - INFO -   📊 Page 69: 10 lignes | 0 nouveaux | 10 ignorés
2026-08-06 16:04:51,791 - INFO -      ⏭️ Raisons: Déjà en base: 1, Non pertinent: 9
2026-08-06 16:04:51,813 - INFO -   ──────────────────────────────────────────────────────────────────────
2026-08-06 16:05:06,401 - INFO - 
──────────────────────────────────────────────────────────────────────────────────────────
2026-08-06 16:05:06,407 - INFO -   📄 PAGE 70/338
2026-08-06 16:05:06,410 - INFO - ──────────────────────────────────────────────────────────────────────────────────────────
2026-08-06 16:05:06,411 - INFO -      Tous ignorés (10 AO)
2026-08-06 16:05:06,412 - INFO -   ──────────────────────────────────────────────────────────────────────
2026-08-06 16:05:06,412 - INFO -   📊 Page 70: 10 lignes | 0 nouveaux | 10 ignorés
2026-08-06 16:05:06,413 - INFO -      ⏭️ Raisons: Non pertinent: 10
2026-08-06 16:05:06,414 - INFO -   ──────────────────────────────────────────────────────────────────────
2026-08-06 16:05:06,416 - INFO - 
  ⏱️  Progression: 70/338 pages | 1 AO | 1 DCE | 16 min

2026-08-06 16:05:19,483 - INFO - 
──────────────────────────────────────────────────────────────────────────────────────────
2026-08-06 16:05:19,484 - INFO -   📄 PAGE 71/338
2026-08-06 16:05:19,485 - INFO - ──────────────────────────────────────────────────────────────────────────────────────────
2026-08-06 16:05:19,486 - INFO -      Tous ignorés (10 AO)
2026-08-06 16:05:19,486 - INFO -   ──────────────────────────────────────────────────────────────────────
2026-08-06 16:05:19,488 - INFO -   📊 Page 71: 10 lignes | 0 nouveaux | 10 ignorés
2026-08-06 16:05:19,488 - INFO -      ⏭️ Raisons: Non pertinent: 10
2026-08-06 16:05:19,490 - INFO -   ──────────────────────────────────────────────────────────────────────
2026-08-06 16:05:32,450 - INFO - 
──────────────────────────────────────────────────────────────────────────────────────────
2026-08-06 16:05:32,451 - INFO -   📄 PAGE 72/338
2026-08-06 16:05:32,451 - INFO - ──────────────────────────────────────────────────────────────────────────────────────────
2026-08-06 16:05:32,452 - INFO -      Tous ignorés (10 AO)
2026-08-06 16:05:32,453 - INFO -   ──────────────────────────────────────────────────────────────────────
2026-08-06 16:05:32,453 - INFO -   📊 Page 72: 10 lignes | 0 nouveaux | 10 ignorés
2026-08-06 16:05:32,454 - INFO -      ⏭️ Raisons: Non pertinent: 10
2026-08-06 16:05:32,454 - INFO -   ──────────────────────────────────────────────────────────────────────
2026-08-06 16:05:46,037 - INFO - 
──────────────────────────────────────────────────────────────────────────────────────────
2026-08-06 16:05:46,046 - INFO -   📄 PAGE 73/338
2026-08-06 16:05:46,047 - INFO - ──────────────────────────────────────────────────────────────────────────────────────────
2026-08-06 16:05:46,047 - INFO -      Tous ignorés (10 AO)
2026-08-06 16:05:46,048 - INFO -   ──────────────────────────────────────────────────────────────────────
2026-08-06 16:05:46,049 - INFO -   📊 Page 73: 10 lignes | 0 nouveaux | 10 ignorés
2026-08-06 16:05:46,049 - INFO -      ⏭️ Raisons: Déjà en base: 3, Non pertinent: 7
2026-08-06 16:05:46,050 - INFO -   ──────────────────────────────────────────────────────────────────────
2026-08-06 16:06:00,026 - INFO - 
──────────────────────────────────────────────────────────────────────────────────────────
2026-08-06 16:06:00,037 - INFO -   📄 PAGE 74/338
2026-08-06 16:06:00,045 - INFO - ──────────────────────────────────────────────────────────────────────────────────────────
2026-08-06 16:06:00,067 - INFO -      Tous ignorés (10 AO)
2026-08-06 16:06:00,068 - INFO -   ──────────────────────────────────────────────────────────────────────
2026-08-06 16:06:00,069 - INFO -   📊 Page 74: 10 lignes | 0 nouveaux | 10 ignorés
2026-08-06 16:06:00,071 - INFO -      ⏭️ Raisons: Déjà en base: 1, Non pertinent: 9
2026-08-06 16:06:00,072 - INFO -   ──────────────────────────────────────────────────────────────────────
2026-08-06 16:06:13,741 - INFO - 
──────────────────────────────────────────────────────────────────────────────────────────
2026-08-06 16:06:13,742 - INFO -   📄 PAGE 75/338
2026-08-06 16:06:13,742 - INFO - ──────────────────────────────────────────────────────────────────────────────────────────
2026-08-06 16:06:13,743 - INFO -      Tous ignorés (10 AO)
2026-08-06 16:06:13,744 - INFO -   ──────────────────────────────────────────────────────────────────────
2026-08-06 16:06:13,744 - INFO -   📊 Page 75: 10 lignes | 0 nouveaux | 10 ignorés
2026-08-06 16:06:13,745 - INFO -      ⏭️ Raisons: Déjà en base: 1, Non pertinent: 9
2026-08-06 16:06:13,745 - INFO -   ──────────────────────────────────────────────────────────────────────
2026-08-06 16:06:26,811 - INFO - 
──────────────────────────────────────────────────────────────────────────────────────────
2026-08-06 16:06:26,812 - INFO -   📄 PAGE 76/338
2026-08-06 16:06:26,813 - INFO - ──────────────────────────────────────────────────────────────────────────────────────────
2026-08-06 16:06:26,814 - INFO -      Tous ignorés (10 AO)
2026-08-06 16:06:26,814 - INFO -   ──────────────────────────────────────────────────────────────────────
2026-08-06 16:06:26,815 - INFO -   📊 Page 76: 10 lignes | 0 nouveaux | 10 ignorés
2026-08-06 16:06:26,816 - INFO -      ⏭️ Raisons: Déjà en base: 1, Non pertinent: 9
2026-08-06 16:06:26,821 - INFO -   ──────────────────────────────────────────────────────────────────────
2026-08-06 16:06:39,918 - INFO - 
──────────────────────────────────────────────────────────────────────────────────────────
2026-08-06 16:06:39,919 - INFO -   📄 PAGE 77/338
2026-08-06 16:06:39,920 - INFO - ──────────────────────────────────────────────────────────────────────────────────────────
2026-08-06 16:06:39,920 - INFO -      Tous ignorés (10 AO)
2026-08-06 16:06:39,921 - INFO -   ──────────────────────────────────────────────────────────────────────
2026-08-06 16:06:39,922 - INFO -   📊 Page 77: 10 lignes | 0 nouveaux | 10 ignorés
2026-08-06 16:06:39,922 - INFO -      ⏭️ Raisons: Non pertinent: 10
2026-08-06 16:06:39,923 - INFO -   ──────────────────────────────────────────────────────────────────────
2026-08-06 16:06:52,886 - INFO - 
──────────────────────────────────────────────────────────────────────────────────────────
2026-08-06 16:06:52,887 - INFO -   📄 PAGE 78/338
2026-08-06 16:06:52,887 - INFO - ──────────────────────────────────────────────────────────────────────────────────────────
2026-08-06 16:06:52,888 - INFO -      Tous ignorés (10 AO)
2026-08-06 16:06:52,889 - INFO -   ──────────────────────────────────────────────────────────────────────
2026-08-06 16:06:52,890 - INFO -   📊 Page 78: 10 lignes | 0 nouveaux | 10 ignorés
2026-08-06 16:06:52,891 - INFO -      ⏭️ Raisons: Non pertinent: 10
2026-08-06 16:06:52,898 - INFO -   ──────────────────────────────────────────────────────────────────────
2026-08-06 16:07:06,227 - INFO - 
──────────────────────────────────────────────────────────────────────────────────────────
2026-08-06 16:07:06,228 - INFO -   📄 PAGE 79/338
2026-08-06 16:07:06,230 - INFO - ──────────────────────────────────────────────────────────────────────────────────────────
2026-08-06 16:07:06,232 - INFO -      Tous ignorés (10 AO)
2026-08-06 16:07:06,233 - INFO -   ──────────────────────────────────────────────────────────────────────
2026-08-06 16:07:06,234 - INFO -   📊 Page 79: 10 lignes | 0 nouveaux | 10 ignorés
2026-08-06 16:07:06,250 - INFO -      ⏭️ Raisons: Déjà en base: 4, Non pertinent: 6
2026-08-06 16:07:06,251 - INFO -   ──────────────────────────────────────────────────────────────────────
2026-08-06 16:07:20,976 - INFO - 
──────────────────────────────────────────────────────────────────────────────────────────
2026-08-06 16:07:20,978 - INFO -   📄 PAGE 80/338
2026-08-06 16:07:20,978 - INFO - ──────────────────────────────────────────────────────────────────────────────────────────
2026-08-06 16:07:20,979 - INFO -      Tous ignorés (10 AO)
2026-08-06 16:07:20,980 - INFO -   ──────────────────────────────────────────────────────────────────────
2026-08-06 16:07:20,981 - INFO -   📊 Page 80: 10 lignes | 0 nouveaux | 10 ignorés
2026-08-06 16:07:20,982 - INFO -      ⏭️ Raisons: Non pertinent: 10
2026-08-06 16:07:20,982 - INFO -   ──────────────────────────────────────────────────────────────────────
2026-08-06 16:07:20,984 - INFO - 
  ⏱️  Progression: 80/338 pages | 1 AO | 1 DCE | 18 min

2026-08-06 16:07:33,844 - INFO - 
──────────────────────────────────────────────────────────────────────────────────────────
2026-08-06 16:07:33,845 - INFO -   📄 PAGE 81/338
2026-08-06 16:07:33,845 - INFO - ──────────────────────────────────────────────────────────────────────────────────────────
2026-08-06 16:07:33,846 - INFO -      Tous ignorés (10 AO)
2026-08-06 16:07:33,847 - INFO -   ──────────────────────────────────────────────────────────────────────
2026-08-06 16:07:33,847 - INFO -   📊 Page 81: 10 lignes | 0 nouveaux | 10 ignorés
2026-08-06 16:07:33,848 - INFO -      ⏭️ Raisons: Non pertinent: 10
2026-08-06 16:07:33,849 - INFO -   ──────────────────────────────────────────────────────────────────────
2026-08-06 16:07:46,633 - INFO - 
──────────────────────────────────────────────────────────────────────────────────────────
2026-08-06 16:07:46,634 - INFO -   📄 PAGE 82/338
2026-08-06 16:07:46,635 - INFO - ──────────────────────────────────────────────────────────────────────────────────────────
2026-08-06 16:07:46,635 - INFO -      Tous ignorés (10 AO)
2026-08-06 16:07:46,636 - INFO -   ──────────────────────────────────────────────────────────────────────
2026-08-06 16:07:46,637 - INFO -   📊 Page 82: 10 lignes | 0 nouveaux | 10 ignorés
2026-08-06 16:07:46,651 - INFO -      ⏭️ Raisons: Déjà en base: 1, Non pertinent: 9
2026-08-06 16:07:46,657 - INFO -   ──────────────────────────────────────────────────────────────────────
2026-08-06 16:08:00,133 - INFO - 
──────────────────────────────────────────────────────────────────────────────────────────
2026-08-06 16:08:00,137 - INFO -   📄 PAGE 83/338
2026-08-06 16:08:00,138 - INFO - ──────────────────────────────────────────────────────────────────────────────────────────
2026-08-06 16:08:00,140 - INFO -      Tous ignorés (10 AO)
2026-08-06 16:08:00,141 - INFO -   ──────────────────────────────────────────────────────────────────────
2026-08-06 16:08:00,148 - INFO -   📊 Page 83: 10 lignes | 0 nouveaux | 10 ignorés
2026-08-06 16:08:00,149 - INFO -      ⏭️ Raisons: Non pertinent: 10
2026-08-06 16:08:00,150 - INFO -   ──────────────────────────────────────────────────────────────────────
2026-08-06 16:08:13,819 - INFO - 
──────────────────────────────────────────────────────────────────────────────────────────
2026-08-06 16:08:13,820 - INFO -   📄 PAGE 84/338
2026-08-06 16:08:13,820 - INFO - ──────────────────────────────────────────────────────────────────────────────────────────
2026-08-06 16:08:13,821 - INFO -      Tous ignorés (10 AO)
2026-08-06 16:08:13,822 - INFO -   ──────────────────────────────────────────────────────────────────────
2026-08-06 16:08:13,823 - INFO -   📊 Page 84: 10 lignes | 0 nouveaux | 10 ignorés
2026-08-06 16:08:13,826 - INFO -      ⏭️ Raisons: Non pertinent: 10
2026-08-06 16:08:13,860 - INFO -   ──────────────────────────────────────────────────────────────────────
2026-08-06 16:08:27,350 - INFO - 
──────────────────────────────────────────────────────────────────────────────────────────
2026-08-06 16:08:27,352 - INFO -   📄 PAGE 85/338
2026-08-06 16:08:27,352 - INFO - ──────────────────────────────────────────────────────────────────────────────────────────
2026-08-06 16:08:27,353 - INFO -      Tous ignorés (10 AO)
2026-08-06 16:08:27,354 - INFO -   ──────────────────────────────────────────────────────────────────────
2026-08-06 16:08:27,354 - INFO -   📊 Page 85: 10 lignes | 0 nouveaux | 10 ignorés
2026-08-06 16:08:27,355 - INFO -      ⏭️ Raisons: Déjà en base: 2, Non pertinent: 8
2026-08-06 16:08:27,357 - INFO -   ──────────────────────────────────────────────────────────────────────
2026-08-06 16:08:40,278 - INFO - 
──────────────────────────────────────────────────────────────────────────────────────────
2026-08-06 16:08:40,279 - INFO -   📄 PAGE 86/338
2026-08-06 16:08:40,279 - INFO - ──────────────────────────────────────────────────────────────────────────────────────────
2026-08-06 16:08:40,280 - INFO -      Tous ignorés (10 AO)
2026-08-06 16:08:40,281 - INFO -   ──────────────────────────────────────────────────────────────────────
2026-08-06 16:08:40,282 - INFO -   📊 Page 86: 10 lignes | 0 nouveaux | 10 ignorés
2026-08-06 16:08:40,283 - INFO -      ⏭️ Raisons: Non pertinent: 10
2026-08-06 16:08:40,285 - INFO -   ──────────────────────────────────────────────────────────────────────
2026-08-06 16:08:54,150 - INFO - 
──────────────────────────────────────────────────────────────────────────────────────────
2026-08-06 16:08:54,151 - INFO -   📄 PAGE 87/338
2026-08-06 16:08:54,152 - INFO - ──────────────────────────────────────────────────────────────────────────────────────────
2026-08-06 16:08:54,153 - INFO -      Tous ignorés (10 AO)
2026-08-06 16:08:54,154 - INFO -   ──────────────────────────────────────────────────────────────────────
2026-08-06 16:08:54,155 - INFO -   📊 Page 87: 10 lignes | 0 nouveaux | 10 ignorés
2026-08-06 16:08:54,156 - INFO -      ⏭️ Raisons: Déjà en base: 3, Non pertinent: 7
2026-08-06 16:08:54,156 - INFO -   ──────────────────────────────────────────────────────────────────────
2026-08-06 16:09:07,125 - INFO - 
──────────────────────────────────────────────────────────────────────────────────────────
2026-08-06 16:09:07,126 - INFO -   📄 PAGE 88/338
2026-08-06 16:09:07,127 - INFO - ──────────────────────────────────────────────────────────────────────────────────────────
2026-08-06 16:09:07,127 - INFO -      Tous ignorés (10 AO)
2026-08-06 16:09:07,129 - INFO -   ──────────────────────────────────────────────────────────────────────
2026-08-06 16:09:07,129 - INFO -   📊 Page 88: 10 lignes | 0 nouveaux | 10 ignorés
2026-08-06 16:09:07,130 - INFO -      ⏭️ Raisons: Déjà en base: 1, Non pertinent: 9
2026-08-06 16:09:07,133 - INFO -   ──────────────────────────────────────────────────────────────────────
2026-08-06 16:09:20,060 - INFO - 
──────────────────────────────────────────────────────────────────────────────────────────
2026-08-06 16:09:20,061 - INFO -   📄 PAGE 89/338
2026-08-06 16:09:20,062 - INFO - ──────────────────────────────────────────────────────────────────────────────────────────
2026-08-06 16:09:20,062 - INFO -      Tous ignorés (10 AO)
2026-08-06 16:09:20,063 - INFO -   ──────────────────────────────────────────────────────────────────────
2026-08-06 16:09:20,064 - INFO -   📊 Page 89: 10 lignes | 0 nouveaux | 10 ignorés
2026-08-06 16:09:20,064 - INFO -      ⏭️ Raisons: Non pertinent: 10
2026-08-06 16:09:20,065 - INFO -   ──────────────────────────────────────────────────────────────────────
2026-08-06 16:09:33,811 - INFO - 
──────────────────────────────────────────────────────────────────────────────────────────
2026-08-06 16:09:33,813 - INFO -   📄 PAGE 90/338
2026-08-06 16:09:33,816 - INFO - ──────────────────────────────────────────────────────────────────────────────────────────
2026-08-06 16:09:33,819 - INFO -      Tous ignorés (10 AO)
2026-08-06 16:09:33,820 - INFO -   ──────────────────────────────────────────────────────────────────────
2026-08-06 16:09:33,822 - INFO -   📊 Page 90: 10 lignes | 0 nouveaux | 10 ignorés
2026-08-06 16:09:33,824 - INFO -      ⏭️ Raisons: Non pertinent: 10
2026-08-06 16:09:33,825 - INFO -   ──────────────────────────────────────────────────────────────────────
2026-08-06 16:09:33,825 - INFO - 
  ⏱️  Progression: 90/338 pages | 1 AO | 1 DCE | 21 min

2026-08-06 16:09:46,804 - INFO - 
──────────────────────────────────────────────────────────────────────────────────────────
2026-08-06 16:09:46,805 - INFO -   📄 PAGE 91/338
2026-08-06 16:09:46,805 - INFO - ──────────────────────────────────────────────────────────────────────────────────────────
2026-08-06 16:10:35,834 - INFO -   #2    📋 Impression des factures consommations Eau Potable et Electricité MT de la S ⭐  22%  ⏰ 26j      📥 📦 Avis, RC
2026-08-06 16:10:35,835 - INFO -   ──────────────────────────────────────────────────────────────────────
2026-08-06 16:10:35,837 - INFO -   📊 Page 91: 10 lignes | 1 nouveaux | 9 ignorés
2026-08-06 16:10:35,838 - INFO -      ⏭️ Raisons: Non pertinent: 9
2026-08-06 16:10:35,839 - INFO -   ──────────────────────────────────────────────────────────────────────
2026-08-06 16:10:48,754 - INFO - 
──────────────────────────────────────────────────────────────────────────────────────────
2026-08-06 16:10:48,755 - INFO -   📄 PAGE 92/338
2026-08-06 16:10:48,756 - INFO - ──────────────────────────────────────────────────────────────────────────────────────────
2026-08-06 16:10:48,756 - INFO -      Tous ignorés (10 AO)
2026-08-06 16:10:48,757 - INFO -   ──────────────────────────────────────────────────────────────────────
2026-08-06 16:10:48,758 - INFO -   📊 Page 92: 10 lignes | 0 nouveaux | 10 ignorés
2026-08-06 16:10:48,758 - INFO -      ⏭️ Raisons: Non pertinent: 10
2026-08-06 16:10:48,759 - INFO -   ──────────────────────────────────────────────────────────────────────
2026-08-06 16:11:01,677 - INFO - 
──────────────────────────────────────────────────────────────────────────────────────────
2026-08-06 16:11:01,678 - INFO -   📄 PAGE 93/338
2026-08-06 16:11:01,678 - INFO - ──────────────────────────────────────────────────────────────────────────────────────────
2026-08-06 16:11:01,679 - INFO -      Tous ignorés (10 AO)
2026-08-06 16:11:01,680 - INFO -   ──────────────────────────────────────────────────────────────────────
2026-08-06 16:11:01,680 - INFO -   📊 Page 93: 10 lignes | 0 nouveaux | 10 ignorés
2026-08-06 16:11:01,681 - INFO -      ⏭️ Raisons: Déjà en base: 2, Non pertinent: 8
2026-08-06 16:11:01,681 - INFO -   ──────────────────────────────────────────────────────────────────────
2026-08-06 16:11:15,205 - INFO - 
──────────────────────────────────────────────────────────────────────────────────────────
2026-08-06 16:11:15,206 - INFO -   📄 PAGE 94/338
2026-08-06 16:11:15,207 - INFO - ──────────────────────────────────────────────────────────────────────────────────────────
2026-08-06 16:11:15,207 - INFO -      Tous ignorés (10 AO)
2026-08-06 16:11:15,208 - INFO -   ──────────────────────────────────────────────────────────────────────
2026-08-06 16:11:15,208 - INFO -   📊 Page 94: 10 lignes | 0 nouveaux | 10 ignorés
2026-08-06 16:11:15,209 - INFO -      ⏭️ Raisons: Non pertinent: 10
2026-08-06 16:11:15,210 - INFO -   ──────────────────────────────────────────────────────────────────────
2026-08-06 16:11:28,140 - INFO - 
──────────────────────────────────────────────────────────────────────────────────────────
2026-08-06 16:11:28,141 - INFO -   📄 PAGE 95/338
2026-08-06 16:11:28,141 - INFO - ──────────────────────────────────────────────────────────────────────────────────────────
2026-08-06 16:11:28,142 - INFO -      Tous ignorés (10 AO)
2026-08-06 16:11:28,143 - INFO -   ──────────────────────────────────────────────────────────────────────
2026-08-06 16:11:28,143 - INFO -   📊 Page 95: 10 lignes | 0 nouveaux | 10 ignorés
2026-08-06 16:11:28,144 - INFO -      ⏭️ Raisons: Déjà en base: 4, Non pertinent: 6
2026-08-06 16:11:28,145 - INFO -   ──────────────────────────────────────────────────────────────────────
2026-08-06 16:11:41,073 - INFO - 
──────────────────────────────────────────────────────────────────────────────────────────
2026-08-06 16:11:41,074 - INFO -   📄 PAGE 96/338
2026-08-06 16:11:41,074 - INFO - ──────────────────────────────────────────────────────────────────────────────────────────
2026-08-06 16:11:41,075 - INFO -      Tous ignorés (10 AO)
2026-08-06 16:11:41,076 - INFO -   ──────────────────────────────────────────────────────────────────────
2026-08-06 16:11:41,077 - INFO -   📊 Page 96: 10 lignes | 0 nouveaux | 10 ignorés
2026-08-06 16:11:41,077 - INFO -      ⏭️ Raisons: Déjà en base: 1, Non pertinent: 9
2026-08-06 16:11:41,078 - INFO -   ──────────────────────────────────────────────────────────────────────
2026-08-06 16:11:54,029 - INFO - 
──────────────────────────────────────────────────────────────────────────────────────────
2026-08-06 16:11:54,030 - INFO -   📄 PAGE 97/338
2026-08-06 16:11:54,030 - INFO - ──────────────────────────────────────────────────────────────────────────────────────────
2026-08-06 16:11:54,031 - INFO -      Tous ignorés (10 AO)
2026-08-06 16:11:54,031 - INFO -   ──────────────────────────────────────────────────────────────────────
2026-08-06 16:11:54,032 - INFO -   📊 Page 97: 10 lignes | 0 nouveaux | 10 ignorés
2026-08-06 16:11:54,033 - INFO -      ⏭️ Raisons: Non pertinent: 10
2026-08-06 16:11:54,033 - INFO -   ──────────────────────────────────────────────────────────────────────
2026-08-06 16:12:07,651 - INFO - 
──────────────────────────────────────────────────────────────────────────────────────────
2026-08-06 16:12:07,652 - INFO -   📄 PAGE 98/338
2026-08-06 16:12:07,652 - INFO - ──────────────────────────────────────────────────────────────────────────────────────────
2026-08-06 16:12:07,653 - INFO -      Tous ignorés (10 AO)
2026-08-06 16:12:07,653 - INFO -   ──────────────────────────────────────────────────────────────────────
2026-08-06 16:12:07,654 - INFO -   📊 Page 98: 10 lignes | 0 nouveaux | 10 ignorés
2026-08-06 16:12:07,655 - INFO -      ⏭️ Raisons: Non pertinent: 10
2026-08-06 16:12:07,656 - INFO -   ──────────────────────────────────────────────────────────────────────
2026-08-06 16:12:20,570 - INFO - 
──────────────────────────────────────────────────────────────────────────────────────────
2026-08-06 16:12:20,571 - INFO -   📄 PAGE 99/338
2026-08-06 16:12:20,572 - INFO - ──────────────────────────────────────────────────────────────────────────────────────────
2026-08-06 16:12:20,572 - INFO -      Tous ignorés (10 AO)
2026-08-06 16:12:20,573 - INFO -   ──────────────────────────────────────────────────────────────────────
2026-08-06 16:12:20,574 - INFO -   📊 Page 99: 10 lignes | 0 nouveaux | 10 ignorés
2026-08-06 16:12:20,575 - INFO -      ⏭️ Raisons: Déjà en base: 1, Non pertinent: 9
2026-08-06 16:12:20,575 - INFO -   ──────────────────────────────────────────────────────────────────────
2026-08-06 16:12:33,458 - INFO - 
──────────────────────────────────────────────────────────────────────────────────────────
2026-08-06 16:12:33,459 - INFO -   📄 PAGE 100/338
2026-08-06 16:12:33,459 - INFO - ──────────────────────────────────────────────────────────────────────────────────────────
2026-08-06 16:12:33,460 - INFO -      Tous ignorés (10 AO)
2026-08-06 16:12:33,461 - INFO -   ──────────────────────────────────────────────────────────────────────
2026-08-06 16:12:33,461 - INFO -   📊 Page 100: 10 lignes | 0 nouveaux | 10 ignorés
2026-08-06 16:12:33,462 - INFO -      ⏭️ Raisons: Non pertinent: 10
2026-08-06 16:12:33,463 - INFO -   ──────────────────────────────────────────────────────────────────────
2026-08-06 16:12:33,463 - INFO - 
  ⏱️  Progression: 100/338 pages | 2 AO | 2 DCE | 24 min

2026-08-06 16:12:46,564 - INFO - 
──────────────────────────────────────────────────────────────────────────────────────────
2026-08-06 16:12:46,565 - INFO -   📄 PAGE 101/338
2026-08-06 16:12:46,566 - INFO - ──────────────────────────────────────────────────────────────────────────────────────────
2026-08-06 16:12:46,567 - INFO -      Tous ignorés (10 AO)
2026-08-06 16:12:46,567 - INFO -   ──────────────────────────────────────────────────────────────────────
2026-08-06 16:12:46,568 - INFO -   📊 Page 101: 10 lignes | 0 nouveaux | 10 ignorés
2026-08-06 16:12:46,568 - INFO -      ⏭️ Raisons: Déjà en base: 1, Non pertinent: 9
2026-08-06 16:12:46,569 - INFO -   ──────────────────────────────────────────────────────────────────────
2026-08-06 16:13:00,108 - INFO - 
──────────────────────────────────────────────────────────────────────────────────────────
2026-08-06 16:13:00,109 - INFO -   📄 PAGE 102/338
2026-08-06 16:13:00,110 - INFO - ──────────────────────────────────────────────────────────────────────────────────────────
2026-08-06 16:13:00,110 - INFO -      Tous ignorés (10 AO)
2026-08-06 16:13:00,111 - INFO -   ──────────────────────────────────────────────────────────────────────
2026-08-06 16:13:00,112 - INFO -   📊 Page 102: 10 lignes | 0 nouveaux | 10 ignorés
2026-08-06 16:13:00,112 - INFO -      ⏭️ Raisons: Déjà en base: 1, Non pertinent: 9
2026-08-06 16:13:00,113 - INFO -   ──────────────────────────────────────────────────────────────────────
2026-08-06 16:13:13,738 - INFO - 
──────────────────────────────────────────────────────────────────────────────────────────
2026-08-06 16:13:13,739 - INFO -   📄 PAGE 103/338
2026-08-06 16:13:13,739 - INFO - ──────────────────────────────────────────────────────────────────────────────────────────
2026-08-06 16:13:13,740 - INFO -      Tous ignorés (10 AO)
2026-08-06 16:13:13,740 - INFO -   ──────────────────────────────────────────────────────────────────────
2026-08-06 16:13:13,741 - INFO -   📊 Page 103: 10 lignes | 0 nouveaux | 10 ignorés
2026-08-06 16:13:13,741 - INFO -      ⏭️ Raisons: Non pertinent: 10
2026-08-06 16:13:13,742 - INFO -   ──────────────────────────────────────────────────────────────────────
2026-08-06 16:13:27,003 - INFO - 
──────────────────────────────────────────────────────────────────────────────────────────
2026-08-06 16:13:27,004 - INFO -   📄 PAGE 104/338
2026-08-06 16:13:27,005 - INFO - ──────────────────────────────────────────────────────────────────────────────────────────
2026-08-06 16:13:27,005 - INFO -      Tous ignorés (10 AO)
2026-08-06 16:13:27,006 - INFO -   ──────────────────────────────────────────────────────────────────────
2026-08-06 16:13:27,007 - INFO -   📊 Page 104: 10 lignes | 0 nouveaux | 10 ignorés
2026-08-06 16:13:27,007 - INFO -      ⏭️ Raisons: Déjà en base: 1, Non pertinent: 9
2026-08-06 16:13:27,008 - INFO -   ──────────────────────────────────────────────────────────────────────
2026-08-06 16:13:40,398 - INFO - 
──────────────────────────────────────────────────────────────────────────────────────────
2026-08-06 16:13:40,399 - INFO -   📄 PAGE 105/338
2026-08-06 16:13:40,400 - INFO - ──────────────────────────────────────────────────────────────────────────────────────────
2026-08-06 16:13:40,400 - INFO -      Tous ignorés (10 AO)
2026-08-06 16:13:40,401 - INFO -   ──────────────────────────────────────────────────────────────────────
2026-08-06 16:13:40,402 - INFO -   📊 Page 105: 10 lignes | 0 nouveaux | 10 ignorés
2026-08-06 16:13:40,402 - INFO -      ⏭️ Raisons: Déjà en base: 3, Non pertinent: 7
2026-08-06 16:13:40,403 - INFO -   ──────────────────────────────────────────────────────────────────────
2026-08-06 16:13:55,100 - INFO - 
──────────────────────────────────────────────────────────────────────────────────────────
2026-08-06 16:13:55,101 - INFO -   📄 PAGE 106/338
2026-08-06 16:13:55,102 - INFO - ──────────────────────────────────────────────────────────────────────────────────────────
2026-08-06 16:13:55,102 - INFO -      Tous ignorés (10 AO)
2026-08-06 16:13:55,103 - INFO -   ──────────────────────────────────────────────────────────────────────
2026-08-06 16:13:55,104 - INFO -   📊 Page 106: 10 lignes | 0 nouveaux | 10 ignorés
2026-08-06 16:13:55,104 - INFO -      ⏭️ Raisons: Déjà en base: 2, Non pertinent: 8
2026-08-06 16:13:55,105 - INFO -   ──────────────────────────────────────────────────────────────────────
2026-08-06 16:14:08,748 - INFO - 
──────────────────────────────────────────────────────────────────────────────────────────
2026-08-06 16:14:08,748 - INFO -   📄 PAGE 107/338
2026-08-06 16:14:08,749 - INFO - ──────────────────────────────────────────────────────────────────────────────────────────
2026-08-06 16:14:08,750 - INFO -      Tous ignorés (10 AO)
2026-08-06 16:14:08,750 - INFO -   ──────────────────────────────────────────────────────────────────────
2026-08-06 16:14:08,751 - INFO -   📊 Page 107: 10 lignes | 0 nouveaux | 10 ignorés
2026-08-06 16:14:08,752 - INFO -      ⏭️ Raisons: Non pertinent: 10
2026-08-06 16:14:08,752 - INFO -   ──────────────────────────────────────────────────────────────────────
2026-08-06 16:14:22,376 - INFO - 
──────────────────────────────────────────────────────────────────────────────────────────
2026-08-06 16:14:22,377 - INFO -   📄 PAGE 108/338
2026-08-06 16:14:22,378 - INFO - ──────────────────────────────────────────────────────────────────────────────────────────
2026-08-06 16:14:22,378 - INFO -      Tous ignorés (10 AO)
2026-08-06 16:14:22,379 - INFO -   ──────────────────────────────────────────────────────────────────────
2026-08-06 16:14:22,379 - INFO -   📊 Page 108: 10 lignes | 0 nouveaux | 10 ignorés
2026-08-06 16:14:22,380 - INFO -      ⏭️ Raisons: Déjà en base: 1, Non pertinent: 9
2026-08-06 16:14:22,381 - INFO -   ──────────────────────────────────────────────────────────────────────
2026-08-06 16:14:35,430 - INFO - 
──────────────────────────────────────────────────────────────────────────────────────────
2026-08-06 16:14:35,431 - INFO -   📄 PAGE 109/338
2026-08-06 16:14:35,432 - INFO - ──────────────────────────────────────────────────────────────────────────────────────────
2026-08-06 16:14:35,433 - INFO -      Tous ignorés (10 AO)
2026-08-06 16:14:35,433 - INFO -   ──────────────────────────────────────────────────────────────────────
2026-08-06 16:14:35,434 - INFO -   📊 Page 109: 10 lignes | 0 nouveaux | 10 ignorés
2026-08-06 16:14:35,435 - INFO -      ⏭️ Raisons: Non pertinent: 10
2026-08-06 16:14:35,435 - INFO -   ──────────────────────────────────────────────────────────────────────
2026-08-06 16:14:48,563 - INFO - 
──────────────────────────────────────────────────────────────────────────────────────────
2026-08-06 16:14:48,564 - INFO -   📄 PAGE 110/338
2026-08-06 16:14:48,565 - INFO - ──────────────────────────────────────────────────────────────────────────────────────────
2026-08-06 16:14:48,566 - INFO -      Tous ignorés (10 AO)
2026-08-06 16:14:48,567 - INFO -   ──────────────────────────────────────────────────────────────────────
2026-08-06 16:14:48,567 - INFO -   📊 Page 110: 10 lignes | 0 nouveaux | 10 ignorés
2026-08-06 16:14:48,568 - INFO -      ⏭️ Raisons: Déjà en base: 2, Non pertinent: 8
2026-08-06 16:14:48,568 - INFO -   ──────────────────────────────────────────────────────────────────────
2026-08-06 16:14:48,569 - INFO - 
  ⏱️  Progression: 110/338 pages | 2 AO | 2 DCE | 26 min

2026-08-06 16:15:01,568 - INFO - 
──────────────────────────────────────────────────────────────────────────────────────────
2026-08-06 16:15:01,569 - INFO -   📄 PAGE 111/338
2026-08-06 16:15:01,569 - INFO - ──────────────────────────────────────────────────────────────────────────────────────────
2026-08-06 16:15:01,570 - INFO -      Tous ignorés (10 AO)
2026-08-06 16:15:01,571 - INFO -   ──────────────────────────────────────────────────────────────────────
2026-08-06 16:15:01,571 - INFO -   📊 Page 111: 10 lignes | 0 nouveaux | 10 ignorés
2026-08-06 16:15:01,572 - INFO -      ⏭️ Raisons: Déjà en base: 1, Non pertinent: 9
2026-08-06 16:15:01,572 - INFO -   ──────────────────────────────────────────────────────────────────────
2026-08-06 16:15:14,827 - INFO - 
──────────────────────────────────────────────────────────────────────────────────────────
2026-08-06 16:15:14,828 - INFO -   📄 PAGE 112/338
2026-08-06 16:15:14,829 - INFO - ──────────────────────────────────────────────────────────────────────────────────────────
2026-08-06 16:15:14,829 - INFO -      Tous ignorés (10 AO)
2026-08-06 16:15:14,830 - INFO -   ──────────────────────────────────────────────────────────────────────
2026-08-06 16:15:14,831 - INFO -   📊 Page 112: 10 lignes | 0 nouveaux | 10 ignorés
2026-08-06 16:15:14,832 - INFO -      ⏭️ Raisons: Déjà en base: 9, Non pertinent: 1
2026-08-06 16:15:14,833 - INFO -   ──────────────────────────────────────────────────────────────────────
2026-08-06 16:15:28,014 - INFO - 
──────────────────────────────────────────────────────────────────────────────────────────
2026-08-06 16:15:28,015 - INFO -   📄 PAGE 113/338
2026-08-06 16:15:28,016 - INFO - ──────────────────────────────────────────────────────────────────────────────────────────
2026-08-06 16:15:28,016 - INFO -      Tous ignorés (10 AO)
2026-08-06 16:15:28,017 - INFO -   ──────────────────────────────────────────────────────────────────────
2026-08-06 16:15:28,017 - INFO -   📊 Page 113: 10 lignes | 0 nouveaux | 10 ignorés
2026-08-06 16:15:28,018 - INFO -      ⏭️ Raisons: Déjà en base: 2, Non pertinent: 8
2026-08-06 16:15:28,018 - INFO -   ──────────────────────────────────────────────────────────────────────
2026-08-06 16:15:41,134 - INFO - 
──────────────────────────────────────────────────────────────────────────────────────────
2026-08-06 16:15:41,135 - INFO -   📄 PAGE 114/338
2026-08-06 16:15:41,136 - INFO - ──────────────────────────────────────────────────────────────────────────────────────────
2026-08-06 16:15:41,137 - INFO -      Tous ignorés (10 AO)
2026-08-06 16:15:41,138 - INFO -   ──────────────────────────────────────────────────────────────────────
2026-08-06 16:15:41,138 - INFO -   📊 Page 114: 10 lignes | 0 nouveaux | 10 ignorés
2026-08-06 16:15:41,139 - INFO -      ⏭️ Raisons: Déjà en base: 1, Non pertinent: 9
2026-08-06 16:15:41,141 - INFO -   ──────────────────────────────────────────────────────────────────────
2026-08-06 16:15:54,515 - INFO - 
──────────────────────────────────────────────────────────────────────────────────────────
2026-08-06 16:15:54,516 - INFO -   📄 PAGE 115/338
2026-08-06 16:15:54,516 - INFO - ──────────────────────────────────────────────────────────────────────────────────────────
2026-08-06 16:15:54,517 - INFO -      Tous ignorés (10 AO)
2026-08-06 16:15:54,517 - INFO -   ──────────────────────────────────────────────────────────────────────
2026-08-06 16:15:54,518 - INFO -   📊 Page 115: 10 lignes | 0 nouveaux | 10 ignorés
2026-08-06 16:15:54,519 - INFO -      ⏭️ Raisons: Non pertinent: 10
2026-08-06 16:15:54,519 - INFO -   ──────────────────────────────────────────────────────────────────────
2026-08-06 16:16:07,592 - INFO - 
──────────────────────────────────────────────────────────────────────────────────────────
2026-08-06 16:16:07,592 - INFO -   📄 PAGE 116/338
2026-08-06 16:16:07,593 - INFO - ──────────────────────────────────────────────────────────────────────────────────────────
2026-08-06 16:16:07,594 - INFO -      Tous ignorés (10 AO)
2026-08-06 16:16:07,594 - INFO -   ──────────────────────────────────────────────────────────────────────
2026-08-06 16:16:07,595 - INFO -   📊 Page 116: 10 lignes | 0 nouveaux | 10 ignorés
2026-08-06 16:16:07,596 - INFO -      ⏭️ Raisons: Déjà en base: 6, Non pertinent: 4
2026-08-06 16:16:07,596 - INFO -   ──────────────────────────────────────────────────────────────────────
2026-08-06 16:16:20,544 - INFO - 
──────────────────────────────────────────────────────────────────────────────────────────
2026-08-06 16:16:20,545 - INFO -   📄 PAGE 117/338
2026-08-06 16:16:20,546 - INFO - ──────────────────────────────────────────────────────────────────────────────────────────
2026-08-06 16:16:20,546 - INFO -      Tous ignorés (10 AO)
2026-08-06 16:16:20,547 - INFO -   ──────────────────────────────────────────────────────────────────────
2026-08-06 16:16:20,547 - INFO -   📊 Page 117: 10 lignes | 0 nouveaux | 10 ignorés
2026-08-06 16:16:20,548 - INFO -      ⏭️ Raisons: Déjà en base: 6, Non pertinent: 4
2026-08-06 16:16:20,549 - INFO -   ──────────────────────────────────────────────────────────────────────
2026-08-06 16:16:33,665 - INFO - 
──────────────────────────────────────────────────────────────────────────────────────────
2026-08-06 16:16:33,666 - INFO -   📄 PAGE 118/338
2026-08-06 16:16:33,666 - INFO - ──────────────────────────────────────────────────────────────────────────────────────────
2026-08-06 16:16:33,667 - INFO -      Tous ignorés (10 AO)
2026-08-06 16:16:33,668 - INFO -   ──────────────────────────────────────────────────────────────────────
2026-08-06 16:16:33,668 - INFO -   📊 Page 118: 10 lignes | 0 nouveaux | 10 ignorés
2026-08-06 16:16:33,669 - INFO -      ⏭️ Raisons: Déjà en base: 1, Non pertinent: 9
2026-08-06 16:16:33,669 - INFO -   ──────────────────────────────────────────────────────────────────────
2026-08-06 16:16:46,643 - INFO - 
──────────────────────────────────────────────────────────────────────────────────────────
2026-08-06 16:16:46,644 - INFO -   📄 PAGE 119/338
2026-08-06 16:16:46,644 - INFO - ──────────────────────────────────────────────────────────────────────────────────────────
2026-08-06 16:16:46,645 - INFO -      Tous ignorés (10 AO)
2026-08-06 16:16:46,646 - INFO -   ──────────────────────────────────────────────────────────────────────
2026-08-06 16:16:46,646 - INFO -   📊 Page 119: 10 lignes | 0 nouveaux | 10 ignorés
2026-08-06 16:16:46,647 - INFO -      ⏭️ Raisons: Non pertinent: 10
2026-08-06 16:16:46,647 - INFO -   ──────────────────────────────────────────────────────────────────────
2026-08-06 16:17:00,648 - INFO - 
──────────────────────────────────────────────────────────────────────────────────────────
2026-08-06 16:17:00,649 - INFO -   📄 PAGE 120/338
2026-08-06 16:17:00,650 - INFO - ──────────────────────────────────────────────────────────────────────────────────────────
2026-08-06 16:17:00,651 - INFO -      Tous ignorés (10 AO)
2026-08-06 16:17:00,651 - INFO -   ──────────────────────────────────────────────────────────────────────
2026-08-06 16:17:00,652 - INFO -   📊 Page 120: 10 lignes | 0 nouveaux | 10 ignorés
2026-08-06 16:17:00,652 - INFO -      ⏭️ Raisons: Non pertinent: 10
2026-08-06 16:17:00,653 - INFO -   ──────────────────────────────────────────────────────────────────────
2026-08-06 16:17:00,653 - INFO - 
  ⏱️  Progression: 120/338 pages | 2 AO | 2 DCE | 28 min

2026-08-06 16:17:14,478 - INFO - 
──────────────────────────────────────────────────────────────────────────────────────────
2026-08-06 16:17:14,479 - INFO -   📄 PAGE 121/338
2026-08-06 16:17:14,480 - INFO - ──────────────────────────────────────────────────────────────────────────────────────────
2026-08-06 16:17:14,480 - INFO -      Tous ignorés (10 AO)
2026-08-06 16:17:14,481 - INFO -   ──────────────────────────────────────────────────────────────────────
2026-08-06 16:17:14,482 - INFO -   📊 Page 121: 10 lignes | 0 nouveaux | 10 ignorés
2026-08-06 16:17:14,482 - INFO -      ⏭️ Raisons: Déjà en base: 1, Non pertinent: 9
2026-08-06 16:17:14,483 - INFO -   ──────────────────────────────────────────────────────────────────────
2026-08-06 16:17:27,426 - INFO - 
──────────────────────────────────────────────────────────────────────────────────────────
2026-08-06 16:17:27,427 - INFO -   📄 PAGE 122/338
2026-08-06 16:17:27,427 - INFO - ──────────────────────────────────────────────────────────────────────────────────────────
2026-08-06 16:17:27,428 - INFO -      Tous ignorés (10 AO)
2026-08-06 16:17:27,429 - INFO -   ──────────────────────────────────────────────────────────────────────
2026-08-06 16:17:27,430 - INFO -   📊 Page 122: 10 lignes | 0 nouveaux | 10 ignorés
2026-08-06 16:17:27,430 - INFO -      ⏭️ Raisons: Non pertinent: 10
2026-08-06 16:17:27,431 - INFO -   ──────────────────────────────────────────────────────────────────────
2026-08-06 16:17:40,342 - INFO - 
──────────────────────────────────────────────────────────────────────────────────────────
2026-08-06 16:17:40,343 - INFO -   📄 PAGE 123/338
2026-08-06 16:17:40,344 - INFO - ──────────────────────────────────────────────────────────────────────────────────────────
2026-08-06 16:17:40,344 - INFO -      Tous ignorés (10 AO)
2026-08-06 16:17:40,345 - INFO -   ──────────────────────────────────────────────────────────────────────
2026-08-06 16:17:40,345 - INFO -   📊 Page 123: 10 lignes | 0 nouveaux | 10 ignorés
2026-08-06 16:17:40,346 - INFO -      ⏭️ Raisons: Non pertinent: 10
2026-08-06 16:17:40,347 - INFO -   ──────────────────────────────────────────────────────────────────────
2026-08-06 16:17:53,385 - INFO - 
──────────────────────────────────────────────────────────────────────────────────────────
2026-08-06 16:17:53,386 - INFO -   📄 PAGE 124/338
2026-08-06 16:17:53,386 - INFO - ──────────────────────────────────────────────────────────────────────────────────────────
2026-08-06 16:17:53,387 - INFO -      Tous ignorés (10 AO)
2026-08-06 16:17:53,387 - INFO -   ──────────────────────────────────────────────────────────────────────
2026-08-06 16:17:53,388 - INFO -   📊 Page 124: 10 lignes | 0 nouveaux | 10 ignorés
2026-08-06 16:17:53,388 - INFO -      ⏭️ Raisons: Non pertinent: 10
2026-08-06 16:17:53,389 - INFO -   ──────────────────────────────────────────────────────────────────────
2026-08-06 16:18:07,161 - INFO - 
──────────────────────────────────────────────────────────────────────────────────────────
2026-08-06 16:18:07,162 - INFO -   📄 PAGE 125/338
2026-08-06 16:18:07,163 - INFO - ──────────────────────────────────────────────────────────────────────────────────────────
2026-08-06 16:18:07,163 - INFO -      Tous ignorés (10 AO)
2026-08-06 16:18:07,164 - INFO -   ──────────────────────────────────────────────────────────────────────
2026-08-06 16:18:07,165 - INFO -   📊 Page 125: 10 lignes | 0 nouveaux | 10 ignorés
2026-08-06 16:18:07,165 - INFO -      ⏭️ Raisons: Non pertinent: 10
2026-08-06 16:18:07,166 - INFO -   ──────────────────────────────────────────────────────────────────────
2026-08-06 16:18:20,438 - INFO - 
──────────────────────────────────────────────────────────────────────────────────────────
2026-08-06 16:18:20,438 - INFO -   📄 PAGE 126/338
2026-08-06 16:18:20,439 - INFO - ──────────────────────────────────────────────────────────────────────────────────────────
2026-08-06 16:18:20,440 - INFO -      Tous ignorés (10 AO)
2026-08-06 16:18:20,440 - INFO -   ──────────────────────────────────────────────────────────────────────
2026-08-06 16:18:20,441 - INFO -   📊 Page 126: 10 lignes | 0 nouveaux | 10 ignorés
2026-08-06 16:18:20,442 - INFO -      ⏭️ Raisons: Déjà en base: 1, Non pertinent: 9
2026-08-06 16:18:20,442 - INFO -   ──────────────────────────────────────────────────────────────────────
2026-08-06 16:18:33,532 - INFO - 
──────────────────────────────────────────────────────────────────────────────────────────
2026-08-06 16:18:33,532 - INFO -   📄 PAGE 127/338
2026-08-06 16:18:33,533 - INFO - ──────────────────────────────────────────────────────────────────────────────────────────
2026-08-06 16:18:33,534 - INFO -      Tous ignorés (10 AO)
2026-08-06 16:18:33,534 - INFO -   ──────────────────────────────────────────────────────────────────────
2026-08-06 16:18:33,535 - INFO -   📊 Page 127: 10 lignes | 0 nouveaux | 10 ignorés
2026-08-06 16:18:33,535 - INFO -      ⏭️ Raisons: Déjà en base: 1, Non pertinent: 9
2026-08-06 16:18:33,536 - INFO -   ──────────────────────────────────────────────────────────────────────
2026-08-06 16:18:46,495 - INFO - 
──────────────────────────────────────────────────────────────────────────────────────────
2026-08-06 16:18:46,496 - INFO -   📄 PAGE 128/338
2026-08-06 16:18:46,496 - INFO - ──────────────────────────────────────────────────────────────────────────────────────────
2026-08-06 16:18:46,497 - INFO -      Tous ignorés (10 AO)
2026-08-06 16:18:46,498 - INFO -   ──────────────────────────────────────────────────────────────────────
2026-08-06 16:18:46,498 - INFO -   📊 Page 128: 10 lignes | 0 nouveaux | 10 ignorés
2026-08-06 16:18:46,499 - INFO -      ⏭️ Raisons: Non pertinent: 10
2026-08-06 16:18:46,499 - INFO -   ──────────────────────────────────────────────────────────────────────
2026-08-06 16:18:59,574 - INFO - 
──────────────────────────────────────────────────────────────────────────────────────────
2026-08-06 16:18:59,574 - INFO -   📄 PAGE 129/338
2026-08-06 16:18:59,575 - INFO - ──────────────────────────────────────────────────────────────────────────────────────────
2026-08-06 16:18:59,576 - INFO -      Tous ignorés (10 AO)
2026-08-06 16:18:59,576 - INFO -   ──────────────────────────────────────────────────────────────────────
2026-08-06 16:18:59,577 - INFO -   📊 Page 129: 10 lignes | 0 nouveaux | 10 ignorés
2026-08-06 16:18:59,578 - INFO -      ⏭️ Raisons: Déjà en base: 1, Non pertinent: 9
2026-08-06 16:18:59,578 - INFO -   ──────────────────────────────────────────────────────────────────────
2026-08-06 16:19:12,662 - INFO - 
──────────────────────────────────────────────────────────────────────────────────────────
2026-08-06 16:19:12,663 - INFO -   📄 PAGE 130/338
2026-08-06 16:19:12,663 - INFO - ──────────────────────────────────────────────────────────────────────────────────────────
2026-08-06 16:19:12,664 - INFO -      Tous ignorés (10 AO)
2026-08-06 16:19:12,665 - INFO -   ──────────────────────────────────────────────────────────────────────
2026-08-06 16:19:12,665 - INFO -   📊 Page 130: 10 lignes | 0 nouveaux | 10 ignorés
2026-08-06 16:19:12,666 - INFO -      ⏭️ Raisons: Déjà en base: 2, Non pertinent: 8
2026-08-06 16:19:12,666 - INFO -   ──────────────────────────────────────────────────────────────────────
2026-08-06 16:19:12,667 - INFO - 
  ⏱️  Progression: 130/338 pages | 2 AO | 2 DCE | 30 min

2026-08-06 16:19:26,012 - INFO - 
──────────────────────────────────────────────────────────────────────────────────────────
2026-08-06 16:19:26,012 - INFO -   📄 PAGE 131/338
2026-08-06 16:19:26,013 - INFO - ──────────────────────────────────────────────────────────────────────────────────────────
2026-08-06 16:19:26,014 - INFO -      Tous ignorés (10 AO)
2026-08-06 16:19:26,014 - INFO -   ──────────────────────────────────────────────────────────────────────
2026-08-06 16:19:26,015 - INFO -   📊 Page 131: 10 lignes | 0 nouveaux | 10 ignorés
2026-08-06 16:19:26,015 - INFO -      ⏭️ Raisons: Non pertinent: 10
2026-08-06 16:19:26,016 - INFO -   ──────────────────────────────────────────────────────────────────────
2026-08-06 16:19:39,107 - INFO - 
──────────────────────────────────────────────────────────────────────────────────────────
2026-08-06 16:19:39,108 - INFO -   📄 PAGE 132/338
2026-08-06 16:19:39,109 - INFO - ──────────────────────────────────────────────────────────────────────────────────────────
2026-08-06 16:19:39,109 - INFO -      Tous ignorés (10 AO)
2026-08-06 16:19:39,110 - INFO -   ──────────────────────────────────────────────────────────────────────
2026-08-06 16:19:39,110 - INFO -   📊 Page 132: 10 lignes | 0 nouveaux | 10 ignorés
2026-08-06 16:19:39,111 - INFO -      ⏭️ Raisons: Déjà en base: 1, Non pertinent: 9
2026-08-06 16:19:39,112 - INFO -   ──────────────────────────────────────────────────────────────────────
2026-08-06 16:19:52,069 - INFO - 
──────────────────────────────────────────────────────────────────────────────────────────
2026-08-06 16:19:52,070 - INFO -   📄 PAGE 133/338
2026-08-06 16:19:52,070 - INFO - ──────────────────────────────────────────────────────────────────────────────────────────
2026-08-06 16:19:52,071 - INFO -      Tous ignorés (10 AO)
2026-08-06 16:19:52,072 - INFO -   ──────────────────────────────────────────────────────────────────────
2026-08-06 16:19:52,072 - INFO -   📊 Page 133: 10 lignes | 0 nouveaux | 10 ignorés
2026-08-06 16:19:52,073 - INFO -      ⏭️ Raisons: Déjà en base: 2, Non pertinent: 8
2026-08-06 16:19:52,074 - INFO -   ──────────────────────────────────────────────────────────────────────
2026-08-06 16:20:05,162 - INFO - 
──────────────────────────────────────────────────────────────────────────────────────────
2026-08-06 16:20:05,164 - INFO -   📄 PAGE 134/338
2026-08-06 16:20:05,164 - INFO - ──────────────────────────────────────────────────────────────────────────────────────────
2026-08-06 16:21:19,206 - INFO -   #3    📋 Étude des collecteurs et ouvrages hors site de transfert des eaux usées ain ⭐  37%  ⏰ 21j      📥 📦 Avis, RC, BP
2026-08-06 16:22:47,808 - INFO -   #4    📋 Entretien et maintenance du système de télégestion du réseau de distributio ⭐  22%  ⏰ 21j      📥 📦 Avis
2026-08-06 16:22:47,810 - INFO -   ──────────────────────────────────────────────────────────────────────
2026-08-06 16:22:47,810 - INFO -   📊 Page 134: 10 lignes | 2 nouveaux | 8 ignorés
2026-08-06 16:22:47,811 - INFO -      ⏭️ Raisons: Déjà en base: 3, Non pertinent: 5
2026-08-06 16:22:47,812 - INFO -   ──────────────────────────────────────────────────────────────────────
2026-08-06 16:23:00,652 - INFO - 
──────────────────────────────────────────────────────────────────────────────────────────
2026-08-06 16:23:00,653 - INFO -   📄 PAGE 135/338
2026-08-06 16:23:00,653 - INFO - ──────────────────────────────────────────────────────────────────────────────────────────
2026-08-06 16:23:00,654 - INFO -      Tous ignorés (10 AO)
2026-08-06 16:23:00,655 - INFO -   ──────────────────────────────────────────────────────────────────────
2026-08-06 16:23:00,655 - INFO -   📊 Page 135: 10 lignes | 0 nouveaux | 10 ignorés
2026-08-06 16:23:00,656 - INFO -      ⏭️ Raisons: Déjà en base: 1, Non pertinent: 9
2026-08-06 16:23:00,656 - INFO -   ──────────────────────────────────────────────────────────────────────
2026-08-06 16:23:14,159 - INFO - 
──────────────────────────────────────────────────────────────────────────────────────────
2026-08-06 16:23:14,160 - INFO -   📄 PAGE 136/338
2026-08-06 16:23:14,160 - INFO - ──────────────────────────────────────────────────────────────────────────────────────────
2026-08-06 16:23:14,161 - INFO -      Tous ignorés (10 AO)
2026-08-06 16:23:14,162 - INFO -   ──────────────────────────────────────────────────────────────────────
2026-08-06 16:23:14,162 - INFO -   📊 Page 136: 10 lignes | 0 nouveaux | 10 ignorés
2026-08-06 16:23:14,163 - INFO -      ⏭️ Raisons: Déjà en base: 2, Non pertinent: 8
2026-08-06 16:23:14,164 - INFO -   ──────────────────────────────────────────────────────────────────────
2026-08-06 16:23:27,497 - INFO - 
──────────────────────────────────────────────────────────────────────────────────────────
2026-08-06 16:23:27,498 - INFO -   📄 PAGE 137/338
2026-08-06 16:23:27,498 - INFO - ──────────────────────────────────────────────────────────────────────────────────────────
2026-08-06 16:23:27,499 - INFO -      Tous ignorés (10 AO)
2026-08-06 16:23:27,499 - INFO -   ──────────────────────────────────────────────────────────────────────
2026-08-06 16:23:27,500 - INFO -   📊 Page 137: 10 lignes | 0 nouveaux | 10 ignorés
2026-08-06 16:23:27,501 - INFO -      ⏭️ Raisons: Non pertinent: 10
2026-08-06 16:23:27,501 - INFO -   ──────────────────────────────────────────────────────────────────────
2026-08-06 16:23:40,482 - INFO - 
──────────────────────────────────────────────────────────────────────────────────────────
2026-08-06 16:23:40,483 - INFO -   📄 PAGE 138/338
2026-08-06 16:23:40,483 - INFO - ──────────────────────────────────────────────────────────────────────────────────────────
2026-08-06 16:23:40,484 - INFO -      Tous ignorés (10 AO)
2026-08-06 16:23:40,485 - INFO -   ──────────────────────────────────────────────────────────────────────
2026-08-06 16:23:40,485 - INFO -   📊 Page 138: 10 lignes | 0 nouveaux | 10 ignorés
2026-08-06 16:23:40,486 - INFO -      ⏭️ Raisons: Non pertinent: 10
2026-08-06 16:23:40,486 - INFO -   ──────────────────────────────────────────────────────────────────────
2026-08-06 16:23:53,669 - INFO - 
──────────────────────────────────────────────────────────────────────────────────────────
2026-08-06 16:23:53,670 - INFO -   📄 PAGE 139/338
2026-08-06 16:23:53,671 - INFO - ──────────────────────────────────────────────────────────────────────────────────────────
2026-08-06 16:23:53,672 - INFO -      Tous ignorés (10 AO)
2026-08-06 16:23:53,672 - INFO -   ──────────────────────────────────────────────────────────────────────
2026-08-06 16:23:53,673 - INFO -   📊 Page 139: 10 lignes | 0 nouveaux | 10 ignorés
2026-08-06 16:23:53,674 - INFO -      ⏭️ Raisons: Non pertinent: 10
2026-08-06 16:23:53,674 - INFO -   ──────────────────────────────────────────────────────────────────────
2026-08-06 16:24:06,742 - INFO - 
──────────────────────────────────────────────────────────────────────────────────────────
2026-08-06 16:24:06,743 - INFO -   📄 PAGE 140/338
2026-08-06 16:24:06,743 - INFO - ──────────────────────────────────────────────────────────────────────────────────────────
2026-08-06 16:24:06,744 - INFO -      Tous ignorés (10 AO)
2026-08-06 16:24:06,744 - INFO -   ──────────────────────────────────────────────────────────────────────
2026-08-06 16:24:06,745 - INFO -   📊 Page 140: 10 lignes | 0 nouveaux | 10 ignorés
2026-08-06 16:24:06,746 - INFO -      ⏭️ Raisons: Non pertinent: 10
2026-08-06 16:24:06,746 - INFO -   ──────────────────────────────────────────────────────────────────────
2026-08-06 16:24:06,747 - INFO - 
  ⏱️  Progression: 140/338 pages | 4 AO | 4 DCE | 35 min

2026-08-06 16:24:19,795 - INFO - 
──────────────────────────────────────────────────────────────────────────────────────────
2026-08-06 16:24:19,796 - INFO -   📄 PAGE 141/338
2026-08-06 16:24:19,797 - INFO - ──────────────────────────────────────────────────────────────────────────────────────────
2026-08-06 16:24:19,797 - INFO -      Tous ignorés (10 AO)
2026-08-06 16:24:19,798 - INFO -   ──────────────────────────────────────────────────────────────────────
2026-08-06 16:24:19,798 - INFO -   📊 Page 141: 10 lignes | 0 nouveaux | 10 ignorés
2026-08-06 16:24:19,799 - INFO -      ⏭️ Raisons: Déjà en base: 1, Non pertinent: 9
2026-08-06 16:24:19,800 - INFO -   ──────────────────────────────────────────────────────────────────────
2026-08-06 16:24:32,886 - INFO - 
──────────────────────────────────────────────────────────────────────────────────────────
2026-08-06 16:24:32,887 - INFO -   📄 PAGE 142/338
2026-08-06 16:24:32,887 - INFO - ──────────────────────────────────────────────────────────────────────────────────────────
2026-08-06 16:24:32,888 - INFO -      Tous ignorés (10 AO)
2026-08-06 16:24:32,889 - INFO -   ──────────────────────────────────────────────────────────────────────
2026-08-06 16:24:32,889 - INFO -   📊 Page 142: 10 lignes | 0 nouveaux | 10 ignorés
2026-08-06 16:24:32,890 - INFO -      ⏭️ Raisons: Non pertinent: 10
2026-08-06 16:24:32,890 - INFO -   ──────────────────────────────────────────────────────────────────────
2026-08-06 16:24:46,620 - INFO - 
──────────────────────────────────────────────────────────────────────────────────────────
2026-08-06 16:24:46,621 - INFO -   📄 PAGE 143/338
2026-08-06 16:24:46,622 - INFO - ──────────────────────────────────────────────────────────────────────────────────────────
2026-08-06 16:24:46,623 - INFO -      Tous ignorés (10 AO)
2026-08-06 16:24:46,623 - INFO -   ──────────────────────────────────────────────────────────────────────
2026-08-06 16:24:46,624 - INFO -   📊 Page 143: 10 lignes | 0 nouveaux | 10 ignorés
2026-08-06 16:24:46,625 - INFO -      ⏭️ Raisons: Déjà en base: 2, Non pertinent: 8
2026-08-06 16:24:46,625 - INFO -   ──────────────────────────────────────────────────────────────────────
2026-08-06 16:24:59,599 - INFO - 
──────────────────────────────────────────────────────────────────────────────────────────
2026-08-06 16:24:59,600 - INFO -   📄 PAGE 144/338
2026-08-06 16:24:59,601 - INFO - ──────────────────────────────────────────────────────────────────────────────────────────
2026-08-06 16:24:59,602 - INFO -      Tous ignorés (10 AO)
2026-08-06 16:24:59,602 - INFO -   ──────────────────────────────────────────────────────────────────────
2026-08-06 16:24:59,603 - INFO -   📊 Page 144: 10 lignes | 0 nouveaux | 10 ignorés
2026-08-06 16:24:59,603 - INFO -      ⏭️ Raisons: Déjà en base: 3, Non pertinent: 7
2026-08-06 16:24:59,604 - INFO -   ──────────────────────────────────────────────────────────────────────
2026-08-06 16:25:12,704 - INFO - 
──────────────────────────────────────────────────────────────────────────────────────────
2026-08-06 16:25:12,705 - INFO -   📄 PAGE 145/338
2026-08-06 16:25:12,705 - INFO - ──────────────────────────────────────────────────────────────────────────────────────────
2026-08-06 16:25:12,706 - INFO -      Tous ignorés (10 AO)
2026-08-06 16:25:12,707 - INFO -   ──────────────────────────────────────────────────────────────────────
2026-08-06 16:25:12,707 - INFO -   📊 Page 145: 10 lignes | 0 nouveaux | 10 ignorés
2026-08-06 16:25:12,708 - INFO -      ⏭️ Raisons: Non pertinent: 10
2026-08-06 16:25:12,708 - INFO -   ──────────────────────────────────────────────────────────────────────
2026-08-06 16:25:26,045 - INFO - 
──────────────────────────────────────────────────────────────────────────────────────────
2026-08-06 16:25:26,046 - INFO -   📄 PAGE 146/338
2026-08-06 16:25:26,047 - INFO - ──────────────────────────────────────────────────────────────────────────────────────────
2026-08-06 16:25:26,048 - INFO -      Tous ignorés (10 AO)
2026-08-06 16:25:26,048 - INFO -   ──────────────────────────────────────────────────────────────────────
2026-08-06 16:25:26,049 - INFO -   📊 Page 146: 10 lignes | 0 nouveaux | 10 ignorés
2026-08-06 16:25:26,049 - INFO -      ⏭️ Raisons: Non pertinent: 10
2026-08-06 16:25:26,050 - INFO -   ──────────────────────────────────────────────────────────────────────
2026-08-06 16:25:39,264 - INFO - 
──────────────────────────────────────────────────────────────────────────────────────────
2026-08-06 16:25:39,265 - INFO -   📄 PAGE 147/338
2026-08-06 16:25:39,266 - INFO - ──────────────────────────────────────────────────────────────────────────────────────────
2026-08-06 16:25:39,267 - INFO -      Tous ignorés (10 AO)
2026-08-06 16:25:39,267 - INFO -   ──────────────────────────────────────────────────────────────────────
2026-08-06 16:25:39,268 - INFO -   📊 Page 147: 10 lignes | 0 nouveaux | 10 ignorés
2026-08-06 16:25:39,268 - INFO -      ⏭️ Raisons: Déjà en base: 1, Non pertinent: 9
2026-08-06 16:25:39,269 - INFO -   ──────────────────────────────────────────────────────────────────────
2026-08-06 16:25:52,178 - INFO - 
──────────────────────────────────────────────────────────────────────────────────────────
2026-08-06 16:25:52,179 - INFO -   📄 PAGE 148/338
2026-08-06 16:25:52,180 - INFO - ──────────────────────────────────────────────────────────────────────────────────────────
2026-08-06 16:25:52,180 - INFO -      Tous ignorés (10 AO)
2026-08-06 16:25:52,181 - INFO -   ──────────────────────────────────────────────────────────────────────
2026-08-06 16:25:52,182 - INFO -   📊 Page 148: 10 lignes | 0 nouveaux | 10 ignorés
2026-08-06 16:25:52,182 - INFO -      ⏭️ Raisons: Déjà en base: 1, Non pertinent: 9
2026-08-06 16:25:52,183 - INFO -   ──────────────────────────────────────────────────────────────────────
2026-08-06 16:26:05,724 - INFO - 
──────────────────────────────────────────────────────────────────────────────────────────
2026-08-06 16:26:05,725 - INFO -   📄 PAGE 149/338
2026-08-06 16:26:05,725 - INFO - ──────────────────────────────────────────────────────────────────────────────────────────
2026-08-06 16:26:05,726 - INFO -      Tous ignorés (10 AO)
2026-08-06 16:26:05,727 - INFO -   ──────────────────────────────────────────────────────────────────────
2026-08-06 16:26:05,727 - INFO -   📊 Page 149: 10 lignes | 0 nouveaux | 10 ignorés
2026-08-06 16:26:05,728 - INFO -      ⏭️ Raisons: Déjà en base: 1, Non pertinent: 9
2026-08-06 16:26:05,729 - INFO -   ──────────────────────────────────────────────────────────────────────
2026-08-06 16:26:19,489 - INFO - 
──────────────────────────────────────────────────────────────────────────────────────────
2026-08-06 16:26:19,490 - INFO -   📄 PAGE 150/338
2026-08-06 16:26:19,491 - INFO - ──────────────────────────────────────────────────────────────────────────────────────────
2026-08-06 16:26:19,491 - INFO -      Tous ignorés (10 AO)
2026-08-06 16:26:19,492 - INFO -   ──────────────────────────────────────────────────────────────────────
2026-08-06 16:26:19,492 - INFO -   📊 Page 150: 10 lignes | 0 nouveaux | 10 ignorés
2026-08-06 16:26:19,493 - INFO -      ⏭️ Raisons: Déjà en base: 1, Non pertinent: 9
2026-08-06 16:26:19,494 - INFO -   ──────────────────────────────────────────────────────────────────────
2026-08-06 16:26:19,494 - INFO - 
  ⏱️  Progression: 150/338 pages | 4 AO | 4 DCE | 37 min

2026-08-06 16:26:32,776 - INFO - 
──────────────────────────────────────────────────────────────────────────────────────────
2026-08-06 16:26:32,777 - INFO -   📄 PAGE 151/338
2026-08-06 16:26:32,778 - INFO - ──────────────────────────────────────────────────────────────────────────────────────────
2026-08-06 16:26:32,778 - INFO -      Tous ignorés (10 AO)
2026-08-06 16:26:32,779 - INFO -   ──────────────────────────────────────────────────────────────────────
2026-08-06 16:26:32,780 - INFO -   📊 Page 151: 10 lignes | 0 nouveaux | 10 ignorés
2026-08-06 16:26:32,780 - INFO -      ⏭️ Raisons: Non pertinent: 10
2026-08-06 16:26:32,781 - INFO -   ──────────────────────────────────────────────────────────────────────
2026-08-06 16:26:46,501 - INFO - 
──────────────────────────────────────────────────────────────────────────────────────────
2026-08-06 16:26:46,502 - INFO -   📄 PAGE 152/338
2026-08-06 16:26:46,503 - INFO - ──────────────────────────────────────────────────────────────────────────────────────────
2026-08-06 16:26:46,503 - INFO -      Tous ignorés (10 AO)
2026-08-06 16:26:46,504 - INFO -   ──────────────────────────────────────────────────────────────────────
2026-08-06 16:26:46,505 - INFO -   📊 Page 152: 10 lignes | 0 nouveaux | 10 ignorés
2026-08-06 16:26:46,505 - INFO -      ⏭️ Raisons: Déjà en base: 1, Non pertinent: 9
2026-08-06 16:26:46,506 - INFO -   ──────────────────────────────────────────────────────────────────────
2026-08-06 16:26:59,588 - INFO - 
──────────────────────────────────────────────────────────────────────────────────────────
2026-08-06 16:26:59,589 - INFO -   📄 PAGE 153/338
2026-08-06 16:26:59,589 - INFO - ──────────────────────────────────────────────────────────────────────────────────────────
2026-08-06 16:26:59,590 - INFO -      Tous ignorés (10 AO)
2026-08-06 16:26:59,591 - INFO -   ──────────────────────────────────────────────────────────────────────
2026-08-06 16:26:59,592 - INFO -   📊 Page 153: 10 lignes | 0 nouveaux | 10 ignorés
2026-08-06 16:26:59,592 - INFO -      ⏭️ Raisons: Déjà en base: 1, Non pertinent: 9
2026-08-06 16:26:59,593 - INFO -   ──────────────────────────────────────────────────────────────────────
2026-08-06 16:27:12,421 - INFO - 
──────────────────────────────────────────────────────────────────────────────────────────
2026-08-06 16:27:12,422 - INFO -   📄 PAGE 154/338
2026-08-06 16:27:12,423 - INFO - ──────────────────────────────────────────────────────────────────────────────────────────
2026-08-06 16:27:12,424 - INFO -      Tous ignorés (10 AO)
2026-08-06 16:27:12,425 - INFO -   ──────────────────────────────────────────────────────────────────────
2026-08-06 16:27:12,425 - INFO -   📊 Page 154: 10 lignes | 0 nouveaux | 10 ignorés
2026-08-06 16:27:12,426 - INFO -      ⏭️ Raisons: Déjà en base: 1, Non pertinent: 9
2026-08-06 16:27:12,427 - INFO -   ──────────────────────────────────────────────────────────────────────
2026-08-06 16:27:25,454 - INFO - 
──────────────────────────────────────────────────────────────────────────────────────────
2026-08-06 16:27:25,455 - INFO -   📄 PAGE 155/338
2026-08-06 16:27:25,455 - INFO - ──────────────────────────────────────────────────────────────────────────────────────────
2026-08-06 16:27:25,456 - INFO -      Tous ignorés (10 AO)
2026-08-06 16:27:25,456 - INFO -   ──────────────────────────────────────────────────────────────────────
2026-08-06 16:27:25,457 - INFO -   📊 Page 155: 10 lignes | 0 nouveaux | 10 ignorés
2026-08-06 16:27:25,457 - INFO -      ⏭️ Raisons: Déjà en base: 1, Non pertinent: 9
2026-08-06 16:27:25,458 - INFO -   ──────────────────────────────────────────────────────────────────────
2026-08-06 16:27:38,480 - INFO - 
──────────────────────────────────────────────────────────────────────────────────────────
2026-08-06 16:27:38,481 - INFO -   📄 PAGE 156/338
2026-08-06 16:27:38,482 - INFO - ──────────────────────────────────────────────────────────────────────────────────────────
2026-08-06 16:27:38,482 - INFO -      Tous ignorés (10 AO)
2026-08-06 16:27:38,483 - INFO -   ──────────────────────────────────────────────────────────────────────
2026-08-06 16:27:38,483 - INFO -   📊 Page 156: 10 lignes | 0 nouveaux | 10 ignorés
2026-08-06 16:27:38,484 - INFO -      ⏭️ Raisons: Déjà en base: 2, Non pertinent: 8
2026-08-06 16:27:38,485 - INFO -   ──────────────────────────────────────────────────────────────────────
2026-08-06 16:27:51,509 - INFO - 
──────────────────────────────────────────────────────────────────────────────────────────
2026-08-06 16:27:51,510 - INFO -   📄 PAGE 157/338
2026-08-06 16:27:51,511 - INFO - ──────────────────────────────────────────────────────────────────────────────────────────
2026-08-06 16:27:51,511 - INFO -      Tous ignorés (10 AO)
2026-08-06 16:27:51,512 - INFO -   ──────────────────────────────────────────────────────────────────────
2026-08-06 16:27:51,512 - INFO -   📊 Page 157: 10 lignes | 0 nouveaux | 10 ignorés
2026-08-06 16:27:51,513 - INFO -      ⏭️ Raisons: Déjà en base: 3, Non pertinent: 7
2026-08-06 16:27:51,514 - INFO -   ──────────────────────────────────────────────────────────────────────
2026-08-06 16:28:04,928 - INFO - 
──────────────────────────────────────────────────────────────────────────────────────────
2026-08-06 16:28:04,929 - INFO -   📄 PAGE 158/338
2026-08-06 16:28:04,929 - INFO - ──────────────────────────────────────────────────────────────────────────────────────────
2026-08-06 16:28:04,930 - INFO -      Tous ignorés (10 AO)
2026-08-06 16:28:04,930 - INFO -   ──────────────────────────────────────────────────────────────────────
2026-08-06 16:28:04,931 - INFO -   📊 Page 158: 10 lignes | 0 nouveaux | 10 ignorés
2026-08-06 16:28:04,931 - INFO -      ⏭️ Raisons: Déjà en base: 1, Non pertinent: 9
2026-08-06 16:28:04,932 - INFO -   ──────────────────────────────────────────────────────────────────────
2026-08-06 16:28:18,209 - INFO - 
──────────────────────────────────────────────────────────────────────────────────────────
2026-08-06 16:28:18,210 - INFO -   📄 PAGE 159/338
2026-08-06 16:28:18,210 - INFO - ──────────────────────────────────────────────────────────────────────────────────────────
2026-08-06 16:28:18,211 - INFO -      Tous ignorés (10 AO)
2026-08-06 16:28:18,212 - INFO -   ──────────────────────────────────────────────────────────────────────
2026-08-06 16:28:18,212 - INFO -   📊 Page 159: 10 lignes | 0 nouveaux | 10 ignorés
2026-08-06 16:28:18,213 - INFO -      ⏭️ Raisons: Déjà en base: 2, Non pertinent: 8
2026-08-06 16:28:18,214 - INFO -   ──────────────────────────────────────────────────────────────────────
2026-08-06 16:28:31,715 - INFO - 
──────────────────────────────────────────────────────────────────────────────────────────
2026-08-06 16:28:31,716 - INFO -   📄 PAGE 160/338
2026-08-06 16:28:31,717 - INFO - ──────────────────────────────────────────────────────────────────────────────────────────
2026-08-06 16:28:31,717 - INFO -      Tous ignorés (10 AO)
2026-08-06 16:28:31,718 - INFO -   ──────────────────────────────────────────────────────────────────────
2026-08-06 16:28:31,718 - INFO -   📊 Page 160: 10 lignes | 0 nouveaux | 10 ignorés
2026-08-06 16:28:31,719 - INFO -      ⏭️ Raisons: Déjà en base: 1, Non pertinent: 9
2026-08-06 16:28:31,719 - INFO -   ──────────────────────────────────────────────────────────────────────
2026-08-06 16:28:31,720 - INFO - 
  ⏱️  Progression: 160/338 pages | 4 AO | 4 DCE | 40 min

2026-08-06 16:28:44,795 - INFO - 
──────────────────────────────────────────────────────────────────────────────────────────
2026-08-06 16:28:44,796 - INFO -   📄 PAGE 161/338
2026-08-06 16:28:44,797 - INFO - ──────────────────────────────────────────────────────────────────────────────────────────
2026-08-06 16:28:44,797 - INFO -      Tous ignorés (10 AO)
2026-08-06 16:28:44,798 - INFO -   ──────────────────────────────────────────────────────────────────────
2026-08-06 16:28:44,799 - INFO -   📊 Page 161: 10 lignes | 0 nouveaux | 10 ignorés
2026-08-06 16:28:44,799 - INFO -      ⏭️ Raisons: Déjà en base: 1, Non pertinent: 9
2026-08-06 16:28:44,800 - INFO -   ──────────────────────────────────────────────────────────────────────
2026-08-06 16:28:57,938 - INFO - 
──────────────────────────────────────────────────────────────────────────────────────────
2026-08-06 16:28:57,939 - INFO -   📄 PAGE 162/338
2026-08-06 16:28:57,940 - INFO - ──────────────────────────────────────────────────────────────────────────────────────────
2026-08-06 16:28:57,940 - INFO -      Tous ignorés (10 AO)
2026-08-06 16:28:57,941 - INFO -   ──────────────────────────────────────────────────────────────────────
2026-08-06 16:28:57,941 - INFO -   📊 Page 162: 10 lignes | 0 nouveaux | 10 ignorés
2026-08-06 16:28:57,942 - INFO -      ⏭️ Raisons: Déjà en base: 2, Non pertinent: 8
2026-08-06 16:28:57,943 - INFO -   ──────────────────────────────────────────────────────────────────────
2026-08-06 16:29:12,880 - INFO - 
──────────────────────────────────────────────────────────────────────────────────────────
2026-08-06 16:29:12,881 - INFO -   📄 PAGE 163/338
2026-08-06 16:29:12,881 - INFO - ──────────────────────────────────────────────────────────────────────────────────────────
2026-08-06 16:29:12,882 - INFO -      Tous ignorés (10 AO)
2026-08-06 16:29:12,883 - INFO -   ──────────────────────────────────────────────────────────────────────
2026-08-06 16:29:12,883 - INFO -   📊 Page 163: 10 lignes | 0 nouveaux | 10 ignorés
2026-08-06 16:29:12,884 - INFO -      ⏭️ Raisons: Déjà en base: 1, Non pertinent: 9
2026-08-06 16:29:12,885 - INFO -   ──────────────────────────────────────────────────────────────────────
2026-08-06 16:29:26,004 - INFO - 
──────────────────────────────────────────────────────────────────────────────────────────
2026-08-06 16:29:26,005 - INFO -   📄 PAGE 164/338
2026-08-06 16:29:26,005 - INFO - ──────────────────────────────────────────────────────────────────────────────────────────
2026-08-06 16:29:26,006 - INFO -      Tous ignorés (10 AO)
2026-08-06 16:29:26,007 - INFO -   ──────────────────────────────────────────────────────────────────────
2026-08-06 16:29:26,008 - INFO -   📊 Page 164: 10 lignes | 0 nouveaux | 10 ignorés
2026-08-06 16:29:26,008 - INFO -      ⏭️ Raisons: Non pertinent: 10
2026-08-06 16:29:26,009 - INFO -   ──────────────────────────────────────────────────────────────────────
2026-08-06 16:29:39,073 - INFO - 
──────────────────────────────────────────────────────────────────────────────────────────
2026-08-06 16:29:39,074 - INFO -   📄 PAGE 165/338
2026-08-06 16:29:39,074 - INFO - ──────────────────────────────────────────────────────────────────────────────────────────
2026-08-06 16:29:39,075 - INFO -      Tous ignorés (10 AO)
2026-08-06 16:29:39,076 - INFO -   ──────────────────────────────────────────────────────────────────────
2026-08-06 16:29:39,077 - INFO -   📊 Page 165: 10 lignes | 0 nouveaux | 10 ignorés
2026-08-06 16:29:39,077 - INFO -      ⏭️ Raisons: Non pertinent: 10
2026-08-06 16:29:39,078 - INFO -   ──────────────────────────────────────────────────────────────────────
2026-08-06 16:29:52,162 - INFO - 
──────────────────────────────────────────────────────────────────────────────────────────
2026-08-06 16:29:52,163 - INFO -   📄 PAGE 166/338
2026-08-06 16:29:52,163 - INFO - ──────────────────────────────────────────────────────────────────────────────────────────
2026-08-06 16:29:52,164 - INFO -      Tous ignorés (10 AO)
2026-08-06 16:29:52,165 - INFO -   ──────────────────────────────────────────────────────────────────────
2026-08-06 16:29:52,165 - INFO -   📊 Page 166: 10 lignes | 0 nouveaux | 10 ignorés
2026-08-06 16:29:52,166 - INFO -      ⏭️ Raisons: Non pertinent: 10
2026-08-06 16:29:52,167 - INFO -   ──────────────────────────────────────────────────────────────────────
2026-08-06 16:30:05,095 - INFO - 
──────────────────────────────────────────────────────────────────────────────────────────
2026-08-06 16:30:05,096 - INFO -   📄 PAGE 167/338
2026-08-06 16:30:05,097 - INFO - ──────────────────────────────────────────────────────────────────────────────────────────
2026-08-06 16:30:05,098 - INFO -      Tous ignorés (10 AO)
2026-08-06 16:30:05,098 - INFO -   ──────────────────────────────────────────────────────────────────────
2026-08-06 16:30:05,099 - INFO -   📊 Page 167: 10 lignes | 0 nouveaux | 10 ignorés
2026-08-06 16:30:05,100 - INFO -      ⏭️ Raisons: Non pertinent: 10
2026-08-06 16:30:05,100 - INFO -   ──────────────────────────────────────────────────────────────────────
2026-08-06 16:30:18,266 - INFO - 
──────────────────────────────────────────────────────────────────────────────────────────
2026-08-06 16:30:18,267 - INFO -   📄 PAGE 168/338
2026-08-06 16:30:18,267 - INFO - ──────────────────────────────────────────────────────────────────────────────────────────
2026-08-06 16:30:18,268 - INFO -      Tous ignorés (10 AO)
2026-08-06 16:30:18,268 - INFO -   ──────────────────────────────────────────────────────────────────────
2026-08-06 16:30:18,269 - INFO -   📊 Page 168: 10 lignes | 0 nouveaux | 10 ignorés
2026-08-06 16:30:18,269 - INFO -      ⏭️ Raisons: Déjà en base: 3, Non pertinent: 7
2026-08-06 16:30:18,270 - INFO -   ──────────────────────────────────────────────────────────────────────
2026-08-06 16:30:31,308 - INFO - 
──────────────────────────────────────────────────────────────────────────────────────────
2026-08-06 16:30:31,309 - INFO -   📄 PAGE 169/338
2026-08-06 16:30:31,310 - INFO - ──────────────────────────────────────────────────────────────────────────────────────────
2026-08-06 16:30:31,310 - INFO -      Tous ignorés (10 AO)
2026-08-06 16:30:31,311 - INFO -   ──────────────────────────────────────────────────────────────────────
2026-08-06 16:30:31,312 - INFO -   📊 Page 169: 10 lignes | 0 nouveaux | 10 ignorés
2026-08-06 16:30:31,313 - INFO -      ⏭️ Raisons: Déjà en base: 3, Non pertinent: 7
2026-08-06 16:30:31,313 - INFO -   ──────────────────────────────────────────────────────────────────────
2026-08-06 16:30:44,622 - INFO - 
──────────────────────────────────────────────────────────────────────────────────────────
2026-08-06 16:30:44,623 - INFO -   📄 PAGE 170/338
2026-08-06 16:30:44,623 - INFO - ──────────────────────────────────────────────────────────────────────────────────────────
2026-08-06 16:39:18,243 - INFO -   #5    📋 Réhabilitation des réservoirs d'eau potable (DP SAFI) réservoirs complexe A ⭐  28%  ⏰ 17j      📥 📦 Avis, RC
2026-08-06 16:45:59,981 - INFO -   #6    📋 Assistance technique pour le suivi et le contrôle des travaux de réhabilita ⭐  28%  ⏰ 17j      📥 📦 Avis, RC
