2026-07-08 14:50:26,451 - tender_scanner - INFO -   ✅ [DOCLING] Initialisé avec succès
2026-07-08 14:50:26,573 - tender_scanner - INFO -   ✅ [PDF] PyMuPDF disponible
2026-07-08 14:50:27,000 - tender_scanner - INFO -   [DB] 45 offres existantes chargées
2026-07-08 15:04:33,564 - tender_scanner - INFO -   [OK] Supabase tenders_3: 1/1 rows
2026-07-08 15:04:34,037 - tender_scanner - INFO -   [DOWNLOAD] DCE: 239/26/ASST
2026-07-08 15:04:52,674 - tender_scanner - INFO -   [FORM] Filling form...
2026-07-08 15:05:13,203 - tender_scanner - INFO -   [WAIT] Waiting for ZIP...
2026-07-08 15:06:25,617 - tender_scanner - INFO -   [OK] ZIP received: 18674795 bytes in 111.58s
2026-07-08 15:09:21,700 - tender_scanner - INFO -   [OK] Supabase tenders_3: 1/1 rows
2026-07-08 15:09:22,112 - tender_scanner - INFO -   [DOWNLOAD] DCE: 246/26/ASST
2026-07-08 15:09:39,348 - tender_scanner - INFO -   [FORM] Filling form...
2026-07-08 15:10:00,560 - tender_scanner - INFO -   [WAIT] Waiting for ZIP...
2026-07-08 15:11:47,433 - tender_scanner - INFO -   [OK] ZIP received: 21464969 bytes in 145.32s
2026-07-08 15:14:24,023 - tender_scanner - INFO -   [OK] Supabase tenders_3: 1/1 rows
2026-07-08 15:14:24,211 - tender_scanner - INFO -   [DOWNLOAD] DCE: 233/26/ASST
2026-07-08 15:14:42,591 - tender_scanner - INFO -   [FORM] Filling form...
2026-07-08 15:14:50,817 - tender_scanner - INFO -   [AUTO-INDEX] Démarrage indexation pour 246/26/ASST...
2026-07-08 15:14:51,460 - tender_scanner - INFO -   [AUTO-INDEX] 246/26/ASST: 0 chunks créés
2026-07-08 15:15:02,671 - tender_scanner - INFO -   [WAIT] Waiting for ZIP...
2026-07-08 15:15:55,315 - tender_scanner - INFO -   [OK] ZIP received: 21724101 bytes in 91.10s
2026-07-08 15:18:02,846 - tender_scanner - INFO -   [OK] Supabase tenders_3: 1/1 rows
2026-07-08 15:18:03,036 - tender_scanner - INFO -   [DOWNLOAD] DCE: 234/26/ASST
2026-07-08 15:18:22,390 - tender_scanner - INFO -   [FORM] Filling form...
2026-07-08 15:18:42,762 - tender_scanner - INFO -   [WAIT] Waiting for ZIP...
2026-07-08 15:18:56,739 - tender_scanner - INFO -   [AUTO-INDEX] Démarrage indexation pour 233/26/ASST...
2026-07-08 15:18:57,322 - tender_scanner - INFO -   [AUTO-INDEX] 233/26/ASST: 0 chunks créés
2026-07-08 15:19:36,724 - tender_scanner - INFO -   [OK] ZIP received: 18943485 bytes in 93.69s
2026-07-08 15:20:59,163 - tender_scanner - INFO -   [OK] Supabase tenders_3: 1/1 rows
2026-07-08 15:20:59,348 - tender_scanner - INFO -   [DOWNLOAD] DCE: 235/26/ASST
2026-07-08 15:21:19,372 - tender_scanner - INFO -   [FORM] Filling form...
2026-07-08 15:21:39,939 - tender_scanner - INFO -   [WAIT] Waiting for ZIP...
2026-07-08 15:22:14,409 - tender_scanner - INFO -   [AUTO-INDEX] Démarrage indexation pour 234/26/ASST...
2026-07-08 15:22:14,939 - tender_scanner - INFO -   [AUTO-INDEX] 234/26/ASST: 0 chunks créés
2026-07-08 15:23:20,396 - tender_scanner - INFO -   [OK] ZIP received: 21495252 bytes in 141.05s
2026-07-08 15:25:42,736 - tender_scanner - INFO -   [OK] Supabase tenders_3: 1/1 rows
2026-07-08 15:25:42,936 - tender_scanner - INFO -   [DOWNLOAD] DCE: 236/26/ASST
2026-07-08 15:25:42,950 - tender_scanner - ERROR -   [ERROR] DCE: Error: Page.goto: net::ERR_NAME_NOT_RESOLVED at https://www.marchespublics.gov.ma/?page=entreprise.EntrepriseDetailConsultation&refConsultation=1020634&orgAcronyme=g3h
Call log:
navigating to "https://www.marchespublics.gov.ma/?page=entreprise.EntrepriseDetailConsultation&refConsultation=1020634&orgAcronyme=g3h", waiting until "domcontentloaded"

2026-07-08 15:25:43,748 - tender_scanner - INFO -   [OK] Supabase tenders_3: 1/1 rows
2026-07-08 15:25:43,925 - tender_scanner - INFO -   [DOWNLOAD] DCE: 226/26/EAU
2026-07-08 15:25:43,939 - tender_scanner - ERROR -   [ERROR] DCE: Error: Page.goto: net::ERR_NAME_NOT_RESOLVED at https://www.marchespublics.gov.ma/?page=entreprise.EntrepriseDetailConsultation&refConsultation=1020677&orgAcronyme=g3h
Call log:
navigating to "https://www.marchespublics.gov.ma/?page=entreprise.EntrepriseDetailConsultation&refConsultation=1020677&orgAcronyme=g3h", waiting until "domcontentloaded"

2026-07-08 15:25:44,692 - tender_scanner - INFO -   [OK] Supabase tenders_3: 1/1 rows
2026-07-08 15:25:44,862 - tender_scanner - INFO -   [DOWNLOAD] DCE: 245/26/EAU
2026-07-08 15:25:44,876 - tender_scanner - ERROR -   [ERROR] DCE: Error: Page.goto: net::ERR_NAME_NOT_RESOLVED at https://www.marchespublics.gov.ma/?page=entreprise.EntrepriseDetailConsultation&refConsultation=1020717&orgAcronyme=g3h
Call log:
navigating to "https://www.marchespublics.gov.ma/?page=entreprise.EntrepriseDetailConsultation&refConsultation=1020717&orgAcronyme=g3h", waiting until "domcontentloaded"

2026-07-08 15:33:26,375 - tender_scanner - INFO -   [OK] Supabase tenders_3: 1/1 rows
2026-07-08 15:33:26,558 - tender_scanner - INFO -   [DOWNLOAD] DCE: 325/2026/SRMCS
2026-07-08 15:33:44,653 - tender_scanner - INFO -   [FORM] Filling form...
2026-07-08 15:34:04,671 - tender_scanner - INFO -   [WAIT] Waiting for ZIP...
2026-07-08 15:34:17,862 - tender_scanner - INFO -   [OK] ZIP received: 4371112 bytes in 51.30s
2026-07-08 15:34:53,180 - tender_scanner - INFO -   [AUTO-INDEX] Démarrage indexation pour 325/2026/SRMCS...
2026-07-08 15:34:54,013 - tender_scanner - INFO -   [AUTO-INDEX] 325/2026/SRMCS: 0 chunks créés
2026-07-08 15:35:05,887 - tender_scanner - INFO -   [OK] Supabase tenders_3: 1/1 rows
2026-07-08 15:35:06,046 - tender_scanner - INFO -   [DOWNLOAD] DCE: 19/2026
2026-07-08 15:35:23,566 - tender_scanner - INFO -   [FORM] Filling form...
2026-07-08 15:35:44,873 - tender_scanner - INFO -   [WAIT] Waiting for ZIP...
2026-07-08 15:36:01,499 - tender_scanner - INFO -   [OK] ZIP received: 4098392 bytes in 55.45s
2026-07-08 15:36:43,022 - tender_scanner - INFO -   [OK] Supabase tenders_3: 1/1 rows
2026-07-08 15:36:43,194 - tender_scanner - INFO -   [DOWNLOAD] DCE: 217/26/EAU
2026-07-08 15:36:47,328 - tender_scanner - INFO -   [AUTO-INDEX] Démarrage indexation pour 19/2026...
2026-07-08 15:36:49,050 - tender_scanner - INFO -   [AUTO-INDEX] 19/2026: 0 chunks créés
2026-07-08 15:37:02,903 - tender_scanner - INFO -   [FORM] Filling form...
2026-07-08 15:37:22,952 - tender_scanner - INFO -   [WAIT] Waiting for ZIP...
2026-07-08 15:38:41,135 - tender_scanner - INFO -   [OK] ZIP received: 20228857 bytes in 117.94s
2026-07-08 15:40:14,955 - tender_scanner - INFO -   [OK] Supabase tenders_3: 1/1 rows
2026-07-08 15:40:15,133 - tender_scanner - INFO -   [DOWNLOAD] DCE: 218/26/EAU
2026-07-08 15:40:33,716 - tender_scanner - INFO -   [FORM] Filling form...
2026-07-08 15:40:55,813 - tender_scanner - INFO -   [WAIT] Waiting for ZIP...
2026-07-08 15:41:25,879 - tender_scanner - ERROR -   [ERROR] Timeout (5 min)
2026-07-08 15:41:28,424 - tender_scanner - WARNING -   [AUTO-INDEX] Échec pour 217/26/EAU: Storage error: HTTPSConnectionPool(host='uxriscdyynjmhazmrvhr.supabase.co', port=443): Read timed out.
2026-07-08 15:42:02,915 - tender_scanner - INFO -   [OK] Supabase tenders_3: 1/1 rows
2026-07-08 15:42:03,098 - tender_scanner - INFO -   [DOWNLOAD] DCE: 260/26/EAU
2026-07-08 15:42:20,255 - tender_scanner - INFO -   [FORM] Filling form...
2026-07-08 15:42:40,144 - tender_scanner - INFO -   [WAIT] Waiting for ZIP...
2026-07-08 15:43:32,269 - tender_scanner - INFO -   [OK] ZIP received: 19478199 bytes in 89.17s
2026-07-08 15:45:13,144 - tender_scanner - INFO -   [OK] Supabase tenders_3: 1/1 rows
2026-07-08 15:45:13,301 - tender_scanner - INFO -   [DOWNLOAD] DCE: 214/26/EAU
2026-07-08 15:45:31,903 - tender_scanner - INFO -   [FORM] Filling form...
2026-07-08 15:45:51,847 - tender_scanner - INFO -   [WAIT] Waiting for ZIP...
2026-07-08 15:45:58,663 - tender_scanner - INFO -   [AUTO-INDEX] Démarrage indexation pour 260/26/EAU...
2026-07-08 15:46:02,098 - tender_scanner - INFO -   [AUTO-INDEX] 260/26/EAU: 0 chunks créés
2026-07-08 15:46:33,133 - tender_scanner - INFO -   [OK] ZIP received: 20144346 bytes in 79.83s
2026-07-08 15:48:33,837 - tender_scanner - INFO -   [OK] Supabase tenders_3: 1/1 rows
2026-07-08 15:48:34,019 - tender_scanner - INFO -   [DOWNLOAD] DCE: 216/26/EAU
2026-07-08 15:48:51,487 - tender_scanner - INFO -   [FORM] Filling form...
2026-07-08 15:49:10,811 - tender_scanner - INFO -   [WAIT] Waiting for ZIP...
2026-07-08 15:49:55,256 - tender_scanner - INFO -   [OK] ZIP received: 20258387 bytes in 81.24s
2026-07-08 15:51:56,132 - tender_scanner - INFO -   [OK] Supabase tenders_3: 1/1 rows
2026-07-08 15:51:56,328 - tender_scanner - INFO -   [DOWNLOAD] DCE: 241/26/EAU
2026-07-08 15:52:13,471 - tender_scanner - INFO -   [FORM] Filling form...
2026-07-08 15:52:33,392 - tender_scanner - INFO -   [WAIT] Waiting for ZIP...
2026-07-08 15:54:07,650 - tender_scanner - INFO -   [OK] ZIP received: 22942203 bytes in 131.32s
2026-07-08 15:56:26,289 - tender_scanner - INFO -   [OK] Supabase tenders_3: 1/1 rows
2026-07-08 15:56:26,468 - tender_scanner - INFO -   [DOWNLOAD] DCE: 242/26/EAU
2026-07-08 15:56:43,821 - tender_scanner - INFO -   [FORM] Filling form...
2026-07-08 15:57:03,487 - tender_scanner - INFO -   [WAIT] Waiting for ZIP...
2026-07-08 15:59:04,429 - tender_scanner - INFO -   [OK] ZIP received: 23789146 bytes in 157.96s
2026-07-08 15:59:24,661 - tender_scanner - INFO -   [OK] Supabase tenders_3: 1/1 rows
2026-07-08 15:59:25,324 - tender_scanner - INFO -   [DOWNLOAD] DCE: 215/26/EAU
2026-07-08 15:59:43,485 - tender_scanner - INFO -   [FORM] Filling form...
2026-07-08 16:00:03,623 - tender_scanner - INFO -   [WAIT] Waiting for ZIP...
2026-07-08 16:01:52,198 - tender_scanner - INFO -   [OK] ZIP received: 22808790 bytes in 146.87s
2026-07-08 16:03:03,244 - tender_scanner - INFO -   [OK] Supabase tenders_3: 1/1 rows
2026-07-08 16:03:03,443 - tender_scanner - INFO -   [DOWNLOAD] DCE: 213/26/EAU
2026-07-08 16:03:20,601 - tender_scanner - INFO -   [FORM] Filling form...
2026-07-08 16:03:40,565 - tender_scanner - INFO -   [WAIT] Waiting for ZIP...
2026-07-08 16:05:00,799 - tender_scanner - INFO -   [OK] ZIP received: 19926808 bytes in 117.36s
2026-07-08 16:06:34,946 - tender_scanner - INFO -   [OK] Supabase tenders_3: 1/1 rows
2026-07-08 16:06:35,130 - tender_scanner - INFO -   [DOWNLOAD] DCE: 261/26/EAU
2026-07-08 16:06:52,456 - tender_scanner - INFO -   [FORM] Filling form...
2026-07-08 16:07:13,310 - tender_scanner - INFO -   [WAIT] Waiting for ZIP...
2026-07-08 16:07:55,552 - tender_scanner - INFO -   [OK] ZIP received: 22984828 bytes in 80.42s
2026-07-08 16:10:02,104 - tender_scanner - INFO -   [OK] Supabase tenders_3: 1/1 rows
2026-07-08 16:10:02,279 - tender_scanner - INFO -   [DOWNLOAD] DCE: 27/DR2/2026
2026-07-08 16:10:14,130 - tender_scanner - INFO -   [AUTO-INDEX] Démarrage indexation pour 261/26/EAU...
2026-07-08 16:10:14,621 - tender_scanner - INFO -   [AUTO-INDEX] 261/26/EAU: 0 chunks créés
2026-07-08 16:10:19,889 - tender_scanner - INFO -   [FORM] Filling form...
2026-07-08 16:10:39,754 - tender_scanner - INFO -   [WAIT] Waiting for ZIP...
2026-07-08 16:10:46,072 - tender_scanner - INFO -   [OK] ZIP received: 2377191 bytes in 43.79s
2026-07-08 16:11:07,537 - tender_scanner - INFO -   [AUTO-INDEX] Démarrage indexation pour 27/DR2/2026...
2026-07-08 16:11:08,045 - tender_scanner - INFO -   [AUTO-INDEX] 27/DR2/2026: 0 chunks créés
2026-07-08 16:11:30,983 - tender_scanner - INFO -   [OK] Supabase tenders_3: 1/1 rows
2026-07-08 16:11:31,176 - tender_scanner - INFO -   [DOWNLOAD] DCE: 29DR3/2026
2026-07-08 16:11:48,103 - tender_scanner - INFO -   [FORM] Filling form...
2026-07-08 16:12:08,331 - tender_scanner - INFO -   [WAIT] Waiting for ZIP...
2026-07-08 16:12:20,216 - tender_scanner - INFO -   [OK] ZIP received: 3179679 bytes in 49.04s
2026-07-08 16:12:36,675 - tender_scanner - INFO -   [OK] Supabase tenders_3: 1/1 rows
2026-07-08 16:12:36,875 - tender_scanner - INFO -   [DOWNLOAD] DCE: 51DR6/2026
2026-07-08 16:12:40,604 - tender_scanner - INFO -   [AUTO-INDEX] Démarrage indexation pour 29DR3/2026...
2026-07-08 16:12:41,030 - tender_scanner - INFO -   [AUTO-INDEX] 29DR3/2026: 0 chunks créés
2026-07-08 16:12:54,283 - tender_scanner - INFO -   [FORM] Filling form...
2026-07-08 16:13:14,058 - tender_scanner - INFO -   [WAIT] Waiting for ZIP...
2026-07-08 16:13:23,360 - tender_scanner - INFO -   [OK] ZIP received: 2123546 bytes in 46.49s
2026-07-08 16:13:39,210 - tender_scanner - INFO -   [AUTO-INDEX] Démarrage indexation pour 51DR6/2026...
2026-07-08 16:13:39,721 - tender_scanner - INFO -   [AUTO-INDEX] 51DR6/2026: 0 chunks créés
2026-07-08 16:13:48,368 - tender_scanner - INFO -   [OK] Supabase tenders_3: 1/1 rows
2026-07-08 16:13:48,541 - tender_scanner - INFO -   [DOWNLOAD] DCE: 10009949
2026-07-08 16:14:06,968 - tender_scanner - INFO -   [FORM] Filling form...
2026-07-08 16:14:28,006 - tender_scanner - INFO -   [WAIT] Waiting for ZIP...
2026-07-08 16:14:37,122 - tender_scanner - INFO -   [OK] ZIP received: 3801077 bytes in 48.58s
2026-07-08 16:15:02,899 - tender_scanner - INFO -   [AUTO-INDEX] Démarrage indexation pour 10009949...
2026-07-08 16:15:03,681 - tender_scanner - INFO -   [AUTO-INDEX] 10009949: 0 chunks créés
2026-07-08 16:15:23,703 - tender_scanner - INFO -   [OK] Supabase tenders_3: 1/1 rows
2026-07-08 16:15:23,936 - tender_scanner - INFO -   [DOWNLOAD] DCE: 10008351
2026-07-08 16:15:43,960 - tender_scanner - INFO -   [FORM] Filling form...
2026-07-08 16:16:03,767 - tender_scanner - INFO -   [WAIT] Waiting for ZIP...
2026-07-08 16:16:16,171 - tender_scanner - INFO -   [OK] ZIP received: 3663612 bytes in 52.24s
2026-07-08 16:16:40,442 - tender_scanner - INFO -   [OK] Supabase tenders_3: 1/1 rows
2026-07-08 16:16:40,642 - tender_scanner - INFO -   [DOWNLOAD] DCE: 10010185
2026-07-08 16:16:46,973 - tender_scanner - INFO -   [AUTO-INDEX] Démarrage indexation pour 10008351...
2026-07-08 16:16:47,439 - tender_scanner - INFO -   [AUTO-INDEX] 10008351: 0 chunks créés
2026-07-08 16:16:59,740 - tender_scanner - INFO -   [FORM] Filling form...
2026-07-08 16:17:19,562 - tender_scanner - INFO -   [WAIT] Waiting for ZIP...
2026-07-08 16:17:39,105 - tender_scanner - INFO -   [OK] ZIP received: 6352530 bytes in 58.46s
2026-07-08 16:18:20,650 - tender_scanner - INFO -   [AUTO-INDEX] Démarrage indexation pour 10010185...
2026-07-08 16:18:21,071 - tender_scanner - INFO -   [AUTO-INDEX] 10010185: 0 chunks créés
2026-07-08 16:18:25,681 - tender_scanner - INFO -   [OK] Supabase tenders_3: 1/1 rows
2026-07-08 16:18:25,822 - tender_scanner - INFO -   [DOWNLOAD] DCE: 10008342
2026-07-08 16:18:43,029 - tender_scanner - INFO -   [FORM] Filling form...
2026-07-08 16:19:03,407 - tender_scanner - INFO -   [WAIT] Waiting for ZIP...
2026-07-08 16:19:14,041 - tender_scanner - INFO -   [OK] ZIP received: 3460468 bytes in 48.22s
2026-07-08 16:19:33,539 - tender_scanner - INFO -   [OK] Supabase tenders_3: 1/1 rows
2026-07-08 16:19:33,723 - tender_scanner - INFO -   [DOWNLOAD] DCE: OUEZ/21/2026
2026-07-08 16:19:38,586 - tender_scanner - INFO -   [AUTO-INDEX] Démarrage indexation pour 10008342...
2026-07-08 16:19:39,093 - tender_scanner - INFO -   [AUTO-INDEX] 10008342: 0 chunks créés
2026-07-08 16:19:51,591 - tender_scanner - INFO -   [FORM] Filling form...
2026-07-08 16:20:11,627 - tender_scanner - INFO -   [WAIT] Waiting for ZIP...
2026-07-08 16:20:16,640 - tender_scanner - INFO -   [OK] ZIP received: 1105887 bytes in 42.92s
2026-07-08 16:20:26,478 - tender_scanner - INFO -   [AUTO-INDEX] Démarrage indexation pour OUEZ/21/2026...
2026-07-08 16:20:26,971 - tender_scanner - INFO -   [AUTO-INDEX] OUEZ/21/2026: 0 chunks créés
2026-07-08 16:20:38,382 - tender_scanner - INFO -   [OK] Supabase tenders_3: 1/1 rows
2026-07-08 16:20:38,524 - tender_scanner - INFO -   [DOWNLOAD] DCE: 10010165
2026-07-08 16:20:55,585 - tender_scanner - INFO -   [FORM] Filling form...
2026-07-08 16:21:15,497 - tender_scanner - INFO -   [WAIT] Waiting for ZIP...
2026-07-08 16:21:33,328 - tender_scanner - INFO -   [OK] ZIP received: 5716095 bytes in 54.80s
2026-07-08 16:22:07,324 - tender_scanner - INFO -   [AUTO-INDEX] Démarrage indexation pour 10010165...
2026-07-08 16:22:07,712 - tender_scanner - INFO -   [AUTO-INDEX] 10010165: 0 chunks créés
2026-07-08 16:22:13,947 - tender_scanner - INFO -   [OK] Supabase tenders_3: 1/1 rows
2026-07-08 16:22:14,131 - tender_scanner - INFO -   [DOWNLOAD] DCE: 02/2026
2026-07-08 16:22:31,245 - tender_scanner - INFO -   [FORM] Filling form...
2026-07-08 16:22:51,407 - tender_scanner - INFO -   [WAIT] Waiting for ZIP...
2026-07-08 16:22:58,781 - tender_scanner - INFO -   [OK] ZIP received: 2734643 bytes in 44.65s
2026-07-08 16:23:19,349 - tender_scanner - INFO -   [AUTO-INDEX] Démarrage indexation pour 02/2026...
2026-07-08 16:23:19,720 - tender_scanner - INFO -   [AUTO-INDEX] 02/2026: 0 chunks créés
2026-07-08 16:23:41,927 - tender_scanner - INFO -   [OK] Supabase tenders_3: 1/1 rows
2026-07-08 16:23:42,120 - tender_scanner - INFO -   [DOWNLOAD] DCE: 10008341
2026-07-08 16:23:59,485 - tender_scanner - INFO -   [FORM] Filling form...
2026-07-08 16:24:19,431 - tender_scanner - INFO -   [WAIT] Waiting for ZIP...
2026-07-08 16:24:27,771 - tender_scanner - INFO -   [OK] ZIP received: 3471095 bytes in 45.65s
2026-07-08 16:24:55,249 - tender_scanner - INFO -   [OK] Supabase tenders_3: 1/1 rows
2026-07-08 16:24:55,397 - tender_scanner - INFO -   [DOWNLOAD] DCE: 40/DRC/CI/2026
2026-07-08 16:25:25,411 - tender_scanner - ERROR -   [ERROR] DCE: TimeoutError: Page.goto: Timeout 30000ms exceeded.
Call log:
navigating to "https://www.marchespublics.gov.ma/?page=entreprise.EntrepriseDetailConsultation&refConsultation=1018115&orgAcronyme=d4q", waiting until "domcontentloaded"

2026-07-08 16:25:25,843 - tender_scanner - WARNING -   [AUTO-INDEX] Échec pour 10008341: Storage error: HTTPSConnectionPool(host='uxriscdyynjmhazmrvhr.supabase.co', port=443): Read timed out.
2026-07-08 16:25:38,503 - tender_scanner - INFO -   [OK] Supabase tenders_3: 1/1 rows
2026-07-08 16:25:38,694 - tender_scanner - INFO -   [DOWNLOAD] DCE: 10008339
2026-07-08 16:25:55,750 - tender_scanner - INFO -   [FORM] Filling form...
2026-07-08 16:26:15,611 - tender_scanner - INFO -   [WAIT] Waiting for ZIP...
2026-07-08 16:26:23,755 - tender_scanner - INFO -   [OK] ZIP received: 3658596 bytes in 45.06s
2026-07-08 16:27:46,966 - tender_scanner - INFO -   [OK] Supabase tenders_3: 1/1 rows
2026-07-08 16:27:47,145 - tender_scanner - INFO -   [DOWNLOAD] DCE: 10008483
2026-07-08 16:28:04,366 - tender_scanner - INFO -   [FORM] Filling form...
2026-07-08 16:28:24,330 - tender_scanner - INFO -   [WAIT] Waiting for ZIP...
2026-07-08 16:28:35,175 - tender_scanner - INFO -   [OK] ZIP received: 3987397 bytes in 48.03s
2026-07-08 16:29:01,447 - tender_scanner - INFO -   [OK] Supabase tenders_3: 1/1 rows
2026-07-08 16:29:01,636 - tender_scanner - INFO -   [DOWNLOAD] DCE: A/049/26
2026-07-08 16:29:21,910 - tender_scanner - INFO -   [FORM] Filling form...
2026-07-08 16:29:36,730 - tender_scanner - WARNING -   [AUTO-INDEX] Échec pour 10008483: Storage error: HTTPSConnectionPool(host='uxriscdyynjmhazmrvhr.supabase.co', port=443): Read timed out.
2026-07-08 16:29:42,907 - tender_scanner - INFO -   [WAIT] Waiting for ZIP...
2026-07-08 16:31:20,940 - tender_scanner - INFO -   [OK] ZIP received: 34060562 bytes in 139.30s
2026-07-08 16:32:34,808 - tender_scanner - INFO -   [OK] Supabase tenders_3: 1/1 rows
2026-07-08 16:32:35,001 - tender_scanner - INFO -   [DOWNLOAD] DCE: 198/26/ASST
2026-07-08 16:32:52,063 - tender_scanner - INFO -   [FORM] Filling form...
2026-07-08 16:33:12,459 - tender_scanner - INFO -   [WAIT] Waiting for ZIP...
2026-07-08 16:34:18,629 - tender_scanner - INFO -   [OK] ZIP received: 18534003 bytes in 103.63s
2026-07-08 16:36:19,983 - tender_scanner - INFO -   [OK] Supabase tenders_3: 1/1 rows
2026-07-08 16:36:20,185 - tender_scanner - INFO -   [DOWNLOAD] DCE: 263/26/ELEC
2026-07-08 16:36:37,251 - tender_scanner - INFO -   [FORM] Filling form...
2026-07-08 16:36:59,141 - tender_scanner - INFO -   [WAIT] Waiting for ZIP...
2026-07-08 16:37:09,958 - tender_scanner - INFO -   [OK] ZIP received: 3024169 bytes in 49.77s
2026-07-08 16:37:44,348 - tender_scanner - INFO -   [AUTO-INDEX] Démarrage indexation pour 263/26/ELEC...
2026-07-08 16:37:44,914 - tender_scanner - INFO -   [AUTO-INDEX] 263/26/ELEC: 0 chunks créés
2026-07-08 16:38:03,273 - tender_scanner - INFO -   [OK] Supabase tenders_3: 1/1 rows
2026-07-08 16:38:03,461 - tender_scanner - INFO -   [DOWNLOAD] DCE: 014/2026/AMENDISTE
2026-07-08 16:38:20,988 - tender_scanner - INFO -   [FORM] Filling form...
2026-07-08 16:38:41,255 - tender_scanner - INFO -   [WAIT] Waiting for ZIP...
2026-07-08 16:39:13,730 - tender_scanner - INFO -   [OK] ZIP received: 7737369 bytes in 70.27s
2026-07-08 16:40:14,792 - tender_scanner - INFO -   [AUTO-INDEX] Démarrage indexation pour 014/2026/AMENDISTE...
2026-07-08 16:40:15,270 - tender_scanner - INFO -   [AUTO-INDEX] 014/2026/AMENDISTE: 0 chunks créés
2026-07-08 16:40:24,680 - tender_scanner - INFO -   [OK] Supabase tenders_3: 1/1 rows
2026-07-08 16:40:24,872 - tender_scanner - INFO -   [DOWNLOAD] DCE: 50/2026/DR9/C/I
2026-07-08 16:40:42,345 - tender_scanner - INFO -   [FORM] Filling form...
2026-07-08 16:41:01,105 - tender_scanner - INFO -   [WAIT] Waiting for ZIP...
2026-07-08 16:41:11,836 - tender_scanner - INFO -   [OK] ZIP received: 2006471 bytes in 46.96s
2026-07-08 16:41:22,225 - tender_scanner - INFO -   [OK] Supabase tenders_3: 1/1 rows
2026-07-08 16:41:23,977 - tender_scanner - INFO -   [DOWNLOAD] DCE: 32/DRC/CI/2026
2026-07-08 16:41:24,886 - tender_scanner - INFO -   [AUTO-INDEX] Démarrage indexation pour 50/2026/DR9/C/I...
2026-07-08 16:41:25,374 - tender_scanner - INFO -   [AUTO-INDEX] 50/2026/DR9/C/I: 0 chunks créés
2026-07-08 16:41:41,269 - tender_scanner - INFO -   [FORM] Filling form...
2026-07-08 16:42:01,499 - tender_scanner - INFO -   [WAIT] Waiting for ZIP...
2026-07-08 16:42:16,593 - tender_scanner - INFO -   [OK] ZIP received: 4433159 bytes in 52.62s
2026-07-08 16:42:42,245 - tender_scanner - INFO -   [OK] Supabase tenders_3: 1/1 rows
2026-07-08 16:42:42,422 - tender_scanner - INFO -   [DOWNLOAD] DCE: 28/DRD/CD/D/2026
2026-07-08 16:42:49,302 - tender_scanner - INFO -   [AUTO-INDEX] Démarrage indexation pour 32/DRC/CI/2026...
2026-07-08 16:42:49,750 - tender_scanner - INFO -   [AUTO-INDEX] 32/DRC/CI/2026: 0 chunks créés
2026-07-08 16:42:59,634 - tender_scanner - INFO -   [FORM] Filling form...
2026-07-08 16:43:19,560 - tender_scanner - INFO -   [WAIT] Waiting for ZIP...
2026-07-08 16:43:32,239 - tender_scanner - INFO -   [OK] ZIP received: 3167973 bytes in 49.82s
2026-07-08 16:43:47,915 - tender_scanner - INFO -   [OK] Supabase tenders_3: 1/1 rows
2026-07-08 16:43:48,099 - tender_scanner - INFO -   [DOWNLOAD] DCE: 26/DRD/CD/D/2026
2026-07-08 16:43:51,855 - tender_scanner - INFO -   [AUTO-INDEX] Démarrage indexation pour 28/DRD/CD/D/2026...
2026-07-08 16:43:52,193 - tender_scanner - INFO -   [AUTO-INDEX] 28/DRD/CD/D/2026: 0 chunks créés
2026-07-08 16:44:05,384 - tender_scanner - INFO -   [FORM] Filling form...
2026-07-08 16:44:25,610 - tender_scanner - INFO -   [WAIT] Waiting for ZIP...
2026-07-08 16:44:33,394 - tender_scanner - INFO -   [OK] ZIP received: 2847874 bytes in 45.30s
2026-07-08 16:44:56,155 - tender_scanner - INFO -   [AUTO-INDEX] Démarrage indexation pour 26/DRD/CD/D/2026...
2026-07-08 16:44:56,615 - tender_scanner - INFO -   [AUTO-INDEX] 26/DRD/CD/D/2026: 0 chunks créés
2026-07-08 16:45:04,475 - tender_scanner - INFO -   [OK] Supabase tenders_3: 1/1 rows
2026-07-08 16:45:04,656 - tender_scanner - INFO -   [DOWNLOAD] DCE: 27/DRD/CD/D/2026
2026-07-08 16:45:21,654 - tender_scanner - INFO -   [FORM] Filling form...
2026-07-08 16:45:42,027 - tender_scanner - INFO -   [WAIT] Waiting for ZIP...
2026-07-08 16:45:49,050 - tender_scanner - INFO -   [OK] ZIP received: 1883405 bytes in 44.39s
2026-07-08 16:45:59,669 - tender_scanner - INFO -   [OK] Supabase tenders_3: 1/1 rows
2026-07-08 16:45:59,862 - tender_scanner - INFO -   [DOWNLOAD] DCE: 29/DRD/CD/D/2026
2026-07-08 16:46:02,681 - tender_scanner - INFO -   [AUTO-INDEX] Démarrage indexation pour 27/DRD/CD/D/2026...
2026-07-08 16:46:03,162 - tender_scanner - INFO -   [AUTO-INDEX] 27/DRD/CD/D/2026: 0 chunks créés
2026-07-08 16:46:16,888 - tender_scanner - INFO -   [FORM] Filling form...
2026-07-08 16:46:37,251 - tender_scanner - INFO -   [WAIT] Waiting for ZIP...
2026-07-08 16:46:43,931 - tender_scanner - INFO -   [OK] ZIP received: 1795242 bytes in 44.07s
2026-07-08 16:46:55,443 - tender_scanner - INFO -   [OK] Supabase tenders_3: 1/1 rows
2026-07-08 16:46:55,622 - tender_scanner - INFO -   [DOWNLOAD] DCE: 31/DRD/CI/SPD/2/2026
2026-07-08 16:46:58,243 - tender_scanner - INFO -   [AUTO-INDEX] Démarrage indexation pour 29/DRD/CD/D/2026...
2026-07-08 16:46:58,653 - tender_scanner - INFO -   [AUTO-INDEX] 29/DRD/CD/D/2026: 0 chunks créés
2026-07-08 16:47:12,896 - tender_scanner - INFO -   [FORM] Filling form...
2026-07-08 16:47:32,690 - tender_scanner - INFO -   [WAIT] Waiting for ZIP...
2026-07-08 16:47:42,349 - tender_scanner - INFO -   [OK] ZIP received: 2791070 bytes in 46.73s
2026-07-08 16:48:05,468 - tender_scanner - INFO -   [OK] Supabase tenders_3: 1/1 rows
2026-07-08 16:48:05,641 - tender_scanner - INFO -   [DOWNLOAD] DCE: 51/2026/DR9/C
2026-07-08 16:48:10,737 - tender_scanner - INFO -   [AUTO-INDEX] Démarrage indexation pour 31/DRD/CI/SPD/2/2026...
2026-07-08 16:48:11,216 - tender_scanner - INFO -   [AUTO-INDEX] 31/DRD/CI/SPD/2/2026: 0 chunks créés
2026-07-08 16:48:23,564 - tender_scanner - INFO -   [FORM] Filling form...
2026-07-08 16:48:43,576 - tender_scanner - INFO -   [WAIT] Waiting for ZIP...
2026-07-08 16:48:51,006 - tender_scanner - INFO -   [OK] ZIP received: 1810752 bytes in 45.36s
2026-07-08 16:49:07,260 - tender_scanner - INFO -   [OK] Supabase tenders_3: 1/1 rows
2026-07-08 16:49:07,443 - tender_scanner - INFO -   [DOWNLOAD] DCE: 30/DAM/ED/2026
2026-07-08 16:49:09,739 - tender_scanner - INFO -   [AUTO-INDEX] Démarrage indexation pour 51/2026/DR9/C...
2026-07-08 16:49:10,173 - tender_scanner - INFO -   [AUTO-INDEX] 51/2026/DR9/C: 0 chunks créés
2026-07-08 16:49:25,274 - tender_scanner - INFO -   [FORM] Filling form...
2026-07-08 16:49:45,750 - tender_scanner - INFO -   [WAIT] Waiting for ZIP...
2026-07-08 16:50:22,286 - tender_scanner - INFO -   [OK] ZIP received: 3374242 bytes in 74.84s
2026-07-08 16:50:49,931 - tender_scanner - INFO -   [OK] Supabase tenders_3: 1/1 rows
2026-07-08 16:50:50,117 - tender_scanner - INFO -   [DOWNLOAD] DCE: 06/DRO/RA/2026
2026-07-08 16:50:55,877 - tender_scanner - INFO -   [AUTO-INDEX] Démarrage indexation pour 30/DAM/ED/2026...
2026-07-08 16:50:56,499 - tender_scanner - INFO -   [AUTO-INDEX] 30/DAM/ED/2026: 0 chunks créés
2026-07-08 16:51:08,562 - tender_scanner - INFO -   [FORM] Filling form...
2026-07-08 16:51:28,389 - tender_scanner - INFO -   [WAIT] Waiting for ZIP...
2026-07-08 16:51:33,529 - tender_scanner - INFO -   [OK] ZIP received: 1626973 bytes in 43.41s
2026-07-08 16:51:46,728 - tender_scanner - INFO -   [AUTO-INDEX] Démarrage indexation pour 06/DRO/RA/2026...
2026-07-08 16:51:47,078 - tender_scanner - INFO -   [AUTO-INDEX] 06/DRO/RA/2026: 0 chunks créés
2026-07-08 16:51:57,434 - tender_scanner - INFO -   [OK] Supabase tenders_3: 1/1 rows
2026-07-08 16:51:58,850 - tender_scanner - INFO -   [DOWNLOAD] DCE: 62/2026
2026-07-08 16:52:15,802 - tender_scanner - INFO -   [FORM] Filling form...
2026-07-08 16:52:34,549 - tender_scanner - INFO -   [WAIT] Waiting for ZIP...
2026-07-08 16:55:55,721 - tender_scanner - INFO -   [OK] ZIP received: 27351427 bytes in 236.87s
2026-07-08 16:57:17,602 - tender_scanner - INFO -   [OK] Supabase tenders_3: 1/1 rows
2026-07-08 16:57:17,787 - tender_scanner - INFO -   [DOWNLOAD] DCE: 10008338
2026-07-08 16:57:35,114 - tender_scanner - INFO -   [FORM] Filling form...
2026-07-08 16:57:55,096 - tender_scanner - INFO -   [WAIT] Waiting for ZIP...
2026-07-08 16:58:18,237 - tender_scanner - INFO -   [OK] ZIP received: 4448517 bytes in 60.45s
2026-07-08 16:58:58,367 - tender_scanner - INFO -   [AUTO-INDEX] Démarrage indexation pour 10008338...
2026-07-08 16:58:58,847 - tender_scanner - INFO -   [AUTO-INDEX] 10008338: 0 chunks créés
2026-07-08 16:59:03,304 - tender_scanner - INFO -   [OK] Supabase tenders_3: 1/1 rows
2026-07-08 16:59:03,480 - tender_scanner - INFO -   [DOWNLOAD] DCE: 29/DAM/EE/2026
2026-07-08 16:59:20,625 - tender_scanner - INFO -   [FORM] Filling form...
2026-07-08 16:59:40,799 - tender_scanner - INFO -   [WAIT] Waiting for ZIP...
2026-07-08 16:59:52,472 - tender_scanner - INFO -   [OK] ZIP received: 3146182 bytes in 48.99s
2026-07-08 17:00:08,297 - tender_scanner - INFO -   [OK] Supabase tenders_3: 1/1 rows
2026-07-08 17:00:08,487 - tender_scanner - INFO -   [DOWNLOAD] DCE: 111/2026/AS
2026-07-08 17:00:16,021 - tender_scanner - INFO -   [AUTO-INDEX] Démarrage indexation pour 29/DAM/EE/2026...
2026-07-08 17:00:16,466 - tender_scanner - INFO -   [AUTO-INDEX] 29/DAM/EE/2026: 0 chunks créés
2026-07-08 17:00:29,175 - tender_scanner - INFO -   [FORM] Filling form...
2026-07-08 17:00:49,306 - tender_scanner - INFO -   [WAIT] Waiting for ZIP...
2026-07-08 17:01:58,927 - tender_scanner - INFO -   [OK] ZIP received: 20679666 bytes in 110.44s
2026-07-08 17:03:30,950 - tender_scanner - INFO -   [OK] Supabase tenders_3: 1/1 rows
2026-07-08 17:03:31,111 - tender_scanner - INFO -   [DOWNLOAD] DCE: AS3130477
2026-07-08 17:03:48,341 - tender_scanner - INFO -   [FORM] Filling form...
2026-07-08 17:04:08,486 - tender_scanner - INFO -   [WAIT] Waiting for ZIP...
2026-07-08 17:04:18,224 - tender_scanner - INFO -   [OK] ZIP received: 3781827 bytes in 47.11s
2026-07-08 17:04:41,347 - tender_scanner - INFO -   [OK] Supabase tenders_3: 1/1 rows
2026-07-08 17:04:41,534 - tender_scanner - INFO -   [DOWNLOAD] DCE: SR4130637/2026/ONEEBELEC
2026-07-08 17:04:45,974 - tender_scanner - INFO -   [AUTO-INDEX] Démarrage indexation pour AS3130477...
2026-07-08 17:04:46,339 - tender_scanner - INFO -   [AUTO-INDEX] AS3130477: 0 chunks créés
2026-07-08 17:04:58,640 - tender_scanner - INFO -   [FORM] Filling form...
2026-07-08 17:05:18,654 - tender_scanner - INFO -   [WAIT] Waiting for ZIP...
2026-07-08 17:05:25,945 - tender_scanner - INFO -   [OK] ZIP received: 2911195 bytes in 44.41s
2026-07-08 17:05:43,866 - tender_scanner - INFO -   [OK] Supabase tenders_3: 1/1 rows
2026-07-08 17:05:44,040 - tender_scanner - INFO -   [DOWNLOAD] DCE: 269/2026/SRMFM
2026-07-08 17:05:47,953 - tender_scanner - INFO -   [AUTO-INDEX] Démarrage indexation pour SR4130637/2026/ONEEBELEC...
2026-07-08 17:05:48,421 - tender_scanner - INFO -   [AUTO-INDEX] SR4130637/2026/ONEEBELEC: 0 chunks créés
2026-07-08 17:06:01,561 - tender_scanner - INFO -   [FORM] Filling form...
2026-07-08 17:06:21,895 - tender_scanner - INFO -   [WAIT] Waiting for ZIP...
2026-07-08 17:06:35,625 - tender_scanner - INFO -   [OK] ZIP received: 6966994 bytes in 51.58s
2026-07-08 17:07:22,878 - tender_scanner - INFO -   [AUTO-INDEX] Démarrage indexation pour 269/2026/SRMFM...
2026-07-08 17:07:23,344 - tender_scanner - INFO -   [AUTO-INDEX] 269/2026/SRMFM: 0 chunks créés
2026-07-08 17:07:26,465 - tender_scanner - INFO -   [OK] Supabase tenders_3: 1/1 rows
2026-07-08 17:07:26,644 - tender_scanner - INFO -   [DOWNLOAD] DCE: 42/2026/SRMFM
2026-07-08 17:07:43,850 - tender_scanner - INFO -   [FORM] Filling form...
2026-07-08 17:08:03,983 - tender_scanner - INFO -   [WAIT] Waiting for ZIP...
2026-07-08 17:08:18,402 - tender_scanner - INFO -   [OK] ZIP received: 5908322 bytes in 51.76s
2026-07-08 17:09:01,573 - tender_scanner - INFO -   [AUTO-INDEX] Démarrage indexation pour 42/2026/SRMFM...
2026-07-08 17:09:01,990 - tender_scanner - INFO -   [AUTO-INDEX] 42/2026/SRMFM: 0 chunks créés
2026-07-08 17:09:05,249 - tender_scanner - INFO -   [OK] Supabase tenders_3: 1/1 rows
2026-07-08 17:09:05,396 - tender_scanner - INFO -   [DOWNLOAD] DCE: 110/TTH/HO/2026
2026-07-08 17:09:24,039 - tender_scanner - INFO -   [FORM] Filling form...
2026-07-08 17:09:43,891 - tender_scanner - INFO -   [WAIT] Waiting for ZIP...
2026-07-08 17:10:56,713 - tender_scanner - WARNING -   [STOP] Download cancelled: Download.path: canceled
2026-07-08 17:18:10,615 - tender_scanner - INFO -   [OK] Supabase tenders_3: 1/1 rows
2026-07-08 17:18:10,795 - tender_scanner - INFO -   [DOWNLOAD] DCE: A/225/26
2026-07-08 17:18:28,035 - tender_scanner - INFO -   [FORM] Filling form...
2026-07-08 17:18:48,016 - tender_scanner - INFO -   [WAIT] Waiting for ZIP...
2026-07-08 17:19:18,152 - tender_scanner - INFO -   [OK] ZIP received: 17103932 bytes in 67.36s
2026-07-08 17:20:28,840 - tender_scanner - INFO -   [OK] Supabase tenders_3: 1/1 rows
2026-07-08 17:20:29,136 - tender_scanner - INFO -   [DOWNLOAD] DCE: O/047/26
2026-07-08 17:20:46,035 - tender_scanner - INFO -   [FORM] Filling form...
2026-07-08 17:21:06,267 - tender_scanner - INFO -   [WAIT] Waiting for ZIP...
2026-07-08 17:23:09,406 - tender_scanner - INFO -   [OK] ZIP received: 52053159 bytes in 160.27s
2026-07-08 17:25:48,844 - tender_scanner - INFO -   [OK] Supabase tenders_3: 1/1 rows
2026-07-08 17:25:49,084 - tender_scanner - INFO -   [DOWNLOAD] DCE: 19/2026/dpetdezagora
2026-07-08 17:26:07,325 - tender_scanner - INFO -   [FORM] Filling form...
2026-07-08 17:26:27,351 - tender_scanner - INFO -   [WAIT] Waiting for ZIP...
2026-07-08 17:26:32,966 - tender_scanner - INFO -   [OK] ZIP received: 1105010 bytes in 43.88s
2026-07-08 17:26:44,999 - tender_scanner - INFO -   [OK] Supabase tenders_3: 1/1 rows
2026-07-08 17:26:45,191 - tender_scanner - INFO -   [DOWNLOAD] DCE: AO18/2026/DRADT
2026-07-08 17:26:50,024 - tender_scanner - INFO -   [AUTO-INDEX] Démarrage indexation pour 19/2026/dpetdezagora...
2026-07-08 17:26:50,437 - tender_scanner - INFO -   [AUTO-INDEX] 19/2026/dpetdezagora: 0 chunks créés
2026-07-08 17:27:03,655 - tender_scanner - INFO -   [FORM] Filling form...
2026-07-08 17:27:23,908 - tender_scanner - INFO -   [WAIT] Waiting for ZIP...
2026-07-08 17:27:29,247 - tender_scanner - INFO -   [OK] ZIP received: 1368950 bytes in 44.06s
2026-07-08 17:27:49,218 - tender_scanner - INFO -   [AUTO-INDEX] Démarrage indexation pour AO18/2026/DRADT...
2026-07-08 17:27:49,626 - tender_scanner - INFO -   [AUTO-INDEX] AO18/2026/DRADT: 0 chunks créés
2026-07-08 17:27:54,794 - tender_scanner - INFO -   [OK] Supabase tenders_3: 1/1 rows
2026-07-08 17:27:54,993 - tender_scanner - INFO -   [DOWNLOAD] DCE: A/046/26
2026-07-08 17:28:12,221 - tender_scanner - INFO -   [FORM] Filling form...
2026-07-08 17:28:32,140 - tender_scanner - INFO -   [WAIT] Waiting for ZIP...
2026-07-08 17:30:23,486 - tender_scanner - WARNING -   [STOP] Download cancelled: Download.path: canceled
2026-07-08 17:38:03,372 - tender_scanner - INFO -   [OK] Supabase tenders_3: 1/1 rows
2026-07-08 17:38:03,553 - tender_scanner - INFO -   [DOWNLOAD] DCE: 75/AREPFM/2026
2026-07-08 17:38:20,507 - tender_scanner - INFO -   [FORM] Filling form...
2026-07-08 17:38:40,796 - tender_scanner - INFO -   [WAIT] Waiting for ZIP...
2026-07-08 17:38:47,387 - tender_scanner - INFO -   [OK] ZIP received: 1849513 bytes in 43.83s
2026-07-08 17:39:02,431 - tender_scanner - INFO -   [AUTO-INDEX] Démarrage indexation pour 75/AREPFM/2026...
2026-07-08 17:39:02,804 - tender_scanner - INFO -   [AUTO-INDEX] 75/AREPFM/2026: 0 chunks créés
2026-07-08 17:39:11,257 - tender_scanner - INFO -   [OK] Supabase tenders_3: 1/1 rows
2026-07-08 17:39:11,428 - tender_scanner - INFO -   [DOWNLOAD] DCE: 09/2026
2026-07-08 17:39:28,915 - tender_scanner - INFO -   [FORM] Filling form...
2026-07-08 17:39:48,998 - tender_scanner - INFO -   [WAIT] Waiting for ZIP...
2026-07-08 17:39:53,958 - tender_scanner - INFO -   [OK] ZIP received: 417627 bytes in 42.53s
2026-07-08 17:39:57,827 - tender_scanner - INFO -   [OK] Supabase tenders_3: 1/1 rows
2026-07-08 17:39:58,012 - tender_scanner - INFO -   [DOWNLOAD] DCE: 01/CTT/2026
2026-07-08 17:39:58,760 - tender_scanner - INFO -   [AUTO-INDEX] Démarrage indexation pour 09/2026...
2026-07-08 17:39:59,195 - tender_scanner - INFO -   [AUTO-INDEX] 09/2026: 0 chunks créés
2026-07-08 17:40:15,216 - tender_scanner - INFO -   [FORM] Filling form...
2026-07-08 17:40:35,236 - tender_scanner - INFO -   [WAIT] Waiting for ZIP...
2026-07-08 17:40:39,143 - tender_scanner - INFO -   [OK] ZIP received: 181991 bytes in 41.13s
2026-07-08 17:40:42,739 - tender_scanner - INFO -   [AUTO-INDEX] Démarrage indexation pour 01/CTT/2026...
2026-07-08 17:40:43,661 - tender_scanner - INFO -   [AUTO-INDEX] 01/CTT/2026: 0 chunks créés
2026-07-08 17:41:20,206 - tender_scanner - INFO -   [OK] Supabase tenders_3: 1/1 rows
2026-07-08 17:41:20,397 - tender_scanner - INFO -   [DOWNLOAD] DCE: 135/2026
2026-07-08 17:41:37,993 - tender_scanner - INFO -   [FORM] Filling form...
2026-07-08 17:41:57,845 - tender_scanner - INFO -   [WAIT] Waiting for ZIP...
2026-07-08 17:42:05,116 - tender_scanner - INFO -   [OK] ZIP received: 1591847 bytes in 44.72s
2026-07-08 17:42:19,358 - tender_scanner - INFO -   [AUTO-INDEX] Démarrage indexation pour 135/2026...
2026-07-08 17:42:19,719 - tender_scanner - INFO -   [AUTO-INDEX] 135/2026: 0 chunks créés
2026-07-08 17:42:29,263 - tender_scanner - INFO -   [OK] Supabase tenders_3: 1/1 rows
2026-07-08 17:42:29,447 - tender_scanner - INFO -   [DOWNLOAD] DCE: 10008257
2026-07-08 17:42:46,501 - tender_scanner - INFO -   [FORM] Filling form...
2026-07-08 17:43:07,079 - tender_scanner - INFO -   [WAIT] Waiting for ZIP...
2026-07-08 17:43:20,696 - tender_scanner - INFO -   [OK] ZIP received: 3676126 bytes in 51.25s
2026-07-08 17:43:47,536 - tender_scanner - INFO -   [OK] Supabase tenders_3: 1/1 rows
2026-07-08 17:43:47,724 - tender_scanner - INFO -   [DOWNLOAD] DCE: AO28DR3/2026
2026-07-08 17:43:54,972 - tender_scanner - INFO -   [AUTO-INDEX] Démarrage indexation pour 10008257...
2026-07-08 17:43:55,351 - tender_scanner - INFO -   [AUTO-INDEX] 10008257: 0 chunks créés
2026-07-08 17:44:05,410 - tender_scanner - INFO -   [FORM] Filling form...
2026-07-08 17:44:25,516 - tender_scanner - INFO -   [WAIT] Waiting for ZIP...
2026-07-08 17:44:43,875 - tender_scanner - INFO -   [OK] ZIP received: 5168539 bytes in 56.15s
2026-07-08 17:45:39,863 - tender_scanner - INFO -   [AUTO-INDEX] Démarrage indexation pour AO28DR3/2026...
2026-07-08 17:45:40,251 - tender_scanner - INFO -   [AUTO-INDEX] AO28DR3/2026: 0 chunks créés
2026-07-08 17:46:02,993 - tender_scanner - INFO -   [OK] Supabase tenders_3: 1/1 rows
2026-07-08 17:46:03,188 - tender_scanner - INFO -   [DOWNLOAD] DCE: 26/2026/ORMVAL
2026-07-08 17:46:20,262 - tender_scanner - INFO -   [FORM] Filling form...
2026-07-08 17:46:40,609 - tender_scanner - INFO -   [WAIT] Waiting for ZIP...
2026-07-08 17:46:49,421 - tender_scanner - INFO -   [OK] ZIP received: 2851211 bytes in 46.23s
2026-07-08 17:47:13,263 - tender_scanner - INFO -   [AUTO-INDEX] Démarrage indexation pour 26/2026/ORMVAL...
2026-07-08 17:47:13,752 - tender_scanner - INFO -   [AUTO-INDEX] 26/2026/ORMVAL: 0 chunks créés
2026-07-08 17:47:17,573 - tender_scanner - INFO -   [OK] Supabase tenders_3: 1/1 rows
2026-07-08 17:47:17,800 - tender_scanner - INFO -   [DOWNLOAD] DCE: 10009697
2026-07-08 17:47:35,148 - tender_scanner - INFO -   [FORM] Filling form...
2026-07-08 17:47:55,578 - tender_scanner - INFO -   [WAIT] Waiting for ZIP...
2026-07-08 17:48:20,978 - tender_scanner - INFO -   [OK] ZIP received: 13198763 bytes in 63.18s
2026-07-08 17:49:57,064 - tender_scanner - INFO -   [AUTO-INDEX] Démarrage indexation pour 10009697...
2026-07-08 17:49:57,473 - tender_scanner - INFO -   [AUTO-INDEX] 10009697: 0 chunks créés
2026-07-08 17:50:31,211 - tender_scanner - INFO -   [OK] Supabase tenders_3: 1/1 rows
2026-07-08 17:50:31,471 - tender_scanner - INFO -   [DOWNLOAD] DCE: PK2130504/2026/DXK
2026-07-08 17:50:48,969 - tender_scanner - INFO -   [FORM] Filling form...
2026-07-08 17:51:09,031 - tender_scanner - INFO -   [WAIT] Waiting for ZIP...
2026-07-08 17:51:16,273 - tender_scanner - INFO -   [OK] ZIP received: 1936623 bytes in 44.80s
2026-07-08 17:51:27,198 - tender_scanner - INFO -   [OK] Supabase tenders_3: 1/1 rows
2026-07-08 17:51:27,550 - tender_scanner - INFO -   [DOWNLOAD] DCE: PX3129317/DXR/2026
2026-07-08 17:51:30,057 - tender_scanner - INFO -   [AUTO-INDEX] Démarrage indexation pour PK2130504/2026/DXK...
2026-07-08 17:51:30,574 - tender_scanner - INFO -   [AUTO-INDEX] PK2130504/2026/DXK: 0 chunks créés
2026-07-08 17:51:44,886 - tender_scanner - INFO -   [FORM] Filling form...
2026-07-08 17:52:05,312 - tender_scanner - INFO -   [WAIT] Waiting for ZIP...
2026-07-08 17:52:16,713 - tender_scanner - INFO -   [OK] ZIP received: 4753629 bytes in 49.16s
2026-07-08 17:52:42,150 - tender_scanner - INFO -   [OK] Supabase tenders_3: 1/1 rows
2026-07-08 17:52:42,385 - tender_scanner - INFO -   [DOWNLOAD] DCE: AO27DR3/2026
2026-07-08 17:52:49,094 - tender_scanner - INFO -   [AUTO-INDEX] Démarrage indexation pour PX3129317/DXR/2026...
2026-07-08 17:52:49,512 - tender_scanner - INFO -   [AUTO-INDEX] PX3129317/DXR/2026: 0 chunks créés
2026-07-08 17:53:00,058 - tender_scanner - INFO -   [FORM] Filling form...
2026-07-08 17:53:19,968 - tender_scanner - INFO -   [WAIT] Waiting for ZIP...
2026-07-08 17:54:10,925 - tender_scanner - INFO -   [OK] ZIP received: 35959095 bytes in 88.54s
2026-07-08 17:56:25,642 - tender_scanner - INFO -   [OK] Supabase tenders_3: 1/1 rows
2026-07-08 17:56:25,802 - tender_scanner - INFO -   [DOWNLOAD] DCE: 27/DAM/S/2026
2026-07-08 17:56:42,916 - tender_scanner - INFO -   [FORM] Filling form...
2026-07-08 17:57:02,845 - tender_scanner - INFO -   [WAIT] Waiting for ZIP...
2026-07-08 17:57:09,148 - tender_scanner - INFO -   [OK] ZIP received: 1801219 bytes in 43.35s
2026-07-08 17:57:19,321 - tender_scanner - INFO -   [OK] Supabase tenders_3: 1/1 rows
2026-07-08 17:57:19,501 - tender_scanner - INFO -   [DOWNLOAD] DCE: GN3130572/2026/AGS/DXG
2026-07-08 17:57:22,440 - tender_scanner - INFO -   [AUTO-INDEX] Démarrage indexation pour 27/DAM/S/2026...
2026-07-08 17:57:22,806 - tender_scanner - INFO -   [AUTO-INDEX] 27/DAM/S/2026: 0 chunks créés
2026-07-08 17:57:38,130 - tender_scanner - INFO -   [FORM] Filling form...
2026-07-08 17:58:00,039 - tender_scanner - INFO -   [WAIT] Waiting for ZIP...
2026-07-08 17:58:09,005 - tender_scanner - INFO -   [OK] ZIP received: 2369531 bytes in 49.50s
2026-07-08 17:58:31,201 - tender_scanner - INFO -   [AUTO-INDEX] Démarrage indexation pour GN3130572/2026/AGS/DXG...
2026-07-08 17:58:31,738 - tender_scanner - INFO -   [AUTO-INDEX] GN3130572/2026/AGS/DXG: 0 chunks créés
2026-07-08 17:58:53,968 - tender_scanner - INFO -   [OK] Supabase tenders_3: 1/1 rows
2026-07-08 17:58:54,130 - tender_scanner - INFO -   [DOWNLOAD] DCE: 25/2026/BRO
2026-07-08 17:59:13,058 - tender_scanner - INFO -   [FORM] Filling form...
2026-07-08 17:59:33,897 - tender_scanner - INFO -   [WAIT] Waiting for ZIP...
2026-07-08 17:59:46,091 - tender_scanner - INFO -   [OK] ZIP received: 2147443 bytes in 51.96s
2026-07-08 18:00:07,276 - tender_scanner - INFO -   [AUTO-INDEX] Démarrage indexation pour 25/2026/BRO...
2026-07-08 18:00:07,777 - tender_scanner - INFO -   [AUTO-INDEX] 25/2026/BRO: 0 chunks créés
2026-07-08 18:00:17,396 - tender_scanner - INFO -   [OK] Supabase tenders_3: 1/1 rows
2026-07-08 18:00:17,559 - tender_scanner - INFO -   [DOWNLOAD] DCE: 12/2026/BP
2026-07-08 18:00:34,600 - tender_scanner - INFO -   [FORM] Filling form...
2026-07-08 18:00:54,781 - tender_scanner - INFO -   [WAIT] Waiting for ZIP...
2026-07-08 18:01:06,800 - tender_scanner - INFO -   [OK] ZIP received: 4974234 bytes in 49.24s
2026-07-08 18:01:53,059 - tender_scanner - INFO -   [AUTO-INDEX] Démarrage indexation pour 12/2026/BP...
2026-07-08 18:01:53,554 - tender_scanner - INFO -   [AUTO-INDEX] 12/2026/BP: 0 chunks créés
2026-07-08 18:01:55,851 - tender_scanner - INFO -   [OK] Supabase tenders_3: 1/1 rows
2026-07-08 18:01:56,028 - tender_scanner - INFO -   [DOWNLOAD] DCE: 45DR6/2026
2026-07-08 18:02:12,957 - tender_scanner - INFO -   [FORM] Filling form...
2026-07-08 18:02:32,975 - tender_scanner - INFO -   [WAIT] Waiting for ZIP...
2026-07-08 18:02:38,745 - tender_scanner - INFO -   [OK] ZIP received: 1226476 bytes in 42.72s
2026-07-08 18:02:47,805 - tender_scanner - INFO -   [OK] Supabase tenders_3: 1/1 rows
2026-07-08 18:02:48,015 - tender_scanner - INFO -   [DOWNLOAD] DCE: 47DR6/2026
2026-07-08 18:02:57,256 - tender_scanner - INFO -   [AUTO-INDEX] Démarrage indexation pour 45DR6/2026...
2026-07-08 18:02:57,789 - tender_scanner - INFO -   [AUTO-INDEX] 45DR6/2026: 0 chunks créés
2026-07-08 18:03:09,793 - tender_scanner - INFO -   [FORM] Filling form...
2026-07-08 18:03:29,811 - tender_scanner - INFO -   [WAIT] Waiting for ZIP...
2026-07-08 18:03:40,085 - tender_scanner - INFO -   [OK] ZIP received: 1282560 bytes in 52.07s
2026-07-08 18:03:59,447 - tender_scanner - INFO -   [OK] Supabase tenders_3: 1/1 rows
2026-07-08 18:03:59,636 - tender_scanner - INFO -   [DOWNLOAD] DCE: 278/2026/SRMCS
2026-07-08 18:04:02,336 - tender_scanner - INFO -   [AUTO-INDEX] Démarrage indexation pour 47DR6/2026...
2026-07-08 18:04:02,816 - tender_scanner - INFO -   [AUTO-INDEX] 47DR6/2026: 0 chunks créés
2026-07-08 18:04:16,836 - tender_scanner - INFO -   [FORM] Filling form...
2026-07-08 18:04:37,255 - tender_scanner - INFO -   [WAIT] Waiting for ZIP...
2026-07-08 18:10:47,703 - tender_scanner - WARNING -   [STOP] Download cancelled: Download.path: canceled
2026-07-08 18:10:48,032 - tender_scanner - INFO -   [DOWNLOAD] DCE: 10008700
2026-07-08 18:10:49,863 - tender_scanner - ERROR -   [ERROR] DCE: Error: Page.goto: net::ERR_INTERNET_DISCONNECTED at https://www.marchespublics.gov.ma/?page=entreprise.EntrepriseDetailConsultation&refConsultation=1018085&orgAcronyme=g3h
Call log:
navigating to "https://www.marchespublics.gov.ma/?page=entreprise.EntrepriseDetailConsultation&refConsultation=1018085&orgAcronyme=g3h", waiting until "domcontentloaded"

2026-07-08 18:18:01,262 - tender_scanner - INFO -   [OK] Supabase tenders_3: 1/1 rows
2026-07-08 18:18:01,432 - tender_scanner - INFO -   [DOWNLOAD] DCE: 28/DR5/2026
2026-07-08 18:18:18,483 - tender_scanner - INFO -   [FORM] Filling form...
2026-07-08 18:18:38,126 - tender_scanner - INFO -   [WAIT] Waiting for ZIP...
2026-07-08 18:19:36,175 - tender_scanner - INFO -   [OK] ZIP received: 29280278 bytes in 94.74s
2026-07-08 18:22:13,579 - tender_scanner - INFO -   [OK] Supabase tenders_3: 1/1 rows
2026-07-08 18:22:13,773 - tender_scanner - INFO -   [DOWNLOAD] DCE: 09/2026/DR4
2026-07-08 18:22:35,390 - tender_scanner - INFO -   [FORM] Filling form...
2026-07-08 18:22:55,001 - tender_scanner - INFO -   [WAIT] Waiting for ZIP...
2026-07-08 18:23:28,779 - tender_scanner - INFO -   [OK] ZIP received: 1534413 bytes in 75.01s
2026-07-08 18:23:47,380 - tender_scanner - INFO -   [OK] Supabase tenders_3: 1/1 rows
2026-07-08 18:23:47,985 - tender_scanner - INFO -   [DOWNLOAD] DCE: 10/2026/DR4
2026-07-08 18:23:54,467 - tender_scanner - INFO -   [AUTO-INDEX] Démarrage indexation pour 09/2026/DR4...
2026-07-08 18:23:54,899 - tender_scanner - INFO -   [AUTO-INDEX] 09/2026/DR4: 0 chunks créés
2026-07-08 18:24:09,809 - tender_scanner - INFO -   [FORM] Filling form...
2026-07-08 18:24:29,830 - tender_scanner - INFO -   [WAIT] Waiting for ZIP...
2026-07-08 18:25:16,798 - tender_scanner - INFO -   [OK] ZIP received: 2584363 bytes in 88.81s
2026-07-08 18:25:58,991 - tender_scanner - INFO -   [OK] Supabase tenders_3: 1/1 rows
2026-07-08 18:25:59,671 - tender_scanner - INFO -   [DOWNLOAD] DCE: 10006958
2026-07-08 18:26:27,250 - tender_scanner - INFO -   [AUTO-INDEX] Démarrage indexation pour 10/2026/DR4...
2026-07-08 18:26:28,399 - tender_scanner - INFO -   [AUTO-INDEX] 10/2026/DR4: 0 chunks créés
2026-07-08 18:26:32,004 - tender_scanner - INFO -   [FORM] Filling form...
2026-07-08 18:26:51,202 - tender_scanner - INFO -   [WAIT] Waiting for ZIP...
2026-07-08 18:27:21,234 - tender_scanner - ERROR -   [ERROR] Timeout (5 min)
2026-07-08 18:27:49,893 - tender_scanner - INFO -   [OK] Supabase tenders_3: 1/1 rows
2026-07-08 18:27:50,844 - tender_scanner - INFO -   [DOWNLOAD] DCE: PM1130207/2026/DXM
2026-07-08 18:28:13,476 - tender_scanner - INFO -   [FORM] Filling form...
2026-07-08 18:28:32,911 - tender_scanner - INFO -   [WAIT] Waiting for ZIP...
2026-07-08 18:28:40,446 - tender_scanner - INFO -   [OK] ZIP received: 2053793 bytes in 49.60s
2026-07-08 18:28:54,901 - tender_scanner - INFO -   [OK] Supabase tenders_3: 1/1 rows
2026-07-08 18:28:55,534 - tender_scanner - INFO -   [DOWNLOAD] DCE: PM2130550/2026/DXM
2026-07-08 18:29:06,459 - tender_scanner - INFO -   [AUTO-INDEX] Démarrage indexation pour PM1130207/2026/DXM...
2026-07-08 18:29:06,919 - tender_scanner - INFO -   [AUTO-INDEX] PM1130207/2026/DXM: 0 chunks créés
2026-07-08 18:29:14,459 - tender_scanner - INFO -   [FORM] Filling form...
2026-07-08 18:29:34,026 - tender_scanner - INFO -   [WAIT] Waiting for ZIP...
2026-07-08 18:29:44,169 - tender_scanner - INFO -   [OK] ZIP received: 2066776 bytes in 48.63s
2026-07-08 18:30:01,791 - tender_scanner - INFO -   [OK] Supabase tenders_3: 1/1 rows
2026-07-08 18:30:01,922 - tender_scanner - INFO -   [DOWNLOAD] DCE: PM2130628/2026/DXM
2026-07-08 18:30:22,697 - tender_scanner - INFO -   [FORM] Filling form...
2026-07-08 18:30:35,105 - tender_scanner - WARNING -   [AUTO-INDEX] Échec pour PM2130550/2026/DXM: Storage error: HTTPSConnectionPool(host='uxriscdyynjmhazmrvhr.supabase.co', port=443): Read timed out.
2026-07-08 18:30:45,450 - tender_scanner - INFO -   [WAIT] Waiting for ZIP...
2026-07-08 18:31:15,513 - tender_scanner - ERROR -   [ERROR] Timeout (5 min)
2026-07-08 18:31:16,063 - tender_scanner - INFO -   [OK] Supabase tenders_3: 1/1 rows
2026-07-08 18:31:16,268 - tender_scanner - INFO -   [DOWNLOAD] DCE: PM2130185/2026/DXM
2026-07-08 18:31:38,216 - tender_scanner - INFO -   [FORM] Filling form...
2026-07-08 18:31:57,775 - tender_scanner - INFO -   [WAIT] Waiting for ZIP...
2026-07-08 18:32:22,692 - tender_scanner - INFO -   [OK] ZIP received: 1985293 bytes in 66.42s
2026-07-08 18:32:52,812 - tender_scanner - INFO -   [OK] Supabase tenders_3: 1/1 rows
2026-07-08 18:32:52,959 - tender_scanner - INFO -   [DOWNLOAD] DCE: 38/2026/SRMFM
2026-07-08 18:33:08,722 - tender_scanner - INFO -   [AUTO-INDEX] Démarrage indexation pour PM2130185/2026/DXM...
2026-07-08 18:33:09,182 - tender_scanner - INFO -   [AUTO-INDEX] PM2130185/2026/DXM: 0 chunks créés
2026-07-08 18:33:21,466 - tender_scanner - INFO -   [FORM] Filling form...
2026-07-08 18:33:40,850 - tender_scanner - INFO -   [WAIT] Waiting for ZIP...
2026-07-08 18:33:56,033 - tender_scanner - INFO -   [OK] ZIP received: 4673661 bytes in 63.07s
2026-07-08 18:34:23,307 - tender_scanner - INFO -   [OK] Supabase tenders_3: 1/1 rows
2026-07-08 18:34:23,489 - tender_scanner - INFO -   [DOWNLOAD] DCE: 106/2026/SRMFM
2026-07-08 18:34:41,134 - tender_scanner - INFO -   [AUTO-INDEX] Démarrage indexation pour 38/2026/SRMFM...
2026-07-08 18:34:44,857 - tender_scanner - INFO -   [AUTO-INDEX] 38/2026/SRMFM: 0 chunks créés
2026-07-08 18:34:49,297 - tender_scanner - INFO -   [FORM] Filling form...
2026-07-08 18:35:09,073 - tender_scanner - INFO -   [WAIT] Waiting for ZIP...
2026-07-08 18:35:20,018 - tender_scanner - INFO -   [OK] ZIP received: 4762368 bytes in 56.53s
2026-07-08 18:36:10,735 - tender_scanner - INFO -   [OK] Supabase tenders_3: 1/1 rows
2026-07-08 18:36:11,384 - tender_scanner - INFO -   [DOWNLOAD] DCE: 274/2026/SRMFM
2026-07-08 18:36:32,014 - tender_scanner - INFO -   [FORM] Filling form...
2026-07-08 18:36:38,503 - tender_scanner - INFO -   [AUTO-INDEX] Démarrage indexation pour 106/2026/SRMFM...
2026-07-08 18:36:41,007 - tender_scanner - INFO -   [AUTO-INDEX] 106/2026/SRMFM: 0 chunks créés
2026-07-08 18:36:58,750 - tender_scanner - INFO -   [WAIT] Waiting for ZIP...
2026-07-08 18:41:58,810 - tender_scanner - ERROR -   [ERROR] Timeout (5 min)
2026-07-08 18:42:38,999 - tender_scanner - INFO -   [OK] Supabase tenders_3: 1/1 rows
2026-07-08 18:42:39,173 - tender_scanner - INFO -   [DOWNLOAD] DCE: 49/2026
2026-07-08 18:42:55,973 - tender_scanner - INFO -   [FORM] Filling form...
2026-07-08 18:43:19,513 - tender_scanner - INFO -   [WAIT] Waiting for ZIP...
2026-07-08 18:43:28,009 - tender_scanner - INFO -   [OK] ZIP received: 792838 bytes in 48.84s
2026-07-08 18:43:40,190 - tender_scanner - INFO -   [AUTO-INDEX] Démarrage indexation pour 49/2026...
2026-07-08 18:43:43,287 - tender_scanner - INFO -   [AUTO-INDEX] 49/2026: 0 chunks créés
2026-07-08 18:44:33,485 - tender_scanner - INFO -   [OK] Supabase tenders_3: 1/1 rows
2026-07-08 18:44:33,630 - tender_scanner - INFO -   [DOWNLOAD] DCE: 20/BP/2026
2026-07-08 18:44:50,809 - tender_scanner - INFO -   [FORM] Filling form...
2026-07-08 18:45:12,765 - tender_scanner - INFO -   [WAIT] Waiting for ZIP...
2026-07-08 18:45:26,164 - tender_scanner - INFO -   [OK] ZIP received: 2068500 bytes in 52.53s
2026-07-08 18:45:45,815 - tender_scanner - INFO -   [AUTO-INDEX] Démarrage indexation pour 20/BP/2026...
2026-07-08 18:45:46,160 - tender_scanner - INFO -   [AUTO-INDEX] 20/BP/2026: 0 chunks créés
2026-07-08 18:45:53,359 - tender_scanner - INFO -   [OK] Supabase tenders_3: 1/1 rows
2026-07-08 18:45:53,484 - tender_scanner - INFO -   [DOWNLOAD] DCE: 05/2026
2026-07-08 18:46:10,419 - tender_scanner - INFO -   [FORM] Filling form...
2026-07-08 18:46:29,892 - tender_scanner - INFO -   [WAIT] Waiting for ZIP...
2026-07-08 18:47:05,324 - tender_scanner - INFO -   [OK] ZIP received: 17325830 bytes in 71.84s
2026-07-08 18:48:21,064 - tender_scanner - INFO -   [OK] Supabase tenders_3: 1/1 rows
2026-07-08 18:48:21,206 - tender_scanner - INFO -   [DOWNLOAD] DCE: 48/2026
2026-07-08 18:48:38,220 - tender_scanner - INFO -   [FORM] Filling form...
2026-07-08 18:48:58,023 - tender_scanner - INFO -   [WAIT] Waiting for ZIP...
2026-07-08 18:49:05,497 - tender_scanner - INFO -   [OK] ZIP received: 763137 bytes in 44.29s
2026-07-08 18:49:13,899 - tender_scanner - INFO -   [AUTO-INDEX] Démarrage indexation pour 48/2026...
2026-07-08 18:49:14,387 - tender_scanner - INFO -   [AUTO-INDEX] 48/2026: 0 chunks créés
2026-07-08 18:49:37,708 - tender_scanner - INFO -   [OK] Supabase tenders_3: 1/1 rows
2026-07-08 18:49:37,844 - tender_scanner - INFO -   [DOWNLOAD] DCE: 18/2026/DRAFM
2026-07-08 18:49:54,942 - tender_scanner - INFO -   [FORM] Filling form...
2026-07-08 18:50:16,940 - tender_scanner - INFO -   [WAIT] Waiting for ZIP...
2026-07-08 18:51:20,814 - tender_scanner - INFO -   [OK] ZIP received: 19545368 bytes in 102.97s
2026-07-08 18:54:28,662 - tender_scanner - INFO -   [OK] Supabase tenders_3: 1/1 rows
2026-07-08 18:54:28,862 - tender_scanner - INFO -   [DOWNLOAD] DCE: 05/INDH/2026
2026-07-08 18:55:08,193 - tender_scanner - INFO -   [FORM] Filling form...
2026-07-08 18:55:21,833 - tender_scanner - INFO -   [AUTO-INDEX] Démarrage indexation pour 18/2026/DRAFM...
2026-07-08 18:55:22,415 - tender_scanner - INFO -   [AUTO-INDEX] 18/2026/DRAFM: 0 chunks créés
2026-07-08 18:55:28,550 - tender_scanner - INFO -   [WAIT] Waiting for ZIP...
2026-07-08 18:55:39,798 - tender_scanner - INFO -   [OK] ZIP received: 3259448 bytes in 70.94s
2026-07-08 18:56:05,461 - tender_scanner - INFO -   [AUTO-INDEX] Démarrage indexation pour 05/INDH/2026...
2026-07-08 18:56:07,264 - tender_scanner - INFO -   [AUTO-INDEX] 05/INDH/2026: 0 chunks créés
2026-07-08 18:56:58,559 - tender_scanner - INFO -   [OK] Supabase tenders_3: 1/1 rows
2026-07-08 18:56:58,685 - tender_scanner - INFO -   [DOWNLOAD] DCE: 34DR1/CD/2026
2026-07-08 18:57:17,936 - tender_scanner - INFO -   [FORM] Filling form...
2026-07-08 18:57:36,824 - tender_scanner - INFO -   [WAIT] Waiting for ZIP...
2026-07-08 18:57:44,698 - tender_scanner - INFO -   [OK] ZIP received: 2069588 bytes in 46.01s
2026-07-08 18:57:59,158 - tender_scanner - INFO -   [OK] Supabase tenders_3: 1/1 rows
2026-07-08 18:57:59,310 - tender_scanner - INFO -   [DOWNLOAD] DCE: 33DR1/CI/2026
2026-07-08 18:58:05,325 - tender_scanner - INFO -   [AUTO-INDEX] Démarrage indexation pour 34DR1/CD/2026...
2026-07-08 18:58:05,808 - tender_scanner - INFO -   [AUTO-INDEX] 34DR1/CD/2026: 0 chunks créés
2026-07-08 18:58:18,365 - tender_scanner - INFO -   [FORM] Filling form...
2026-07-08 18:58:36,968 - tender_scanner - INFO -   [WAIT] Waiting for ZIP...
2026-07-08 18:58:53,587 - tender_scanner - INFO -   [OK] ZIP received: 7554089 bytes in 54.28s
2026-07-08 19:01:20,885 - tender_scanner - INFO -   [DOWNLOAD] DCE: 35DR1/CD/2026
2026-07-08 19:01:50,900 - tender_scanner - ERROR -   [ERROR] DCE: TimeoutError: Page.goto: Timeout 30000ms exceeded.
Call log:
navigating to "https://www.marchespublics.gov.ma/?page=entreprise.EntrepriseDetailConsultation&refConsultation=1019438&orgAcronyme=d4q", waiting until "domcontentloaded"

2026-07-08 19:09:16,146 - tender_scanner - INFO -   [OK] Supabase tenders_3: 1/1 rows
2026-07-08 19:09:16,334 - tender_scanner - INFO -   [DOWNLOAD] DCE: 22/2026/ALEM
2026-07-08 19:09:33,391 - tender_scanner - INFO -   [FORM] Filling form...
2026-07-08 19:09:53,439 - tender_scanner - INFO -   [WAIT] Waiting for ZIP...
2026-07-08 19:14:11,119 - tender_scanner - INFO -   [OK] ZIP received: 185976540 bytes in 294.79s
2026-07-08 19:14:11,120 - tender_scanner - ERROR -   [ZIP] Fichier trop volumineux (>50MB) pour 22/2026/ALEM
2026-07-08 19:14:24,755 - tender_scanner - INFO -   [OK] Supabase tenders_3: 1/1 rows
2026-07-08 19:14:25,418 - tender_scanner - INFO -   [DOWNLOAD] DCE: 24/2026
2026-07-08 19:14:42,246 - tender_scanner - INFO -   [FORM] Filling form...
2026-07-08 19:15:01,775 - tender_scanner - INFO -   [WAIT] Waiting for ZIP...
2026-07-08 19:15:08,403 - tender_scanner - INFO -   [OK] ZIP received: 1667671 bytes in 42.98s
2026-07-08 19:15:17,668 - tender_scanner - INFO -   [OK] Supabase tenders_3: 1/1 rows
2026-07-08 19:15:17,822 - tender_scanner - INFO -   [DOWNLOAD] DCE: 01/2026/CTOA
2026-07-08 19:15:20,625 - tender_scanner - INFO -   [AUTO-INDEX] Démarrage indexation pour 24/2026...
2026-07-08 19:15:21,136 - tender_scanner - INFO -   [AUTO-INDEX] 24/2026: 0 chunks créés
2026-07-08 19:15:35,673 - tender_scanner - INFO -   [FORM] Filling form...
2026-07-08 19:15:55,581 - tender_scanner - INFO -   [WAIT] Waiting for ZIP...
2026-07-08 19:16:57,186 - tender_scanner - INFO -   [OK] ZIP received: 25723290 bytes in 99.36s
2026-07-08 19:19:10,774 - tender_scanner - INFO -   [OK] Supabase tenders_3: 1/1 rows
2026-07-08 19:19:10,928 - tender_scanner - INFO -   [DOWNLOAD] DCE: 187/2026/SRMCS
2026-07-08 19:19:33,009 - tender_scanner - INFO -   [FORM] Filling form...
2026-07-08 19:19:57,239 - tender_scanner - INFO -   [WAIT] Waiting for ZIP...
2026-07-08 19:21:42,229 - tender_scanner - INFO -   [OK] ZIP received: 61171333 bytes in 151.30s
2026-07-08 19:21:42,230 - tender_scanner - ERROR -   [ZIP] Fichier trop volumineux (>50MB) pour 187/2026/SRMCS
2026-07-08 19:21:55,296 - tender_scanner - INFO -   [OK] Supabase tenders_3: 1/1 rows
2026-07-08 19:21:55,470 - tender_scanner - INFO -   [DOWNLOAD] DCE: 106/TTH/TE/2026
2026-07-08 19:22:12,373 - tender_scanner - INFO -   [FORM] Filling form...
2026-07-08 19:22:32,640 - tender_scanner - INFO -   [WAIT] Waiting for ZIP...
2026-07-08 19:23:30,897 - tender_scanner - INFO -   [OK] ZIP received: 19713222 bytes in 95.43s
2026-07-08 19:25:01,188 - tender_scanner - INFO -   [OK] Supabase tenders_3: 1/1 rows
2026-07-08 19:25:01,360 - tender_scanner - INFO -   [DOWNLOAD] DCE: 105/TTH/CH/2026
2026-07-08 19:25:19,026 - tender_scanner - INFO -   [FORM] Filling form...
2026-07-08 19:25:38,989 - tender_scanner - INFO -   [WAIT] Waiting for ZIP...
2026-07-08 19:26:20,059 - tender_scanner - INFO -   [OK] ZIP received: 22395382 bytes in 78.70s
2026-07-08 19:28:31,107 - tender_scanner - INFO -   [OK] Supabase tenders_3: 1/1 rows
2026-07-08 19:28:31,255 - tender_scanner - INFO -   [DOWNLOAD] DCE: A105/RRA/2026
2026-07-08 19:28:48,862 - tender_scanner - INFO -   [FORM] Filling form...
2026-07-08 19:29:09,287 - tender_scanner - INFO -   [WAIT] Waiting for ZIP...
2026-07-08 19:29:17,907 - tender_scanner - INFO -   [AUTO-INDEX] Démarrage indexation pour 105/TTH/CH/2026...
2026-07-08 19:29:18,497 - tender_scanner - INFO -   [AUTO-INDEX] 105/TTH/CH/2026: 0 chunks créés
2026-07-08 19:29:36,234 - tender_scanner - INFO -   [OK] ZIP received: 16688457 bytes in 64.98s
2026-07-08 19:31:02,534 - tender_scanner - INFO -   [OK] Supabase tenders_3: 1/1 rows
2026-07-08 19:31:02,745 - tender_scanner - INFO -   [DOWNLOAD] DCE: 20/2026/BP
2026-07-08 19:31:13,523 - tender_scanner - INFO -   [AUTO-INDEX] Démarrage indexation pour A105/RRA/2026...
2026-07-08 19:31:13,991 - tender_scanner - INFO -   [AUTO-INDEX] A105/RRA/2026: 0 chunks créés
2026-07-08 19:31:20,507 - tender_scanner - INFO -   [FORM] Filling form...
2026-07-08 19:31:40,490 - tender_scanner - INFO -   [WAIT] Waiting for ZIP...
2026-07-08 19:31:46,159 - tender_scanner - INFO -   [OK] ZIP received: 989508 bytes in 43.41s
2026-07-08 19:31:52,629 - tender_scanner - INFO -   [OK] Supabase tenders_3: 1/1 rows
2026-07-08 19:31:52,821 - tender_scanner - INFO -   [DOWNLOAD] DCE: 91/2026/SS/TRA
2026-07-08 19:32:00,280 - tender_scanner - INFO -   [AUTO-INDEX] Démarrage indexation pour 20/2026/BP...
2026-07-08 19:32:00,665 - tender_scanner - INFO -   [AUTO-INDEX] 20/2026/BP: 0 chunks créés
2026-07-08 19:32:13,392 - tender_scanner - INFO -   [FORM] Filling form...
2026-07-08 19:32:33,359 - tender_scanner - INFO -   [WAIT] Waiting for ZIP...
2026-07-08 19:38:05,131 - tender_scanner - INFO -   [OK] ZIP received: 90291635 bytes in 372.31s
2026-07-08 19:38:05,132 - tender_scanner - ERROR -   [ZIP] Fichier trop volumineux (>50MB) pour 91/2026/SS/TRA
2026-07-08 19:38:18,412 - tender_scanner - INFO -   [OK] Supabase tenders_3: 1/1 rows
2026-07-08 19:38:18,592 - tender_scanner - INFO -   [DOWNLOAD] DCE: 38/2026/ABHS
2026-07-08 19:38:35,376 - tender_scanner - INFO -   [FORM] Filling form...
2026-07-08 19:38:55,616 - tender_scanner - INFO -   [WAIT] Waiting for ZIP...
2026-07-08 19:39:07,771 - tender_scanner - INFO -   [OK] ZIP received: 1707424 bytes in 49.18s
2026-07-08 19:39:49,710 - tender_scanner - INFO -   [AUTO-INDEX] Démarrage indexation pour 38/2026/ABHS...
2026-07-08 19:39:50,085 - tender_scanner - INFO -   [AUTO-INDEX] 38/2026/ABHS: 0 chunks créés
2026-07-08 19:39:57,112 - tender_scanner - INFO -   [OK] Supabase tenders_3: 1/1 rows
2026-07-08 19:39:57,390 - tender_scanner - INFO -   [DOWNLOAD] DCE: 61/2026/DPAJ
2026-07-08 19:40:14,306 - tender_scanner - INFO -   [FORM] Filling form...
2026-07-08 19:40:35,757 - tender_scanner - INFO -   [WAIT] Waiting for ZIP...
2026-07-08 19:40:40,042 - tender_scanner - INFO -   [OK] ZIP received: 200073 bytes in 42.65s
2026-07-08 19:40:42,920 - tender_scanner - INFO -   [OK] Supabase tenders_3: 1/1 rows
2026-07-08 19:40:43,128 - tender_scanner - INFO -   [DOWNLOAD] DCE: 14/2026
2026-07-08 19:40:43,303 - tender_scanner - INFO -   [AUTO-INDEX] Démarrage indexation pour 61/2026/DPAJ...
2026-07-08 19:40:43,859 - tender_scanner - INFO -   [AUTO-INDEX] 61/2026/DPAJ: 0 chunks créés
2026-07-08 19:40:59,918 - tender_scanner - INFO -   [FORM] Filling form...
2026-07-08 19:41:20,491 - tender_scanner - INFO -   [WAIT] Waiting for ZIP...
2026-07-08 19:41:28,705 - tender_scanner - INFO -   [OK] ZIP received: 1410977 bytes in 45.58s
2026-07-08 19:41:37,733 - tender_scanner - INFO -   [OK] Supabase tenders_3: 1/1 rows
2026-07-08 19:41:37,866 - tender_scanner - INFO -   [DOWNLOAD] DCE: 09/2026/ITSAT
2026-07-08 19:41:40,224 - tender_scanner - INFO -   [AUTO-INDEX] Démarrage indexation pour 14/2026...
2026-07-08 19:41:40,720 - tender_scanner - INFO -   [AUTO-INDEX] 14/2026: 0 chunks créés
2026-07-08 19:41:56,127 - tender_scanner - INFO -   [FORM] Filling form...
2026-07-08 19:42:16,195 - tender_scanner - INFO -   [WAIT] Waiting for ZIP...
2026-07-08 19:43:22,694 - tender_scanner - INFO -   [OK] ZIP received: 34131280 bytes in 104.83s
2026-07-08 19:44:42,665 - tender_scanner - INFO -   [OK] Supabase tenders_3: 1/1 rows
2026-07-08 19:44:42,824 - tender_scanner - INFO -   [DOWNLOAD] DCE: 07/2026/INDH
2026-07-08 19:44:59,851 - tender_scanner - INFO -   [FORM] Filling form...
2026-07-08 19:45:19,960 - tender_scanner - INFO -   [WAIT] Waiting for ZIP...
2026-07-08 19:45:38,145 - tender_scanner - INFO -   [OK] ZIP received: 4998493 bytes in 55.32s
2026-07-08 19:48:05,275 - tender_scanner - INFO -   [OK] Supabase tenders_3: 1/1 rows
2026-07-08 19:48:05,450 - tender_scanner - INFO -   [DOWNLOAD] DCE: 23/2026/DGM
2026-07-08 19:48:23,985 - tender_scanner - INFO -   [FORM] Filling form...
2026-07-08 19:48:43,915 - tender_scanner - INFO -   [WAIT] Waiting for ZIP...
2026-07-08 19:48:49,154 - tender_scanner - INFO -   [OK] ZIP received: 949766 bytes in 43.70s
2026-07-08 19:48:59,527 - tender_scanner - INFO -   [AUTO-INDEX] Démarrage indexation pour 23/2026/DGM...
2026-07-08 19:48:59,950 - tender_scanner - INFO -   [AUTO-INDEX] 23/2026/DGM: 0 chunks créés
2026-07-08 19:49:10,249 - tender_scanner - INFO -   [OK] Supabase tenders_3: 1/1 rows
2026-07-08 19:49:10,426 - tender_scanner - INFO -   [DOWNLOAD] DCE: 18/2026/BRO
2026-07-08 19:49:29,114 - tender_scanner - INFO -   [FORM] Filling form...
2026-07-08 19:49:48,997 - tender_scanner - INFO -   [WAIT] Waiting for ZIP...
2026-07-08 19:49:55,857 - tender_scanner - INFO -   [OK] ZIP received: 1917992 bytes in 45.43s
2026-07-08 19:50:11,841 - tender_scanner - INFO -   [AUTO-INDEX] Démarrage indexation pour 18/2026/BRO...
2026-07-08 19:50:12,357 - tender_scanner - INFO -   [AUTO-INDEX] 18/2026/BRO: 0 chunks créés
2026-07-08 19:50:21,697 - tender_scanner - INFO -   [OK] Supabase tenders_3: 1/1 rows
2026-07-08 19:50:21,869 - tender_scanner - INFO -   [DOWNLOAD] DCE: A/218/26
2026-07-08 19:50:38,965 - tender_scanner - INFO -   [FORM] Filling form...
2026-07-08 19:50:58,683 - tender_scanner - INFO -   [WAIT] Waiting for ZIP...
2026-07-08 19:51:40,563 - tender_scanner - INFO -   [OK] ZIP received: 20605458 bytes in 78.69s
2026-07-08 20:00:08,357 - tender_scanner - INFO -   [OK] Supabase tenders_3: 1/1 rows
2026-07-08 20:00:08,545 - tender_scanner - INFO -   [DOWNLOAD] DCE: O/217/26
2026-07-08 20:00:25,795 - tender_scanner - INFO -   [FORM] Filling form...
2026-07-08 20:00:46,626 - tender_scanner - INFO -   [WAIT] Waiting for ZIP...
2026-07-08 20:01:40,709 - tender_scanner - INFO -   [OK] ZIP received: 23983718 bytes in 92.16s
2026-07-08 20:02:56,949 - tender_scanner - INFO -   [OK] Supabase tenders_3: 1/1 rows
2026-07-08 20:02:57,093 - tender_scanner - INFO -   [DOWNLOAD] DCE: O/209/26
2026-07-08 20:03:14,158 - tender_scanner - INFO -   [FORM] Filling form...
2026-07-08 20:03:34,274 - tender_scanner - INFO -   [WAIT] Waiting for ZIP...
2026-07-08 20:05:37,589 - tender_scanner - INFO -   [OK] ZIP received: 43425666 bytes in 160.50s
2026-07-08 20:08:17,867 - tender_scanner - INFO -   [OK] Supabase tenders_3: 1/1 rows
2026-07-08 20:08:18,060 - tender_scanner - INFO -   [DOWNLOAD] DCE: O/208/26
2026-07-08 20:08:35,665 - tender_scanner - INFO -   [FORM] Filling form...
2026-07-08 20:08:55,882 - tender_scanner - INFO -   [WAIT] Waiting for ZIP...
2026-07-08 20:10:27,099 - tender_scanner - INFO -   [OK] ZIP received: 41121242 bytes in 129.04s
2026-07-08 20:13:37,363 - tender_scanner - INFO -   [OK] Supabase tenders_3: 1/1 rows
2026-07-08 20:13:37,552 - tender_scanner - INFO -   [DOWNLOAD] DCE: 03/2026/Chaibate
2026-07-08 20:13:55,068 - tender_scanner - INFO -   [FORM] Filling form...
2026-07-08 20:14:15,124 - tender_scanner - INFO -   [WAIT] Waiting for ZIP...
2026-07-08 20:15:41,457 - tender_scanner - INFO -   [OK] ZIP received: 26453302 bytes in 123.90s
2026-07-08 20:17:16,929 - tender_scanner - INFO -   [DOWNLOAD] DCE: 104/TTH/TA/2026
2026-07-08 20:17:33,629 - tender_scanner - INFO -   [FORM] Filling form...
2026-07-08 20:17:53,497 - tender_scanner - INFO -   [WAIT] Waiting for ZIP...
2026-07-08 20:18:10,063 - tender_scanner - INFO -   [OK] ZIP received: 9262495 bytes in 53.13s
2026-07-08 20:19:06,917 - tender_scanner - WARNING -   [AUTO-INDEX] Échec pour 104/TTH/TA/2026: Tender 104/TTH/TA/2026 not found
2026-07-08 20:19:22,134 - tender_scanner - INFO -   [OK] Supabase tenders_3: 1/1 rows
2026-07-08 20:19:22,315 - tender_scanner - INFO -   [DOWNLOAD] DCE: 29/BR/RGON/2026
2026-07-08 20:19:39,579 - tender_scanner - INFO -   [FORM] Filling form...
2026-07-08 20:19:59,928 - tender_scanner - INFO -   [WAIT] Waiting for ZIP...
2026-07-08 20:21:40,926 - tender_scanner - INFO -   [OK] ZIP received: 25530846 bytes in 138.61s
2026-07-08 20:23:44,932 - tender_scanner - INFO -   [OK] Supabase tenders_3: 1/1 rows
2026-07-08 20:23:45,617 - tender_scanner - INFO -   [DOWNLOAD] DCE: 42/2026
2026-07-08 20:24:04,572 - tender_scanner - INFO -   [FORM] Filling form...
2026-07-08 20:24:24,027 - tender_scanner - INFO -   [WAIT] Waiting for ZIP...
2026-07-08 20:24:29,303 - tender_scanner - INFO -   [OK] ZIP received: 819493 bytes in 43.69s
2026-07-08 20:24:37,513 - tender_scanner - INFO -   [OK] Supabase tenders_3: 1/1 rows
2026-07-08 20:24:37,699 - tender_scanner - INFO -   [DOWNLOAD] DCE: 23/2026
2026-07-08 20:24:38,988 - tender_scanner - INFO -   [AUTO-INDEX] Démarrage indexation pour 42/2026...
2026-07-08 20:24:39,442 - tender_scanner - INFO -   [AUTO-INDEX] 42/2026: 0 chunks créés
2026-07-08 20:24:54,679 - tender_scanner - INFO -   [FORM] Filling form...
2026-07-08 20:25:15,130 - tender_scanner - INFO -   [WAIT] Waiting for ZIP...
2026-07-08 20:25:23,085 - tender_scanner - INFO -   [OK] ZIP received: 3957621 bytes in 45.39s
2026-07-08 20:25:59,658 - tender_scanner - INFO -   [OK] Supabase tenders_3: 1/1 rows
2026-07-08 20:25:59,862 - tender_scanner - INFO -   [DOWNLOAD] DCE: 10008469_1/2026/SRMDT
2026-07-08 20:26:16,723 - tender_scanner - INFO -   [FORM] Filling form...
2026-07-08 20:26:19,305 - tender_scanner - WARNING -   [AUTO-INDEX] Échec pour 23/2026: Storage error: HTTPSConnectionPool(host='uxriscdyynjmhazmrvhr.supabase.co', port=443): Read timed out.
2026-07-08 20:26:36,516 - tender_scanner - INFO -   [WAIT] Waiting for ZIP...
2026-07-08 20:27:01,766 - tender_scanner - INFO -   [OK] ZIP received: 6131568 bytes in 61.90s
2026-07-08 20:28:30,625 - tender_scanner - INFO -   [OK] Supabase tenders_3: 1/1 rows
2026-07-08 20:28:30,794 - tender_scanner - INFO -   [DOWNLOAD] DCE: 10009738
2026-07-08 20:28:48,017 - tender_scanner - INFO -   [FORM] Filling form...
2026-07-08 20:29:07,465 - tender_scanner - INFO -   [WAIT] Waiting for ZIP...
2026-07-08 20:29:19,073 - tender_scanner - INFO -   [OK] ZIP received: 3604916 bytes in 48.28s
2026-07-08 20:30:12,754 - tender_scanner - INFO -   [AUTO-INDEX] Démarrage indexation pour 10009738...
2026-07-08 20:30:13,329 - tender_scanner - INFO -   [AUTO-INDEX] 10009738: 0 chunks créés
2026-07-08 20:37:35,744 - tender_scanner - INFO -   [OK] Supabase tenders_3: 1/1 rows
2026-07-08 20:37:36,419 - tender_scanner - INFO -   [DOWNLOAD] DCE: 30/DRC/CI/2026
2026-07-08 20:37:57,031 - tender_scanner - INFO -   [FORM] Filling form...
2026-07-08 20:38:17,233 - tender_scanner - INFO -   [WAIT] Waiting for ZIP...
2026-07-08 20:38:32,029 - tender_scanner - INFO -   [OK] ZIP received: 3762600 bytes in 55.61s
2026-07-08 20:39:16,910 - tender_scanner - INFO -   [AUTO-INDEX] Démarrage indexation pour 30/DRC/CI/2026...
2026-07-08 20:39:17,393 - tender_scanner - INFO -   [AUTO-INDEX] 30/DRC/CI/2026: 0 chunks créés
2026-07-08 20:39:18,238 - tender_scanner - INFO -   [OK] Supabase tenders_3: 1/1 rows
2026-07-08 20:39:18,863 - tender_scanner - INFO -   [DOWNLOAD] DCE: 04/2026B.C
2026-07-08 20:39:35,957 - tender_scanner - INFO -   [FORM] Filling form...
2026-07-08 20:39:55,316 - tender_scanner - INFO -   [WAIT] Waiting for ZIP...
2026-07-08 20:40:00,086 - tender_scanner - INFO -   [OK] ZIP received: 838893 bytes in 41.22s
2026-07-08 20:40:11,705 - tender_scanner - INFO -   [OK] Supabase tenders_3: 1/1 rows
2026-07-08 20:40:12,904 - tender_scanner - INFO -   [DOWNLOAD] DCE: 15/2026/CM
2026-07-08 20:40:14,291 - tender_scanner - INFO -   [AUTO-INDEX] Démarrage indexation pour 04/2026B.C...
2026-07-08 20:40:15,007 - tender_scanner - INFO -   [AUTO-INDEX] 04/2026B.C: 0 chunks créés
2026-07-08 20:40:30,761 - tender_scanner - INFO -   [FORM] Filling form...
2026-07-08 20:40:49,911 - tender_scanner - INFO -   [WAIT] Waiting for ZIP...
2026-07-08 20:41:49,988 - tender_scanner - INFO -   [OK] ZIP received: 28245547 bytes in 97.08s
2026-07-08 20:43:21,858 - tender_scanner - INFO -   [OK] Supabase tenders_3: 1/1 rows
2026-07-08 20:43:22,042 - tender_scanner - INFO -   [DOWNLOAD] DCE: 40/2026
2026-07-08 20:43:39,855 - tender_scanner - INFO -   [FORM] Filling form...
2026-07-08 20:44:00,057 - tender_scanner - INFO -   [WAIT] Waiting for ZIP...
2026-07-08 20:44:36,898 - tender_scanner - INFO -   [OK] ZIP received: 934025 bytes in 74.86s
2026-07-08 20:45:00,027 - tender_scanner - INFO -   [OK] Supabase tenders_3: 1/1 rows
2026-07-08 20:45:00,167 - tender_scanner - INFO -   [DOWNLOAD] DCE: 14/2026/DPTR/ANP
2026-07-08 20:45:11,073 - tender_scanner - INFO -   [AUTO-INDEX] Démarrage indexation pour 40/2026...
2026-07-08 20:45:11,621 - tender_scanner - INFO -   [AUTO-INDEX] 40/2026: 0 chunks créés
2026-07-08 20:45:20,713 - tender_scanner - INFO -   [FORM] Filling form...
2026-07-08 20:45:40,865 - tender_scanner - INFO -   [WAIT] Waiting for ZIP...
2026-07-08 20:48:38,136 - tender_scanner - INFO -   [OK] ZIP received: 19934584 bytes in 217.97s
2026-07-08 20:51:04,999 - tender_scanner - INFO -   [OK] Supabase tenders_3: 1/1 rows
2026-07-08 20:51:05,707 - tender_scanner - INFO -   [DOWNLOAD] DCE: 03/CQAOB/2026
2026-07-08 20:51:23,877 - tender_scanner - INFO -   [FORM] Filling form...
2026-07-08 20:51:43,839 - tender_scanner - INFO -   [WAIT] Waiting for ZIP...
2026-07-08 20:51:55,021 - tender_scanner - INFO -   [OK] ZIP received: 5082212 bytes in 49.31s
2026-07-08 20:52:24,353 - tender_scanner - INFO -   [OK] Supabase tenders_3: 1/1 rows
2026-07-08 20:52:25,043 - tender_scanner - INFO -   [DOWNLOAD] DCE: 11/2026/OR/OZ/BG
2026-07-08 20:52:31,919 - tender_scanner - INFO -   [AUTO-INDEX] Démarrage indexation pour 03/CQAOB/2026...
2026-07-08 20:52:36,048 - tender_scanner - INFO -   [AUTO-INDEX] 03/CQAOB/2026: 0 chunks créés
2026-07-08 20:52:45,651 - tender_scanner - INFO -   [FORM] Filling form...
2026-07-08 20:53:05,882 - tender_scanner - INFO -   [WAIT] Waiting for ZIP...
2026-07-08 20:53:17,263 - tender_scanner - INFO -   [OK] ZIP received: 798662 bytes in 52.22s
2026-07-08 20:53:53,655 - tender_scanner - INFO -   [OK] Supabase tenders_3: 1/1 rows
2026-07-08 20:53:53,820 - tender_scanner - INFO -   [DOWNLOAD] DCE: 19/2026/DPA/4/SAHA
2026-07-08 20:54:12,328 - tender_scanner - INFO -   [AUTO-INDEX] Démarrage indexation pour 11/2026/OR/OZ/BG...
2026-07-08 20:54:12,708 - tender_scanner - INFO -   [AUTO-INDEX] 11/2026/OR/OZ/BG: 0 chunks créés
2026-07-08 20:54:25,000 - tender_scanner - INFO -   [FORM] Filling form...
2026-07-08 20:54:46,262 - tender_scanner - ERROR -   [ERROR] Download button not found
2026-07-08 20:55:00,291 - tender_scanner - INFO -   [OK] Supabase tenders_3: 1/1 rows
2026-07-08 20:55:00,454 - tender_scanner - INFO -   [DOWNLOAD] DCE: 10/INDH/2026
2026-07-08 20:55:17,497 - tender_scanner - INFO -   [FORM] Filling form...
2026-07-08 20:55:36,922 - tender_scanner - INFO -   [WAIT] Waiting for ZIP...
2026-07-08 20:55:46,796 - tender_scanner - INFO -   [OK] ZIP received: 4147962 bytes in 46.34s
2026-07-08 20:56:37,397 - tender_scanner - INFO -   [AUTO-INDEX] Démarrage indexation pour 10/INDH/2026...
2026-07-08 20:56:37,911 - tender_scanner - INFO -   [AUTO-INDEX] 10/INDH/2026: 0 chunks créés
2026-07-08 20:56:43,451 - tender_scanner - INFO -   [OK] Supabase tenders_3: 1/1 rows
2026-07-08 20:56:43,777 - tender_scanner - INFO -   [DOWNLOAD] DCE: 10009520/2026/SRMDT
2026-07-08 20:57:00,702 - tender_scanner - INFO -   [FORM] Filling form...
2026-07-08 20:57:20,172 - tender_scanner - INFO -   [WAIT] Waiting for ZIP...
2026-07-08 20:57:39,914 - tender_scanner - INFO -   [OK] ZIP received: 6138286 bytes in 56.14s
2026-07-08 20:58:20,214 - tender_scanner - INFO -   [OK] Supabase tenders_3: 1/1 rows
2026-07-08 20:58:20,437 - tender_scanner - INFO -   [DOWNLOAD] DCE: 10008725
2026-07-08 20:58:44,060 - tender_scanner - INFO -   [FORM] Filling form...
2026-07-08 20:58:46,254 - tender_scanner - INFO -   [AUTO-INDEX] Démarrage indexation pour 10009520/2026/SRMDT...
2026-07-08 20:58:46,911 - tender_scanner - INFO -   [AUTO-INDEX] 10009520/2026/SRMDT: 0 chunks créés
2026-07-08 20:59:04,209 - tender_scanner - INFO -   [WAIT] Waiting for ZIP...
2026-07-08 20:59:22,793 - tender_scanner - INFO -   [OK] ZIP received: 2092639 bytes in 62.36s
2026-07-08 21:00:06,350 - tender_scanner - INFO -   [AUTO-INDEX] Démarrage indexation pour 10008725...
2026-07-08 21:00:07,148 - tender_scanner - INFO -   [AUTO-INDEX] 10008725: 0 chunks créés
2026-07-08 21:00:32,580 - tender_scanner - INFO -   [OK] Supabase tenders_3: 1/1 rows
2026-07-08 21:00:32,717 - tender_scanner - INFO -   [DOWNLOAD] DCE: 23/DR2/2026
2026-07-08 21:00:49,719 - tender_scanner - INFO -   [FORM] Filling form...
2026-07-08 21:01:09,893 - tender_scanner - INFO -   [WAIT] Waiting for ZIP...
2026-07-08 21:01:25,814 - tender_scanner - INFO -   [OK] ZIP received: 3825212 bytes in 53.10s
2026-07-08 21:02:09,147 - tender_scanner - INFO -   [AUTO-INDEX] Démarrage indexation pour 23/DR2/2026...
2026-07-08 21:02:09,646 - tender_scanner - INFO -   [AUTO-INDEX] 23/DR2/2026: 0 chunks créés
2026-07-08 21:02:13,557 - tender_scanner - INFO -   [OK] Supabase tenders_3: 1/1 rows
2026-07-08 21:02:13,962 - tender_scanner - INFO -   [DOWNLOAD] DCE: 110/2026
2026-07-08 21:02:31,313 - tender_scanner - INFO -   [FORM] Filling form...
2026-07-08 21:02:51,698 - tender_scanner - INFO -   [WAIT] Waiting for ZIP...
2026-07-08 21:04:42,309 - tender_scanner - INFO -   [OK] ZIP received: 47457036 bytes in 148.35s
2026-07-08 21:06:08,052 - tender_scanner - INFO -   [OK] Supabase tenders_3: 1/1 rows
2026-07-08 21:06:08,433 - tender_scanner - INFO -   [DOWNLOAD] DCE: 24/DRC/CI/2026
2026-07-08 21:06:25,600 - tender_scanner - INFO -   [FORM] Filling form...
2026-07-08 21:06:44,657 - tender_scanner - INFO -   [WAIT] Waiting for ZIP...
2026-07-08 21:07:00,204 - tender_scanner - INFO -   [OK] ZIP received: 2737255 bytes in 51.77s
2026-07-08 21:07:22,319 - tender_scanner - INFO -   [OK] Supabase tenders_3: 1/1 rows
2026-07-08 21:07:22,621 - tender_scanner - INFO -   [DOWNLOAD] DCE: 24/DR2/2026
2026-07-08 21:07:32,337 - tender_scanner - INFO -   [AUTO-INDEX] Démarrage indexation pour 24/DRC/CI/2026...
2026-07-08 21:07:33,002 - tender_scanner - INFO -   [AUTO-INDEX] 24/DRC/CI/2026: 0 chunks créés
2026-07-08 21:07:42,221 - tender_scanner - INFO -   [FORM] Filling form...
2026-07-08 21:08:01,662 - tender_scanner - INFO -   [WAIT] Waiting for ZIP...
2026-07-08 21:08:17,780 - tender_scanner - INFO -   [OK] ZIP received: 2272424 bytes in 55.16s
2026-07-08 21:08:39,684 - tender_scanner - INFO -   [OK] Supabase tenders_3: 1/1 rows
2026-07-08 21:08:39,847 - tender_scanner - INFO -   [DOWNLOAD] DCE: 33/2026/ABHS
2026-07-08 21:08:43,258 - tender_scanner - INFO -   [AUTO-INDEX] Démarrage indexation pour 24/DR2/2026...
2026-07-08 21:08:43,752 - tender_scanner - INFO -   [AUTO-INDEX] 24/DR2/2026: 0 chunks créés
2026-07-08 21:08:56,899 - tender_scanner - INFO -   [FORM] Filling form...
2026-07-08 21:09:16,493 - tender_scanner - INFO -   [WAIT] Waiting for ZIP...
2026-07-08 21:09:24,345 - tender_scanner - INFO -   [OK] ZIP received: 1890417 bytes in 44.50s
2026-07-08 21:09:44,103 - tender_scanner - INFO -   [OK] Supabase tenders_3: 1/1 rows
2026-07-08 21:09:44,484 - tender_scanner - INFO -   [DOWNLOAD] DCE: 26DR3/2026
2026-07-08 21:09:48,260 - tender_scanner - INFO -   [AUTO-INDEX] Démarrage indexation pour 33/2026/ABHS...
2026-07-08 21:09:48,778 - tender_scanner - INFO -   [AUTO-INDEX] 33/2026/ABHS: 0 chunks créés
2026-07-08 21:10:02,321 - tender_scanner - INFO -   [FORM] Filling form...
2026-07-08 21:10:21,901 - tender_scanner - INFO -   [WAIT] Waiting for ZIP...
2026-07-08 21:10:40,618 - tender_scanner - INFO -   [OK] ZIP received: 6331179 bytes in 56.13s
2026-07-08 21:11:40,022 - tender_scanner - INFO -   [OK] Supabase tenders_3: 1/1 rows
2026-07-08 21:11:40,205 - tender_scanner - INFO -   [DOWNLOAD] DCE: 24/DAM/ED/2026
2026-07-08 21:11:59,141 - tender_scanner - INFO -   [FORM] Filling form...
2026-07-08 21:12:18,782 - tender_scanner - INFO -   [WAIT] Waiting for ZIP...
2026-07-08 21:12:28,389 - tender_scanner - INFO -   [OK] ZIP received: 1974513 bytes in 48.18s
2026-07-08 21:12:53,813 - tender_scanner - INFO -   [AUTO-INDEX] Démarrage indexation pour 24/DAM/ED/2026...
2026-07-08 21:12:54,239 - tender_scanner - INFO -   [AUTO-INDEX] 24/DAM/ED/2026: 0 chunks créés
2026-07-08 21:20:16,617 - tender_scanner - INFO -   [OK] Supabase tenders_3: 1/1 rows
2026-07-08 21:20:16,900 - tender_scanner - INFO -   [DOWNLOAD] DCE: 16/2026
2026-07-08 21:20:34,254 - tender_scanner - INFO -   [FORM] Filling form...
2026-07-08 21:20:53,065 - tender_scanner - INFO -   [WAIT] Waiting for ZIP...
2026-07-08 21:21:05,231 - tender_scanner - INFO -   [OK] ZIP received: 1425160 bytes in 48.33s
2026-07-08 21:21:20,264 - tender_scanner - INFO -   [AUTO-INDEX] Démarrage indexation pour 16/2026...
2026-07-08 21:21:20,738 - tender_scanner - INFO -   [AUTO-INDEX] 16/2026: 0 chunks créés
2026-07-08 21:21:30,905 - tender_scanner - INFO -   [OK] Supabase tenders_3: 1/1 rows
2026-07-08 21:21:31,475 - tender_scanner - INFO -   [DOWNLOAD] DCE: 10009130
2026-07-08 21:21:48,606 - tender_scanner - INFO -   [FORM] Filling form...
2026-07-08 21:22:07,669 - tender_scanner - INFO -   [WAIT] Waiting for ZIP...
2026-07-08 21:22:22,315 - tender_scanner - INFO -   [OK] ZIP received: 4486824 bytes in 50.84s
2026-07-08 21:23:13,722 - tender_scanner - INFO -   [OK] Supabase tenders_3: 1/1 rows
2026-07-08 21:23:13,878 - tender_scanner - INFO -   [DOWNLOAD] DCE: 49DR6/2026
2026-07-08 21:23:17,634 - tender_scanner - INFO -   [AUTO-INDEX] Démarrage indexation pour 10009130...
2026-07-08 21:23:18,037 - tender_scanner - INFO -   [AUTO-INDEX] 10009130: 0 chunks créés
2026-07-08 21:23:30,992 - tender_scanner - INFO -   [FORM] Filling form...
2026-07-08 21:23:52,269 - tender_scanner - INFO -   [WAIT] Waiting for ZIP...
2026-07-08 21:24:03,492 - tender_scanner - INFO -   [OK] ZIP received: 3022015 bytes in 49.61s
2026-07-08 21:24:27,717 - tender_scanner - INFO -   [OK] Supabase tenders_3: 1/1 rows
2026-07-08 21:24:27,862 - tender_scanner - INFO -   [DOWNLOAD] DCE: 48DR6/2026
2026-07-08 21:24:38,809 - tender_scanner - INFO -   [AUTO-INDEX] Démarrage indexation pour 49DR6/2026...
2026-07-08 21:24:39,291 - tender_scanner - INFO -   [AUTO-INDEX] 49DR6/2026: 0 chunks créés
2026-07-08 21:24:45,635 - tender_scanner - INFO -   [FORM] Filling form...
2026-07-08 21:25:05,180 - tender_scanner - INFO -   [WAIT] Waiting for ZIP...
2026-07-08 21:26:54,815 - tender_scanner - INFO -   [OK] ZIP received: 27150675 bytes in 146.95s
2026-07-08 21:28:28,563 - tender_scanner - INFO -   [OK] Supabase tenders_3: 1/1 rows
2026-07-08 21:28:28,727 - tender_scanner - INFO -   [DOWNLOAD] DCE: PX4130281/DXR/2026
2026-07-08 21:28:45,672 - tender_scanner - INFO -   [FORM] Filling form...
2026-07-08 21:29:05,312 - tender_scanner - INFO -   [WAIT] Waiting for ZIP...
2026-07-08 21:29:27,292 - tender_scanner - INFO -   [OK] ZIP received: 5384891 bytes in 58.57s
2026-07-08 21:30:09,313 - tender_scanner - INFO -   [OK] Supabase tenders_3: 1/1 rows
2026-07-08 21:30:09,448 - tender_scanner - INFO -   [DOWNLOAD] DCE: TO4130470/2026/ONEEBELEC
2026-07-08 21:30:26,474 - tender_scanner - INFO -   [AUTO-INDEX] Démarrage indexation pour PX4130281/DXR/2026...
2026-07-08 21:30:26,935 - tender_scanner - INFO -   [AUTO-INDEX] PX4130281/DXR/2026: 0 chunks créés
2026-07-08 21:30:27,018 - tender_scanner - INFO -   [FORM] Filling form...
2026-07-08 21:30:46,582 - tender_scanner - INFO -   [WAIT] Waiting for ZIP...
2026-07-08 21:31:02,107 - tender_scanner - INFO -   [OK] ZIP received: 4106989 bytes in 52.66s
2026-07-08 21:31:47,882 - tender_scanner - INFO -   [OK] Supabase tenders_3: 1/1 rows
2026-07-08 21:31:48,039 - tender_scanner - INFO -   [DOWNLOAD] DCE: 277/2026/SRMFM
2026-07-08 21:31:59,784 - tender_scanner - INFO -   [AUTO-INDEX] Démarrage indexation pour TO4130470/2026/ONEEBELEC...
2026-07-08 21:32:00,438 - tender_scanner - INFO -   [AUTO-INDEX] TO4130470/2026/ONEEBELEC: 0 chunks créés
2026-07-08 21:32:07,075 - tender_scanner - INFO -   [FORM] Filling form...
2026-07-08 21:32:26,791 - tender_scanner - INFO -   [WAIT] Waiting for ZIP...
2026-07-08 21:36:19,135 - tender_scanner - INFO -   [OK] ZIP received: 5585903 bytes in 271.10s
2026-07-08 21:37:12,494 - tender_scanner - INFO -   [AUTO-INDEX] Démarrage indexation pour 277/2026/SRMFM...
2026-07-08 21:37:13,105 - tender_scanner - INFO -   [AUTO-INDEX] 277/2026/SRMFM: 0 chunks créés
2026-07-08 21:37:13,941 - tender_scanner - INFO -   [OK] Supabase tenders_3: 1/1 rows
2026-07-08 21:37:14,227 - tender_scanner - INFO -   [DOWNLOAD] DCE: 180.R1/2026/SRMFM
2026-07-08 21:37:31,235 - tender_scanner - INFO -   [FORM] Filling form...
2026-07-08 21:37:50,613 - tender_scanner - INFO -   [WAIT] Waiting for ZIP...
2026-07-08 21:38:09,954 - tender_scanner - INFO -   [OK] ZIP received: 7765864 bytes in 55.73s
2026-07-08 21:40:28,924 - tender_scanner - INFO -   [OK] Supabase tenders_3: 1/1 rows
2026-07-08 21:40:29,102 - tender_scanner - INFO -   [DOWNLOAD] DCE: 10006057/1R
2026-07-08 21:40:45,976 - tender_scanner - INFO -   [FORM] Filling form...
2026-07-08 21:41:05,489 - tender_scanner - INFO -   [WAIT] Waiting for ZIP...
2026-07-08 21:41:43,237 - tender_scanner - INFO -   [OK] ZIP received: 4870488 bytes in 74.13s
2026-07-08 21:44:14,875 - tender_scanner - INFO -   [OK] Supabase tenders_3: 1/1 rows
2026-07-08 21:44:15,065 - tender_scanner - INFO -   [DOWNLOAD] DCE: 05/SM/2026
2026-07-08 21:44:32,180 - tender_scanner - INFO -   [FORM] Filling form...
2026-07-08 21:44:52,554 - tender_scanner - INFO -   [WAIT] Waiting for ZIP...
2026-07-08 21:49:52,582 - tender_scanner - ERROR -   [ERROR] Timeout (5 min)
2026-07-08 21:57:10,755 - tender_scanner - INFO -   [OK] Supabase tenders_3: 1/1 rows
2026-07-08 21:57:11,226 - tender_scanner - INFO -   [DOWNLOAD] DCE: 26/2026/AREPGON
2026-07-08 21:57:30,534 - tender_scanner - INFO -   [FORM] Filling form...
2026-07-08 21:57:49,738 - tender_scanner - INFO -   [WAIT] Waiting for ZIP...
2026-07-08 21:58:08,029 - tender_scanner - INFO -   [OK] ZIP received: 3661289 bytes in 56.80s
2026-07-08 21:58:55,878 - tender_scanner - INFO -   [AUTO-INDEX] Démarrage indexation pour 26/2026/AREPGON...
2026-07-08 21:58:56,311 - tender_scanner - INFO -   [AUTO-INDEX] 26/2026/AREPGON: 0 chunks créés
2026-07-08 21:59:00,213 - tender_scanner - INFO -   [OK] Supabase tenders_3: 1/1 rows
2026-07-08 21:59:00,509 - tender_scanner - INFO -   [DOWNLOAD] DCE: 08/2026
2026-07-08 21:59:17,484 - tender_scanner - INFO -   [FORM] Filling form...
2026-07-08 21:59:37,367 - tender_scanner - INFO -   [WAIT] Waiting for ZIP...
2026-07-08 21:59:54,291 - tender_scanner - INFO -   [OK] ZIP received: 6271302 bytes in 53.78s
2026-07-08 22:01:39,077 - tender_scanner - INFO -   [OK] Supabase tenders_3: 1/1 rows
2026-07-08 22:01:39,244 - tender_scanner - INFO -   [DOWNLOAD] DCE: 25/2026/AREPGON
2026-07-08 22:01:56,319 - tender_scanner - INFO -   [FORM] Filling form...
2026-07-08 22:02:15,407 - tender_scanner - INFO -   [WAIT] Waiting for ZIP...
2026-07-08 22:02:36,039 - tender_scanner - INFO -   [OK] ZIP received: 7237491 bytes in 56.80s
2026-07-08 22:03:49,876 - tender_scanner - INFO -   [OK] Supabase tenders_3: 1/1 rows
2026-07-08 22:03:50,035 - tender_scanner - INFO -   [DOWNLOAD] DCE: 12/COAY/2026
2026-07-08 22:04:03,355 - tender_scanner - INFO -   [AUTO-INDEX] Démarrage indexation pour 25/2026/AREPGON...
2026-07-08 22:04:03,778 - tender_scanner - INFO -   [AUTO-INDEX] 25/2026/AREPGON: 0 chunks créés
2026-07-08 22:04:07,402 - tender_scanner - INFO -   [FORM] Filling form...
2026-07-08 22:04:27,043 - tender_scanner - INFO -   [WAIT] Waiting for ZIP...
2026-07-08 22:04:33,406 - tender_scanner - INFO -   [OK] ZIP received: 1334487 bytes in 43.37s
2026-07-08 22:04:47,662 - tender_scanner - INFO -   [AUTO-INDEX] Démarrage indexation pour 12/COAY/2026...
2026-07-08 22:04:48,134 - tender_scanner - INFO -   [AUTO-INDEX] 12/COAY/2026: 0 chunks créés
2026-07-08 22:05:23,172 - tender_scanner - INFO -   [OK] Supabase tenders_3: 1/1 rows
2026-07-08 22:05:23,310 - tender_scanner - INFO -   [DOWNLOAD] DCE: 28/2026/INDH/PT
2026-07-08 22:05:40,572 - tender_scanner - INFO -   [FORM] Filling form...
2026-07-08 22:06:00,480 - tender_scanner - INFO -   [WAIT] Waiting for ZIP...
2026-07-08 22:06:07,437 - tender_scanner - INFO -   [OK] ZIP received: 886881 bytes in 44.13s
2026-07-08 22:06:23,275 - tender_scanner - INFO -   [AUTO-INDEX] Démarrage indexation pour 28/2026/INDH/PT...
2026-07-08 22:06:23,729 - tender_scanner - INFO -   [AUTO-INDEX] 28/2026/INDH/PT: 0 chunks créés
2026-07-08 22:06:42,950 - tender_scanner - INFO -   [OK] Supabase tenders_3: 1/1 rows
2026-07-08 22:06:43,135 - tender_scanner - INFO -   [DOWNLOAD] DCE: 25/DRD/CI/SPD/3/2026
2026-07-08 22:07:00,054 - tender_scanner - INFO -   [FORM] Filling form...
2026-07-08 22:07:19,530 - tender_scanner - INFO -   [WAIT] Waiting for ZIP...
2026-07-08 22:07:36,799 - tender_scanner - INFO -   [OK] ZIP received: 4663302 bytes in 53.66s
2026-07-08 22:08:30,497 - tender_scanner - INFO -   [OK] Supabase tenders_3: 1/1 rows
2026-07-08 22:08:30,628 - tender_scanner - INFO -   [DOWNLOAD] DCE: 49/2026/DR9/C
2026-07-08 22:08:51,642 - tender_scanner - INFO -   [AUTO-INDEX] Démarrage indexation pour 25/DRD/CI/SPD/3/2026...
2026-07-08 22:08:53,028 - tender_scanner - INFO -   [AUTO-INDEX] 25/DRD/CI/SPD/3/2026: 0 chunks créés
2026-07-08 22:09:06,106 - tender_scanner - INFO -   [FORM] Filling form...
2026-07-08 22:09:27,967 - tender_scanner - INFO -   [WAIT] Waiting for ZIP...
2026-07-08 22:09:37,445 - tender_scanner - INFO -   [OK] ZIP received: 1050866 bytes in 66.82s
2026-07-08 22:09:47,429 - tender_scanner - INFO -   [OK] Supabase tenders_3: 1/1 rows
2026-07-08 22:09:47,623 - tender_scanner - INFO -   [DOWNLOAD] DCE: 47/2026/DR9
2026-07-08 22:09:52,610 - tender_scanner - INFO -   [AUTO-INDEX] Démarrage indexation pour 49/2026/DR9/C...
2026-07-08 22:09:52,956 - tender_scanner - INFO -   [AUTO-INDEX] 49/2026/DR9/C: 0 chunks créés
2026-07-08 22:10:05,119 - tender_scanner - INFO -   [FORM] Filling form...
2026-07-08 22:10:25,081 - tender_scanner - INFO -   [WAIT] Waiting for ZIP...
2026-07-08 22:10:46,827 - tender_scanner - INFO -   [OK] ZIP received: 3905377 bytes in 59.20s
2026-07-08 22:11:30,524 - tender_scanner - INFO -   [AUTO-INDEX] Démarrage indexation pour 47/2026/DR9...
2026-07-08 22:11:30,800 - tender_scanner - INFO -   [OK] Supabase tenders_3: 1/1 rows
2026-07-08 22:11:30,963 - tender_scanner - INFO -   [AUTO-INDEX] 47/2026/DR9: 0 chunks créés
2026-07-08 22:11:30,969 - tender_scanner - INFO -   [DOWNLOAD] DCE: 18/DAM/ED/2026
2026-07-08 22:11:47,903 - tender_scanner - INFO -   [FORM] Filling form...
2026-07-08 22:12:07,667 - tender_scanner - INFO -   [WAIT] Waiting for ZIP...
2026-07-08 22:12:14,072 - tender_scanner - INFO -   [OK] ZIP received: 2661261 bytes in 43.10s
2026-07-08 22:12:32,639 - tender_scanner - INFO -   [OK] Supabase tenders_3: 1/1 rows
2026-07-08 22:12:32,823 - tender_scanner - INFO -   [DOWNLOAD] DCE: 11/DR8/C/2026
2026-07-08 22:12:36,837 - tender_scanner - INFO -   [AUTO-INDEX] Démarrage indexation pour 18/DAM/ED/2026...
2026-07-08 22:12:37,335 - tender_scanner - INFO -   [AUTO-INDEX] 18/DAM/ED/2026: 0 chunks créés
2026-07-08 22:12:49,788 - tender_scanner - INFO -   [FORM] Filling form...
2026-07-08 22:13:09,897 - tender_scanner - INFO -   [WAIT] Waiting for ZIP...
2026-07-08 22:13:21,807 - tender_scanner - INFO -   [OK] ZIP received: 1572386 bytes in 48.98s
2026-07-08 22:13:37,974 - tender_scanner - INFO -   [OK] Supabase tenders_3: 1/1 rows
2026-07-08 22:13:38,155 - tender_scanner - INFO -   [DOWNLOAD] DCE: 12/DR8/C/2026
2026-07-08 22:13:44,128 - tender_scanner - INFO -   [AUTO-INDEX] Démarrage indexation pour 11/DR8/C/2026...
2026-07-08 22:13:44,596 - tender_scanner - INFO -   [AUTO-INDEX] 11/DR8/C/2026: 0 chunks créés
2026-07-08 22:13:55,250 - tender_scanner - INFO -   [FORM] Filling form...
2026-07-08 22:14:14,926 - tender_scanner - INFO -   [WAIT] Waiting for ZIP...
2026-07-08 22:14:19,608 - tender_scanner - INFO -   [OK] ZIP received: 480864 bytes in 41.45s
2026-07-08 22:14:26,378 - tender_scanner - INFO -   [AUTO-INDEX] Démarrage indexation pour 12/DR8/C/2026...
2026-07-08 22:14:27,268 - tender_scanner - INFO -   [AUTO-INDEX] 12/DR8/C/2026: 0 chunks créés
2026-07-08 22:15:17,398 - tender_scanner - INFO -   [OK] Supabase tenders_3: 1/1 rows
2026-07-08 22:15:17,581 - tender_scanner - INFO -   [DOWNLOAD] DCE: 17/2026
2026-07-08 22:15:34,449 - tender_scanner - INFO -   [FORM] Filling form...
2026-07-08 22:15:54,441 - tender_scanner - INFO -   [WAIT] Waiting for ZIP...
2026-07-08 22:16:07,786 - tender_scanner - INFO -   [OK] ZIP received: 3366903 bytes in 50.20s
2026-07-08 22:16:54,204 - tender_scanner - INFO -   [OK] Supabase tenders_3: 1/1 rows
2026-07-08 22:16:54,388 - tender_scanner - INFO -   [DOWNLOAD] DCE: 27/2026/INDH/PT
2026-07-08 22:17:17,704 - tender_scanner - WARNING -   [AUTO-INDEX] Échec pour 17/2026: Storage error: HTTPSConnectionPool(host='uxriscdyynjmhazmrvhr.supabase.co', port=443): Read timed out.
2026-07-08 22:17:24,404 - tender_scanner - ERROR -   [ERROR] DCE: TimeoutError: Page.goto: Timeout 30000ms exceeded.
Call log:
navigating to "https://www.marchespublics.gov.ma/?page=entreprise.EntrepriseDetailConsultation&refConsultation=1012666&orgAcronyme=g3h", waiting until "domcontentloaded"

2026-07-08 22:24:49,830 - tender_scanner - INFO -   [OK] Supabase tenders_3: 1/1 rows
2026-07-08 22:24:49,962 - tender_scanner - INFO -   [DOWNLOAD] DCE: TE/33/2026
2026-07-08 22:25:06,937 - tender_scanner - INFO -   [FORM] Filling form...
2026-07-08 22:25:26,598 - tender_scanner - INFO -   [WAIT] Waiting for ZIP...
2026-07-08 22:28:01,900 - tender_scanner - INFO -   [OK] ZIP received: 4409584 bytes in 191.94s
2026-07-08 22:29:22,932 - tender_scanner - INFO -   [OK] Supabase tenders_3: 1/1 rows
2026-07-08 22:29:23,112 - tender_scanner - INFO -   [DOWNLOAD] DCE: 18/2026
2026-07-08 22:29:39,773 - tender_scanner - INFO -   [FORM] Filling form...
2026-07-08 22:29:59,947 - tender_scanner - INFO -   [WAIT] Waiting for ZIP...
2026-07-08 22:30:11,020 - tender_scanner - INFO -   [OK] ZIP received: 3490613 bytes in 47.91s
2026-07-08 22:30:46,097 - tender_scanner - INFO -   [OK] Supabase tenders_3: 1/1 rows
2026-07-08 22:30:46,242 - tender_scanner - INFO -   [DOWNLOAD] DCE: 20/AOO/DPJR/ANP/2026
2026-07-08 22:30:49,455 - tender_scanner - INFO -   [AUTO-INDEX] Démarrage indexation pour 18/2026...
2026-07-08 22:30:49,961 - tender_scanner - INFO -   [AUTO-INDEX] 18/2026: 0 chunks créés
2026-07-08 22:31:03,272 - tender_scanner - INFO -   [FORM] Filling form...
2026-07-08 22:31:23,126 - tender_scanner - INFO -   [WAIT] Waiting for ZIP...
2026-07-08 22:31:30,891 - tender_scanner - INFO -   [OK] ZIP received: 3035281 bytes in 44.65s
2026-07-08 22:32:11,751 - tender_scanner - INFO -   [AUTO-INDEX] Démarrage indexation pour 20/AOO/DPJR/ANP/2026...
2026-07-08 22:32:12,277 - tender_scanner - INFO -   [AUTO-INDEX] 20/AOO/DPJR/ANP/2026: 0 chunks créés
2026-07-08 22:32:35,261 - tender_scanner - INFO -   [OK] Supabase tenders_3: 1/1 rows
2026-07-08 22:32:35,439 - tender_scanner - INFO -   [DOWNLOAD] DCE: 26/2026/INDH/PT
2026-07-08 22:33:02,946 - tender_scanner - INFO -   [FORM] Filling form...
2026-07-08 22:33:23,267 - tender_scanner - INFO -   [WAIT] Waiting for ZIP...
2026-07-08 22:33:30,837 - tender_scanner - INFO -   [OK] ZIP received: 1137155 bytes in 55.40s
2026-07-08 22:33:42,528 - tender_scanner - INFO -   [AUTO-INDEX] Démarrage indexation pour 26/2026/INDH/PT...
2026-07-08 22:33:43,002 - tender_scanner - INFO -   [AUTO-INDEX] 26/2026/INDH/PT: 0 chunks créés
2026-07-08 22:33:53,432 - tender_scanner - INFO -   [OK] Supabase tenders_3: 1/1 rows
2026-07-08 22:33:53,599 - tender_scanner - INFO -   [DOWNLOAD] DCE: 48/2026/A/EXP/SRMDO
2026-07-08 22:34:11,396 - tender_scanner - INFO -   [FORM] Filling form...
2026-07-08 22:34:31,713 - tender_scanner - INFO -   [WAIT] Waiting for ZIP...
2026-07-08 22:34:38,809 - tender_scanner - INFO -   [OK] ZIP received: 1168601 bytes in 45.21s
2026-07-08 22:35:06,115 - tender_scanner - INFO -   [OK] Supabase tenders_3: 1/1 rows
2026-07-08 22:35:06,292 - tender_scanner - INFO -   [DOWNLOAD] DCE: 49/2026/O/EXP/SRMDO
2026-07-08 22:35:08,312 - tender_scanner - INFO -   [AUTO-INDEX] Démarrage indexation pour 48/2026/A/EXP/SRMDO...
2026-07-08 22:35:08,794 - tender_scanner - INFO -   [AUTO-INDEX] 48/2026/A/EXP/SRMDO: 0 chunks créés
2026-07-08 22:35:23,759 - tender_scanner - INFO -   [FORM] Filling form...
2026-07-08 22:35:51,593 - tender_scanner - INFO -   [WAIT] Waiting for ZIP...
2026-07-08 22:38:00,219 - tender_scanner - INFO -   [OK] ZIP received: 2835887 bytes in 173.93s
2026-07-08 22:38:26,969 - tender_scanner - INFO -   [OK] Supabase tenders_3: 1/1 rows
2026-07-08 22:38:27,148 - tender_scanner - INFO -   [DOWNLOAD] DCE: 50/2026/O/EXP/SRMDO
2026-07-08 22:38:35,247 - tender_scanner - INFO -   [AUTO-INDEX] Démarrage indexation pour 49/2026/O/EXP/SRMDO...
2026-07-08 22:38:35,602 - tender_scanner - INFO -   [AUTO-INDEX] 49/2026/O/EXP/SRMDO: 0 chunks créés
2026-07-08 22:38:44,701 - tender_scanner - WARNING -   [WARN] Form not found
2026-07-08 22:38:45,268 - tender_scanner - INFO -   [OK] Supabase tenders_3: 1/1 rows
2026-07-08 22:38:45,443 - tender_scanner - INFO -   [DOWNLOAD] DCE: O/043/26
2026-07-08 22:39:02,356 - tender_scanner - INFO -   [FORM] Filling form...
2026-07-08 22:39:22,362 - tender_scanner - INFO -   [WAIT] Waiting for ZIP...
2026-07-08 22:41:17,688 - tender_scanner - INFO -   [OK] ZIP received: 62463416 bytes in 152.25s
2026-07-08 22:41:17,689 - tender_scanner - ERROR -   [ZIP] Fichier trop volumineux (>50MB) pour O/043/26
2026-07-08 22:42:09,858 - tender_scanner - INFO -   [OK] Supabase tenders_3: 1/1 rows
2026-07-08 22:42:10,050 - tender_scanner - INFO -   [DOWNLOAD] DCE: 1/2026/CAY
2026-07-08 22:42:36,189 - tender_scanner - INFO -   [FORM] Filling form...
2026-07-08 22:43:00,661 - tender_scanner - INFO -   [WAIT] Waiting for ZIP...
2026-07-08 22:43:09,445 - tender_scanner - INFO -   [OK] ZIP received: 342768 bytes in 59.40s
2026-07-08 22:43:18,855 - tender_scanner - INFO -   [AUTO-INDEX] Démarrage indexation pour 1/2026/CAY...
2026-07-08 22:43:20,504 - tender_scanner - INFO -   [AUTO-INDEX] 1/2026/CAY: 0 chunks créés
2026-07-08 22:43:31,309 - tender_scanner - INFO -   [OK] Supabase tenders_3: 1/1 rows
2026-07-08 22:43:31,587 - tender_scanner - INFO -   [DOWNLOAD] DCE: 2/2026
2026-07-08 22:43:51,078 - tender_scanner - INFO -   [FORM] Filling form...
2026-07-08 22:44:13,788 - tender_scanner - INFO -   [WAIT] Waiting for ZIP...
2026-07-08 22:44:19,068 - tender_scanner - INFO -   [OK] ZIP received: 303682 bytes in 47.48s
2026-07-08 22:44:27,574 - tender_scanner - INFO -   [AUTO-INDEX] Démarrage indexation pour 2/2026...
2026-07-08 22:44:28,164 - tender_scanner - INFO -   [AUTO-INDEX] 2/2026: 0 chunks créés
2026-07-08 22:44:39,332 - tender_scanner - INFO -   [OK] Supabase tenders_3: 1/1 rows
2026-07-08 22:44:39,495 - tender_scanner - INFO -   [DOWNLOAD] DCE: 10009883
2026-07-08 22:44:57,912 - tender_scanner - INFO -   [FORM] Filling form...
2026-07-08 22:45:17,716 - tender_scanner - INFO -   [WAIT] Waiting for ZIP...
2026-07-08 22:45:32,503 - tender_scanner - INFO -   [OK] ZIP received: 5112647 bytes in 53.01s
2026-07-08 22:47:11,860 - tender_scanner - INFO -   [OK] Supabase tenders_3: 1/1 rows
2026-07-08 22:47:12,131 - tender_scanner - INFO -   [DOWNLOAD] DCE: 10009807
2026-07-08 22:47:30,956 - tender_scanner - INFO -   [FORM] Filling form...
2026-07-08 22:47:50,534 - tender_scanner - INFO -   [WAIT] Waiting for ZIP...
2026-07-08 22:48:01,045 - tender_scanner - INFO -   [OK] ZIP received: 3465740 bytes in 48.91s
2026-07-08 22:49:22,560 - tender_scanner - INFO -   [AUTO-INDEX] Démarrage indexation pour 10009807...
2026-07-08 22:49:22,987 - tender_scanner - INFO -   [AUTO-INDEX] 10009807: 0 chunks créés
2026-07-08 22:49:27,738 - tender_scanner - INFO -   [OK] Supabase tenders_3: 1/1 rows
2026-07-08 22:49:27,987 - tender_scanner - INFO -   [DOWNLOAD] DCE: 02/IEA/AA/2026
2026-07-08 22:49:45,161 - tender_scanner - INFO -   [FORM] Filling form...
2026-07-08 22:50:04,600 - tender_scanner - INFO -   [WAIT] Waiting for ZIP...
2026-07-08 22:50:11,943 - tender_scanner - INFO -   [OK] ZIP received: 2523003 bytes in 43.96s
2026-07-08 22:50:40,400 - tender_scanner - INFO -   [AUTO-INDEX] Démarrage indexation pour 02/IEA/AA/2026...
2026-07-08 22:50:40,858 - tender_scanner - INFO -   [AUTO-INDEX] 02/IEA/AA/2026: 0 chunks créés
2026-07-08 22:51:41,531 - tender_scanner - INFO -   [OK] Supabase tenders_3: 1/1 rows
2026-07-08 22:51:41,661 - tender_scanner - INFO -   [DOWNLOAD] DCE: 25/2026/INDH/PT
2026-07-08 22:51:44,831 - tender_scanner - ERROR -   [ERROR] DCE: Error: Page.goto: net::ERR_ABORTED; maybe frame was detached?
Call log:
navigating to "https://www.marchespublics.gov.ma/?page=entreprise.EntrepriseDetailConsultation&refConsultation=1012651&orgAcronyme=g3h", waiting until "domcontentloaded"

